2011,8,1,0,-1.68286
2011,8,1,1,-3.02446
2011,8,1,2,0.779817
2011,8,1,3,0.587134
2011,8,1,4,0.388317
2011,8,1,5,-0.0620352
2011,8,1,6,-4.42603
2011,8,1,7,-3.30204
2011,8,1,8,1.66206
2011,8,1,9,0.197484
2011,8,1,10,0.913719
2011,8,1,11,0.718854
2011,8,1,12,0.72125
2011,8,1,13,0.790112
2011,8,1,14,0.391737
2011,8,1,15,0.367116
2011,8,1,16,-0.177433
2011,8,1,17,0.725825
2011,8,1,18,0.220371
2011,8,1,19,0.0110942
2011,8,1,20,0.00126673
2011,8,1,21,-0.0682393
2011,8,1,22,-0.183721
2011,8,1,23,-0.161277
2011,8,2,0,-0.189865
2011,8,2,1,-0.721294
2011,8,2,2,0.170584
2011,8,2,3,-0.000398727
2011,8,2,4,-0.00638531
2011,8,2,5,0.154376
2011,8,2,6,-0.422809
2011,8,2,7,-0.00807736
2011,8,2,8,0.247716
2011,8,2,9,0.142839
2011,8,2,10,0.411021
2011,8,2,11,0.171505
2011,8,2,12,0.126277
2011,8,2,13,NaN
2011,8,2,14,NaN
2011,8,2,15,NaN
2011,8,2,16,NaN
2011,8,2,17,NaN
2011,8,2,18,NaN
2011,8,2,19,NaN
2011,8,2,20,NaN
2011,8,2,21,NaN
2011,8,2,22,NaN
2011,8,2,23,NaN
2011,8,3,0,NaN
2011,8,3,1,-0.423792
2011,8,3,2,-0.140045
2011,8,3,3,-0.236426
2011,8,3,4,0.168329
2011,8,3,5,0.474753
2011,8,3,6,0.0368158
2011,8,3,7,-5.48389
2011,8,3,8,-4.53875
2011,8,3,9,-1.44329
2011,8,3,10,-1.16304
2011,8,3,11,-1.66224
2011,8,3,12,-5.88593
2011,8,3,13,-9.07896
2011,8,3,14,NaN
2011,8,3,15,NaN
2011,8,3,16,NaN
2011,8,3,17,NaN
2011,8,3,18,NaN
2011,8,3,19,NaN
2011,8,3,20,-2.27862
2011,8,3,21,-0.783512
2011,8,3,22,-0.53996
2011,8,3,23,-0.706044
2011,8,4,0,-0.029319
2011,8,4,1,-3.90832
2011,8,4,2,-0.847648
2011,8,4,3,0.12742
2011,8,4,4,-0.490495
2011,8,4,5,0.363353
2011,8,4,6,-0.250115
2011,8,4,7,-3.34143
2011,8,4,8,0.596673
2011,8,4,9,1.19808
2011,8,4,10,0.184844
2011,8,4,11,0.165957
2011,8,4,12,0.0079706
2011,8,4,13,0.247862
2011,8,4,14,0.121558
2011,8,4,15,0.005767
2011,8,4,16,0.0141371
2011,8,4,17,0.006768
2011,8,4,18,0.000334027
2011,8,4,19,0.0115145
2011,8,4,20,-0.000693374
2011,8,4,21,-0.0966022
2011,8,4,22,0.621941
2011,8,4,23,-1.53007
2011,8,5,0,-0.183821
2011,8,5,1,-0.36752
2011,8,5,2,0.102853
2011,8,5,3,0.129088
2011,8,5,4,0.882457
2011,8,5,5,1.4481
2011,8,5,6,1.11319
2011,8,5,7,-0.731495
2011,8,5,8,-1.70664
2011,8,5,9,-0.120354
2011,8,5,10,1.04246
2011,8,5,11,NaN
2011,8,5,12,0.3703
2011,8,5,13,-0.115802
2011,8,5,14,-0.03742
2011,8,5,15,NaN
2011,8,5,16,NaN
2011,8,5,17,NaN
2011,8,5,18,NaN
2011,8,5,19,NaN
2011,8,5,20,NaN
2011,8,5,21,NaN
2011,8,5,22,NaN
2011,8,5,23,NaN
2011,8,6,0,NaN
2011,8,6,1,-1.01877
2011,8,6,2,0.539302
2011,8,6,3,0.405485
2011,8,6,4,1.20344
2011,8,6,5,1.17814
2011,8,6,6,0.102021
2011,8,6,7,-2.2735
2011,8,6,8,-1.43206
2011,8,6,9,1.25418
2011,8,6,10,1.24954
2011,8,6,11,1.24594
2011,8,6,12,1.6515
2011,8,6,13,1.05543
2011,8,6,14,0.340406
2011,8,6,15,1.21037
2011,8,6,16,0.776329
2011,8,6,17,0.94827
2011,8,6,18,0.185763
2011,8,6,19,0.581843
2011,8,6,20,-0.0730313
2011,8,6,21,-0.0673545
2011,8,6,22,0.473442
2011,8,6,23,3.36602
2011,8,7,0,6.67887
2011,8,7,1,-0.629628
2011,8,7,2,0.497972
2011,8,7,3,0.3506
2011,8,7,4,0.549915
2011,8,7,5,0.776187
2011,8,7,6,0.497378
2011,8,7,7,-0.758083
2011,8,7,8,1.59417
2011,8,7,9,1.44934
2011,8,7,10,1.22561
2011,8,7,11,-0.0501343
2011,8,7,12,0.0118043
2011,8,7,13,0.16936
2011,8,7,14,0.557783
2011,8,7,15,0.46824
2011,8,7,16,0.535818
2011,8,7,17,0.140318
2011,8,7,18,-0.203224
2011,8,7,19,-0.18683
2011,8,7,20,-0.296949
2011,8,7,21,0.00615265
2011,8,7,22,-0.0747523
2011,8,7,23,-0.0747298
2011,8,8,0,-0.0145055
2011,8,8,1,-0.0539971
2011,8,8,2,0.00814232
2011,8,8,3,0.00501033
2011,8,8,4,-0.00156635
2011,8,8,5,-0.00199134
2011,8,8,6,-0.0428385
2011,8,8,7,-0.0654693
2011,8,8,8,-0.0725158
2011,8,8,9,0.00328431
2011,8,8,10,0.0221728
2011,8,8,11,0.00049436
2011,8,8,12,0.0836637
2011,8,8,13,0.340446
2011,8,8,14,0.268037
2011,8,8,15,-0.0220379
2011,8,8,16,0.184154
2011,8,8,17,0.470974
2011,8,8,18,0.334575
2011,8,8,19,-0.162293
2011,8,8,20,-0.505886
2011,8,8,21,-0.533342
2011,8,8,22,-0.110223
2011,8,8,23,-0.69155
2011,8,9,0,-0.102653
2011,8,9,1,-1.40738
2011,8,9,2,0.445489
2011,8,9,3,0.240014
2011,8,9,4,-0.158282
2011,8,9,5,-0.287268
2011,8,9,6,-0.336842
2011,8,9,7,0.153547
2011,8,9,8,0.740863
2011,8,9,9,0.63365
2011,8,9,10,1.33023
2011,8,9,11,0.530782
2011,8,9,12,0.745935
2011,8,9,13,0.507025
2011,8,9,14,0.340718
2011,8,9,15,0.108041
2011,8,9,16,0.275396
2011,8,9,17,4.25349
2011,8,9,18,2.95856
2011,8,9,19,0.127312
2011,8,9,20,0.123466
2011,8,9,21,0.0116842
2011,8,9,22,0.00333033
2011,8,9,23,0.00976372
2011,8,10,0,-0.0330805
2011,8,10,1,-0.149453
2011,8,10,2,0.0130018
2011,8,10,3,-0.0226925
2011,8,10,4,-0.137935
2011,8,10,5,-0.174118
2011,8,10,6,-0.119007
2011,8,10,7,0.312419
2011,8,10,8,0.701418
2011,8,10,9,0.389157
2011,8,10,10,-0.0598858
2011,8,10,11,NaN
2011,8,10,12,NaN
2011,8,10,13,NaN
2011,8,10,14,NaN
2011,8,10,15,NaN
2011,8,10,16,NaN
2011,8,10,17,NaN
2011,8,10,18,NaN
2011,8,10,19,NaN
2011,8,10,20,NaN
2011,8,10,21,NaN
2011,8,10,22,NaN
2011,8,10,23,NaN
2011,8,11,0,NaN
2011,8,11,1,-0.0211519
2011,8,11,2,0.00280374
2011,8,11,3,-0.0131434
2011,8,11,4,0.00143904
2011,8,11,5,0.00187158
2011,8,11,6,-0.0188086
2011,8,11,7,0.00768704
2011,8,11,8,0.0240785
2011,8,11,9,0.0203801
2011,8,11,10,0.00426075
2011,8,11,11,0.00196036
2011,8,11,12,0.00160942
2011,8,11,13,0.0336231
2011,8,11,14,0.0311122
2011,8,11,15,0.0183396
2011,8,11,16,-0.00466473
2011,8,11,17,0.03179
2011,8,11,18,0.011518
2011,8,11,19,0.0838194
2011,8,11,20,0.0545394
2011,8,11,21,-0.136431
2011,8,11,22,-0.0578852
2011,8,11,23,-0.055716
2011,8,12,0,-0.175587
2011,8,12,1,-2.0943
2011,8,12,2,0.165047
2011,8,12,3,0.773822
2011,8,12,4,0.649208
2011,8,12,5,0.525524
2011,8,12,6,-0.17562
2011,8,12,7,-2.28244
2011,8,12,8,1.23863
2011,8,12,9,0.852729
2011,8,12,10,0.340979
2011,8,12,11,0.0992903
2011,8,12,12,0.21962
2011,8,12,13,0.0596981
2011,8,12,14,0.286527
2011,8,12,15,0.470766
2011,8,12,16,0.5193
2011,8,12,17,0.29599
2011,8,12,18,0.40462
2011,8,12,19,0.518524
2011,8,12,20,2.32135
2011,8,12,21,8.87681
2011,8,12,22,NaN
2011,8,12,23,NaN
2011,8,13,0,NaN
2011,8,13,1,-1.63877
2011,8,13,2,1.3157
2011,8,13,3,1.42715
2011,8,13,4,0.922649
2011,8,13,5,0.0736159
2011,8,13,6,-0.437306
2011,8,13,7,-2.17313
2011,8,13,8,1.89644
2011,8,13,9,1.7625
2011,8,13,10,0.446554
2011,8,13,11,0.225303
2011,8,13,12,0.409339
2011,8,13,13,0.883422
2011,8,13,14,0.286893
2011,8,13,15,0.540483
2011,8,13,16,NaN
2011,8,13,17,NaN
2011,8,13,18,NaN
2011,8,13,19,NaN
2011,8,13,20,NaN
2011,8,13,21,NaN
2011,8,13,22,NaN
2011,8,13,23,NaN
2011,8,14,0,NaN
2011,8,14,1,-3.53347
2011,8,14,2,1.36139
2011,8,14,3,0.277427
2011,8,14,4,-0.170155
2011,8,14,5,-0.281845
2011,8,14,6,-0.63261
2011,8,14,7,-0.505708
2011,8,14,8,-0.000377917
2011,8,14,9,-0.0173928
2011,8,14,10,-0.00304977
2011,8,14,11,0.0920028
2011,8,14,12,0.191622
2011,8,14,13,-0.00284935
2011,8,14,14,-0.0425392
2011,8,14,15,-0.0138708
2011,8,14,16,0.0674592
2011,8,14,17,0.0641119
2011,8,14,18,0.113296
2011,8,14,19,-0.15524
2011,8,14,20,-0.0304362
2011,8,14,21,-0.220483
2011,8,14,22,-0.40048
2011,8,14,23,-0.0368317
2011,8,15,0,-0.0590949
2011,8,15,1,-0.191291
2011,8,15,2,-0.00876689
2011,8,15,3,0.00869194
2011,8,15,4,0.0601506
2011,8,15,5,0.0392227
2011,8,15,6,-0.00870139
2011,8,15,7,-0.00571083
2011,8,15,8,0.00520037
2011,8,15,9,-0.00117719
2011,8,15,10,-0.00656737
2011,8,15,11,0.0123405
2011,8,15,12,0.0134084
2011,8,15,13,0.00365844
2011,8,15,14,0.0339377
2011,8,15,15,0.00345449
2011,8,15,16,0.0181196
2011,8,15,17,1.80E-05
2011,8,15,18,0.0490537
2011,8,15,19,0.0335292
2011,8,15,20,-0.0485124
2011,8,15,21,-0.00771626
2011,8,15,22,-0.00975617
2011,8,15,23,0.0150369
2011,8,16,0,-0.00596649
2011,8,16,1,-0.0283609
2011,8,16,2,-0.0214121
2011,8,16,3,-0.00457595
2011,8,16,4,0.0417259
2011,8,16,5,0.0856729
2011,8,16,6,-0.00095077
2011,8,16,7,-0.0191338
2011,8,16,8,-0.335567
2011,8,16,9,-0.00623109
2011,8,16,10,NaN
2011,8,16,11,NaN
2011,8,16,12,NaN
2011,8,16,13,NaN
2011,8,16,14,NaN
2011,8,16,15,NaN
2011,8,16,16,NaN
2011,8,16,17,NaN
2011,8,16,18,NaN
2011,8,16,19,NaN
2011,8,16,20,NaN
2011,8,16,21,NaN
2011,8,16,22,NaN
2011,8,16,23,NaN
2011,8,17,0,NaN
2011,8,17,1,-0.0500789
2011,8,17,2,0.00836759
2011,8,17,3,-0.00053359
2011,8,17,4,3.38E-06
2011,8,17,5,0.0298058
2011,8,17,6,0.00226741
2011,8,17,7,-0.133023
2011,8,17,8,0.0127076
2011,8,17,9,0.152251
2011,8,17,10,0.253329
2011,8,17,11,0.0859653
2011,8,17,12,0.0767
2011,8,17,13,0.10023
2011,8,17,14,-0.000157726
2011,8,17,15,0.0218425
2011,8,17,16,0.00558518
2011,8,17,17,0.0295621
2011,8,17,18,0.0259017
2011,8,17,19,0.000347187
2011,8,17,20,-0.137499
2011,8,17,21,-0.368318
2011,8,17,22,-0.284136
2011,8,17,23,-0.0249833
2011,8,18,0,-0.0372521
2011,8,18,1,-0.206847
2011,8,18,2,-0.104165
2011,8,18,3,0.00380459
2011,8,18,4,-0.0424798
2011,8,18,5,-0.138546
2011,8,18,6,-0.0784624
2011,8,18,7,-0.751606
2011,8,18,8,0.0627689
2011,8,18,9,0.942014
2011,8,18,10,1.09568
2011,8,18,11,0.193
2011,8,18,12,0.0513792
2011,8,18,13,0.0680555
2011,8,18,14,0.0193217
2011,8,18,15,0.0738763
2011,8,18,16,-0.0273524
2011,8,18,17,-0.0542004
2011,8,18,18,0.0788458
2011,8,18,19,0.00735162
2011,8,18,20,0.000316182
2011,8,18,21,-0.0276652
2011,8,18,22,-0.0765383
2011,8,18,23,-0.0556877
2011,8,19,0,-0.16293
2011,8,19,1,-0.82455
2011,8,19,2,-0.0148822
2011,8,19,3,0.0312257
2011,8,19,4,0.00663492
2011,8,19,5,-0.0699753
2011,8,19,6,-0.0960634
2011,8,19,7,0.0123017
2011,8,19,8,0.33088
2011,8,19,9,0.194043
2011,8,19,10,0.00162992
2011,8,19,11,0.0587882
2011,8,19,12,0.100188
2011,8,19,13,0.0587353
2011,8,19,14,0.0641595
2011,8,19,15,0.0447024
2011,8,19,16,-0.113892
2011,8,19,17,0.192903
2011,8,19,18,-0.0995923
2011,8,19,19,-0.0111003
2011,8,19,20,0.0217109
2011,8,19,21,-0.0239028
2011,8,19,22,-0.056097
2011,8,19,23,-0.0483828
2011,8,20,0,-0.0277605
2011,8,20,1,-0.136279
2011,8,20,2,0.0449746
2011,8,20,3,0.0194616
2011,8,20,4,0.00212902
2011,8,20,5,-0.0698615
2011,8,20,6,-0.0847632
2011,8,20,7,0.0648348
2011,8,20,8,0.554859
2011,8,20,9,0.231936
2011,8,20,10,0.0644654
2011,8,20,11,0.0374076
2011,8,20,12,0.0485607
2011,8,20,13,0.0331834
2011,8,20,14,0.029325
2011,8,20,15,0.0134334
2011,8,20,16,-0.0611187
2011,8,20,17,0.0387168
2011,8,20,18,0.00539603
2011,8,20,19,0.000225056
2011,8,20,20,-0.00453237
2011,8,20,21,-0.00668327
2011,8,20,22,-0.00719465
2011,8,20,23,-0.0109601
2011,8,21,0,-0.00424879
2011,8,21,1,-0.0949671
2011,8,21,2,-9.08E-05
2011,8,21,3,-0.00117143
2011,8,21,4,-0.0113575
2011,8,21,5,-0.0239763
2011,8,21,6,0.0228567
2011,8,21,7,0.0992934
2011,8,21,8,0.0363308
2011,8,21,9,0.0355387
2011,8,21,10,0.132006
2011,8,21,11,0.0222699
2011,8,21,12,0.0583063
2011,8,21,13,0.0990801
2011,8,21,14,0.175459
2011,8,21,15,0.0260601
2011,8,21,16,-0.0611919
2011,8,21,17,0.333219
2011,8,21,18,0.404904
2011,8,21,19,0.0263861
2011,8,21,20,-0.00234274
2011,8,21,21,0.0138353
2011,8,21,22,-0.0535633
2011,8,21,23,-0.00542577
2011,8,22,0,-0.00117868
2011,8,22,1,-0.143212
2011,8,22,2,0.0297903
2011,8,22,3,0.0108906
2011,8,22,4,0.0112785
2011,8,22,5,0.00962828
2011,8,22,6,-0.116949
2011,8,22,7,0.017224
2011,8,22,8,0.385544
2011,8,22,9,0.140888
2011,8,22,10,0.0265573
2011,8,22,11,0.000964118
2011,8,22,12,0.0109514
2011,8,22,13,0.000810535
2011,8,22,14,0.00928555
2011,8,22,15,-0.0044326
2011,8,22,16,-0.0704279
2011,8,22,17,0.00489595
2011,8,22,18,0.102055
2011,8,22,19,0.0087505
2011,8,22,20,0.000798579
2011,8,22,21,0.00937581
2011,8,22,22,0.00044224
2011,8,22,23,0.00186819
2011,8,23,0,-0.0337844
2011,8,23,1,-0.0150825
2011,8,23,2,0.00118109
2011,8,23,3,0.00166808
2011,8,23,4,4.83E-05
2011,8,23,5,-0.0146737
2011,8,23,6,-0.0206929
2011,8,23,7,-0.0144255
2011,8,23,8,0.00572208
2011,8,23,9,NaN
2011,8,23,10,NaN
2011,8,23,11,-0.00355849
2011,8,23,12,-0.00239998
2011,8,23,13,0.000824707
2011,8,23,14,0.00325443
2011,8,23,15,0.000979917
2011,8,23,16,-0.0390171
2011,8,23,17,-0.105656
2011,8,23,18,-0.0109426
2011,8,23,19,0.00876194
2011,8,23,20,-0.022516
2011,8,23,21,-0.0110729
2011,8,23,22,0.0129582
2011,8,23,23,-0.269177
2011,8,24,0,-0.148515
2011,8,24,1,-0.581929
2011,8,24,2,-0.0907686
2011,8,24,3,0.0369741
2011,8,24,4,0.00315768
2011,8,24,5,-0.0177762
2011,8,24,6,0.0389289
2011,8,24,7,0.184322
2011,8,24,8,0.578213
2011,8,24,9,0.68824
2011,8,24,10,0.661063
2011,8,24,11,0.281414
2011,8,24,12,0.299314
2011,8,24,13,0.193967
2011,8,24,14,0.209054
2011,8,24,15,0.129988
2011,8,24,16,-0.34642
2011,8,24,17,0.200258
2011,8,24,18,0.0141144
2011,8,24,19,0.014295
2011,8,24,20,0.0198337
2011,8,24,21,-0.0248747
2011,8,24,22,-0.0747894
2011,8,24,23,0.0327163
2011,8,25,0,-0.00704894
2011,8,25,1,-0.117801
2011,8,25,2,-0.0101674
2011,8,25,3,-0.00605115
2011,8,25,4,-0.0344565
2011,8,25,5,-0.0310303
2011,8,25,6,-0.00541054
2011,8,25,7,-0.139461
2011,8,25,8,0.312356
2011,8,25,9,0.278159
2011,8,25,10,0.45515
2011,8,25,11,0.221999
2011,8,25,12,0.0694687
2011,8,25,13,NaN
2011,8,25,14,NaN
2011,8,25,15,NaN
2011,8,25,16,NaN
2011,8,25,17,NaN
2011,8,25,18,NaN
2011,8,25,19,NaN
2011,8,25,20,NaN
2011,8,25,21,NaN
2011,8,25,22,NaN
2011,8,25,23,NaN
2011,8,26,0,NaN
2011,8,26,1,-0.452548
2011,8,26,2,0.0240795
2011,8,26,3,0.0509216
2011,8,26,4,0.082147
2011,8,26,5,0.123728
2011,8,26,6,-0.354598
2011,8,26,7,0.127129
2011,8,26,8,1.02077
2011,8,26,9,1.47247
2011,8,26,10,0.441888
2011,8,26,11,0.213024
2011,8,26,12,0.128439
2011,8,26,13,0.300305
2011,8,26,14,0.18128
2011,8,26,15,0.264028
2011,8,26,16,0.197135
2011,8,26,17,0.597421
2011,8,26,18,6.35963
2011,8,26,19,1.74863
2011,8,26,20,0.510625
2011,8,26,21,NaN
2011,8,26,22,NaN
2011,8,26,23,NaN
2011,8,27,0,NaN
2011,8,27,1,-0.501323
2011,8,27,2,-0.0271979
2011,8,27,3,0.047233
2011,8,27,4,0.18483
2011,8,27,5,-0.0979188
2011,8,27,6,-0.0726593
2011,8,27,7,-1.0667
2011,8,27,8,0.0502612
2011,8,27,9,0.450005
2011,8,27,10,0.39594
2011,8,27,11,1.24958
2011,8,27,12,0.646881
2011,8,27,13,0.686995
2011,8,27,14,0.461787
2011,8,27,15,3.33685
2011,8,27,16,5.41266
2011,8,27,17,1.7499
2011,8,27,18,-0.424427
2011,8,27,19,-6.75321
2011,8,27,20,-1.52964
2011,8,27,21,-0.201904
2011,8,27,22,-0.145025
2011,8,27,23,-0.116073
2011,8,28,0,-0.032056
2011,8,28,1,-0.372146
2011,8,28,2,0.00283492
2011,8,28,3,0.0168132
2011,8,28,4,0.00174055
2011,8,28,5,-0.00494665
2011,8,28,6,-0.0428312
2011,8,28,7,-0.210518
2011,8,28,8,-0.00656738
2011,8,28,9,0.532063
2011,8,28,10,0.24173
2011,8,28,11,0.239234
2011,8,28,12,0.234478
2011,8,28,13,0.0974642
2011,8,28,14,0.0242426
2011,8,28,15,0.0346507
2011,8,28,16,0.0575421
2011,8,28,17,-0.493177
2011,8,28,18,-0.183973
2011,8,28,19,-0.183993
2011,8,28,20,-0.0943009
2011,8,28,21,-0.154651
2011,8,28,22,-0.110775
2011,8,28,23,-0.273844
2011,8,29,0,-0.423452
2011,8,29,1,-1.92665
2011,8,29,2,-0.232163
2011,8,29,3,0.127496
2011,8,29,4,0.0909864
2011,8,29,5,-0.0417957
2011,8,29,6,-0.0837428
2011,8,29,7,-0.464053
2011,8,29,8,-0.126322
2011,8,29,9,0.0085106
2011,8,29,10,0.0667498
2011,8,29,11,0.254143
2011,8,29,12,0.195667
2011,8,29,13,0.128247
2011,8,29,14,0.0577443
2011,8,29,15,0.0754235
2011,8,29,16,-0.0795449
2011,8,29,17,0.194911
2011,8,29,18,0.353043
2011,8,29,19,-0.14759
2011,8,29,20,0.163179
2011,8,29,21,-0.193885
2011,8,29,22,1.17364
2011,8,29,23,3.55858
2011,8,30,0,-4.68215
2011,8,30,1,-4.28296
2011,8,30,2,0.240592
2011,8,30,3,0.0593282
2011,8,30,4,0.356723
2011,8,30,5,0.475707
2011,8,30,6,0.430199
2011,8,30,7,NaN
2011,8,30,8,NaN
2011,8,30,9,NaN
2011,8,30,10,NaN
2011,8,30,11,NaN
2011,8,30,12,NaN
2011,8,30,13,NaN
2011,8,30,14,NaN
2011,8,30,15,NaN
2011,8,30,16,NaN
2011,8,30,17,NaN
2011,8,30,18,NaN
2011,8,30,19,NaN
2011,8,30,20,NaN
2011,8,30,21,NaN
2011,8,30,22,NaN
2011,8,30,23,NaN
2011,8,31,0,NaN
2011,8,31,1,-6.88364
2011,8,31,2,-0.615519
2011,8,31,3,0.0362309
2011,8,31,4,-0.0653735
2011,8,31,5,0.124415
2011,8,31,6,-1.02452
2011,8,31,7,-5.55475
2011,8,31,8,1.21421
2011,8,31,9,3.48544
2011,8,31,10,2.98289
2011,8,31,11,3.01012
2011,8,31,12,4.92045
2011,8,31,13,7.75041
2011,8,31,14,15.4472
2011,8,31,15,7.46817
2011,8,31,16,NaN
2011,8,31,17,NaN
2011,8,31,18,NaN
2011,8,31,19,NaN
2011,8,31,20,NaN
2011,8,31,21,NaN
2011,8,31,22,NaN
2011,8,31,23,NaN
2011,9,1,0,NaN
2011,9,1,1,-0.250662
2011,9,1,2,0.0231885
2011,9,1,3,-0.0238761
2011,9,1,4,0.00811419
2011,9,1,5,-0.00865358
2011,9,1,6,-0.141574
2011,9,1,7,0.132489
2011,9,1,8,0.717516
2011,9,1,9,0.50541
2011,9,1,10,0.435707
2011,9,1,11,0.147368
2011,9,1,12,0.0486753
2011,9,1,13,0.0127797
2011,9,1,14,0.00617225
2011,9,1,15,0.0205582
2011,9,1,16,0.0542508
2011,9,1,17,-0.137396
2011,9,1,18,NaN
2011,9,1,19,NaN
2011,9,1,20,NaN
2011,9,1,21,NaN
2011,9,1,22,NaN
2011,9,1,23,NaN
2011,9,2,0,NaN
2011,9,2,1,NaN
2011,9,2,2,NaN
2011,9,2,3,NaN
2011,9,2,4,NaN
2011,9,2,5,NaN
2011,9,2,6,NaN
2011,9,2,7,NaN
2011,9,2,8,NaN
2011,9,2,9,NaN
2011,9,2,10,NaN
2011,9,2,11,NaN
2011,9,2,12,NaN
2011,9,2,13,NaN
2011,9,2,14,NaN
2011,9,2,15,NaN
2011,9,2,16,NaN
2011,9,2,17,NaN
2011,9,2,18,NaN
2011,9,2,19,NaN
2011,9,2,20,NaN
2011,9,2,21,NaN
2011,9,2,22,NaN
2011,9,2,23,NaN
2011,9,3,0,NaN
2011,9,3,1,NaN
2011,9,3,2,NaN
2011,9,3,3,NaN
2011,9,3,4,NaN
2011,9,3,5,NaN
2011,9,3,6,NaN
2011,9,3,7,NaN
2011,9,3,8,NaN
2011,9,3,9,NaN
2011,9,3,10,NaN
2011,9,3,11,NaN
2011,9,3,12,NaN
2011,9,3,13,NaN
2011,9,3,14,NaN
2011,9,3,15,NaN
2011,9,3,16,NaN
2011,9,3,17,NaN
2011,9,3,18,NaN
2011,9,3,19,-0.00656068
2011,9,3,20,0.000284755
2011,9,3,21,0.00689858
2011,9,3,22,0.00569196
2011,9,3,23,-0.0103665
2011,9,4,0,-0.00173878
2011,9,4,1,-0.0159412
2011,9,4,2,0.00117527
2011,9,4,3,-0.0273983
2011,9,4,4,-0.083073
2011,9,4,5,0.0351899
2011,9,4,6,0.020237
2011,9,4,7,0.00050804
2011,9,4,8,0.0400144
2011,9,4,9,0.0779682
2011,9,4,10,0.0109432
2011,9,4,11,0.0118518
2011,9,4,12,0.127898
2011,9,4,13,0.0374322
2011,9,4,14,0.0176754
2011,9,4,15,0.000319961
2011,9,4,16,-0.0340808
2011,9,4,17,0.0237168
2011,9,4,18,0.0415717
2011,9,4,19,0.000214778
2011,9,4,20,0.000171872
2011,9,4,21,0.00140906
2011,9,4,22,0.0298708
2011,9,4,23,0.00447364
2011,9,5,0,1.75E-05
2011,9,5,1,-0.023057
2011,9,5,2,-0.0071369
2011,9,5,3,-0.100953
2011,9,5,4,-0.0109912
2011,9,5,5,-0.0157952
2011,9,5,6,-0.00494119
2011,9,5,7,-0.273887
2011,9,5,8,0.509813
2011,9,5,9,0.195139
2011,9,5,10,0.119814
2011,9,5,11,0.154355
2011,9,5,12,0.145719
2011,9,5,13,0.0995436
2011,9,5,14,0.0556839
2011,9,5,15,0.00882732
2011,9,5,16,-0.0223763
2011,9,5,17,-0.0323569
2011,9,5,18,-0.0149702
2011,9,5,19,0.000659124
2011,9,5,20,0.00501896
2011,9,5,21,0.0023754
2011,9,5,22,0.00242494
2011,9,5,23,0.00409856
2011,9,6,0,-0.00259382
2011,9,6,1,-0.0248022
2011,9,6,2,0.00195662
2011,9,6,3,0.00473774
2011,9,6,4,0.00149868
2011,9,6,5,-1.75E-05
2011,9,6,6,-0.0110082
2011,9,6,7,0.0628714
2011,9,6,8,0.0274559
2011,9,6,9,0.0853419
2011,9,6,10,0.032525
2011,9,6,11,0.00803771
2011,9,6,12,0.0731607
2011,9,6,13,0.116139
2011,9,6,14,0.0580214
2011,9,6,15,8.13E-05
2011,9,6,16,-0.0136982
2011,9,6,17,-0.00554828
2011,9,6,18,0.0744441
2011,9,6,19,0.248094
2011,9,6,20,-0.0657404
2011,9,6,21,0.00756541
2011,9,6,22,-0.0190625
2011,9,6,23,0.0911972
2011,9,7,0,-0.0725356
2011,9,7,1,-0.5915
2011,9,7,2,0.246269
2011,9,7,3,0.0794429
2011,9,7,4,0.214633
2011,9,7,5,0.519542
2011,9,7,6,0.216965
2011,9,7,7,0.996784
2011,9,7,8,2.11707
2011,9,7,9,2.19704
2011,9,7,10,1.10611
2011,9,7,11,3.58468
2011,9,7,12,1.53029
2011,9,7,13,0.194047
2011,9,7,14,0.430311
2011,9,7,15,1.30608
2011,9,7,16,-0.00312876
2011,9,7,17,-0.689467
2011,9,7,18,0.0191215
2011,9,7,19,0.0880413
2011,9,7,20,0.111495
2011,9,7,21,0.183597
2011,9,7,22,0.139751
2011,9,7,23,-0.158293
2011,9,8,0,-0.361648
2011,9,8,1,-0.704704
2011,9,8,2,-0.240117
2011,9,8,3,-0.202804
2011,9,8,4,-0.086812
2011,9,8,5,-0.154629
2011,9,8,6,-0.163925
2011,9,8,7,-0.126663
2011,9,8,8,0.083176
2011,9,8,9,0.184224
2011,9,8,10,0.141342
2011,9,8,11,0.143927
2011,9,8,12,0.0766615
2011,9,8,13,0.0737044
2011,9,8,14,0.0395468
2011,9,8,15,0.0381812
2011,9,8,16,0.0801322
2011,9,8,17,-0.0230983
2011,9,8,18,0.00951639
2011,9,8,19,0.0159471
2011,9,8,20,0.000616254
2011,9,8,21,1.10E-07
2011,9,8,22,-1.25E-05
2011,9,8,23,-0.00010895
2011,9,9,0,0.0065357
2011,9,9,1,0.01474
2011,9,9,2,-0.000837134
2011,9,9,3,-0.0208955
2011,9,9,4,-0.0232873
2011,9,9,5,0.0097727
2011,9,9,6,-0.0823042
2011,9,9,7,-0.253772
2011,9,9,8,NaN
2011,9,9,9,NaN
2011,9,9,10,NaN
2011,9,9,11,NaN
2011,9,9,12,NaN
2011,9,9,13,NaN
2011,9,9,14,NaN
2011,9,9,15,NaN
2011,9,9,16,0.593493
2011,9,9,17,0.105437
2011,9,9,18,0.0465962
2011,9,9,19,0.0014624
2011,9,9,20,8.43E-05
2011,9,9,21,0.00144993
2011,9,9,22,-0.0414017
2011,9,9,23,0.0218124
2011,9,10,0,0.112021
2011,9,10,1,0.0311752
2011,9,10,2,0.00122616
2011,9,10,3,-0.0863176
2011,9,10,4,-0.00126026
2011,9,10,5,-0.015078
2011,9,10,6,0.043153
2011,9,10,7,0.278891
2011,9,10,8,0.362408
2011,9,10,9,0.229966
2011,9,10,10,0.182058
2011,9,10,11,0.151472
2011,9,10,12,0.271614
2011,9,10,13,0.254353
2011,9,10,14,0.12273
2011,9,10,15,0.119827
2011,9,10,16,-0.0392503
2011,9,10,17,0.0628982
2011,9,10,18,0.200758
2011,9,10,19,0.0660318
2011,9,10,20,0.0470022
2011,9,10,21,-0.363025
2011,9,10,22,0.449271
2011,9,10,23,0.0698612
2011,9,11,0,-0.176473
2011,9,11,1,-1.31633
2011,9,11,2,0.166553
2011,9,11,3,0.259212
2011,9,11,4,-0.05565
2011,9,11,5,0.164334
2011,9,11,6,0.524145
2011,9,11,7,-0.476988
2011,9,11,8,0.557083
2011,9,11,9,0.24132
2011,9,11,10,1.45315
2011,9,11,11,0.743511
2011,9,11,12,0.242054
2011,9,11,13,0.213322
2011,9,11,14,0.427724
2011,9,11,15,0.24458
2011,9,11,16,-0.00460917
2011,9,11,17,0.0113061
2011,9,11,18,0.00376893
2011,9,11,19,-0.000189685
2011,9,11,20,0.0115598
2011,9,11,21,-0.22253
2011,9,11,22,0.128175
2011,9,11,23,-0.00372919
2011,9,12,0,-0.464512
2011,9,12,1,-0.575751
2011,9,12,2,0.00982366
2011,9,12,3,0.0709543
2011,9,12,4,0.110904
2011,9,12,5,-0.0643113
2011,9,12,6,-0.0746444
2011,9,12,7,0.852993
2011,9,12,8,1.27754
2011,9,12,9,1.48924
2011,9,12,10,0.67291
2011,9,12,11,0.927899
2011,9,12,12,0.705403
2011,9,12,13,0.828941
2011,9,12,14,0.161918
2011,9,12,15,-0.650808
2011,9,12,16,-0.689867
2011,9,12,17,0.527344
2011,9,12,18,0.0290798
2011,9,12,19,-0.494353
2011,9,12,20,-0.99553
2011,9,12,21,1.07601
2011,9,12,22,1.02104
2011,9,12,23,1.15184
2011,9,13,0,0.531933
2011,9,13,1,-1.23856
2011,9,13,2,0.541402
2011,9,13,3,0.263954
2011,9,13,4,0.0599064
2011,9,13,5,0.67474
2011,9,13,6,1.15138
2011,9,13,7,0.919889
2011,9,13,8,3.01299
2011,9,13,9,2.98001
2011,9,13,10,3.63694
2011,9,13,11,2.26078
2011,9,13,12,1.48777
2011,9,13,13,1.28671
2011,9,13,14,1.39142
2011,9,13,15,0.446172
2011,9,13,16,0.658493
2011,9,13,17,0.250623
2011,9,13,18,0.450904
2011,9,13,19,0.406458
2011,9,13,20,0.890197
2011,9,13,21,0.926056
2011,9,13,22,6.44756
2011,9,13,23,1.39782
2011,9,14,0,-4.3321
2011,9,14,1,-1.32554
2011,9,14,2,0.434623
2011,9,14,3,0.28927
2011,9,14,4,0.0440645
2011,9,14,5,0.0604413
2011,9,14,6,0.573346
2011,9,14,7,-0.0417839
2011,9,14,8,-0.227706
2011,9,14,9,0.366332
2011,9,14,10,0.097441
2011,9,14,11,0.0947962
2011,9,14,12,0.224991
2011,9,14,13,0.336647
2011,9,14,14,0.321119
2011,9,14,15,0.593805
2011,9,14,16,4.64567
2011,9,14,17,2.76468
2011,9,14,18,1.87792
2011,9,14,19,NaN
2011,9,14,20,NaN
2011,9,14,21,NaN
2011,9,14,22,NaN
2011,9,14,23,NaN
2011,9,15,0,NaN
2011,9,15,1,-1.90579
2011,9,15,2,-0.190774
2011,9,15,3,-0.119686
2011,9,15,4,-0.0682863
2011,9,15,5,0.129042
2011,9,15,6,0.270616
2011,9,15,7,-0.269106
2011,9,15,8,-0.245293
2011,9,15,9,0.0424922
2011,9,15,10,0.0454786
2011,9,15,11,0.228414
2011,9,15,12,0.0962683
2011,9,15,13,0.488897
2011,9,15,14,0.175695
2011,9,15,15,0.079103
2011,9,15,16,0.214114
2011,9,15,17,0.29164
2011,9,15,18,-0.0718802
2011,9,15,19,-0.280001
2011,9,15,20,-0.00390936
2011,9,15,21,0.144778
2011,9,15,22,-0.0489737
2011,9,15,23,0.0139288
2011,9,16,0,-0.142263
2011,9,16,1,-0.457869
2011,9,16,2,-0.146254
2011,9,16,3,0.0654115
2011,9,16,4,-0.104091
2011,9,16,5,0.0206738
2011,9,16,6,0.00781392
2011,9,16,7,-0.0366595
2011,9,16,8,-0.191796
2011,9,16,9,-0.0823919
2011,9,16,10,0.528921
2011,9,16,11,0.0575947
2011,9,16,12,0.151322
2011,9,16,13,0.471158
2011,9,16,14,0.291951
2011,9,16,15,0.274737
2011,9,16,16,0.0275232
2011,9,16,17,0.00561535
2011,9,16,18,0.148854
2011,9,16,19,0.00139761
2011,9,16,20,0.00118882
2011,9,16,21,0.0109839
2011,9,16,22,0.0048729
2011,9,16,23,0.00318372
2011,9,17,0,0.00405852
2011,9,17,1,0.462257
2011,9,17,2,0.466528
2011,9,17,3,-0.104058
2011,9,17,4,-0.0688675
2011,9,17,5,0.0615566
2011,9,17,6,0.0195502
2011,9,17,7,-0.187149
2011,9,17,8,0.0751726
2011,9,17,9,0.577033
2011,9,17,10,0.652926
2011,9,17,11,0.42795
2011,9,17,12,0.583822
2011,9,17,13,0.437129
2011,9,17,14,0.0345683
2011,9,17,15,0.0461224
2011,9,17,16,0.177605
2011,9,17,17,0.118234
2011,9,17,18,0.139729
2011,9,17,19,-0.0131429
2011,9,17,20,0.00213262
2011,9,17,21,0.015764
2011,9,17,22,0.0322816
2011,9,17,23,0.00222695
2011,9,18,0,-0.0476949
2011,9,18,1,-0.223037
2011,9,18,2,0.0680236
2011,9,18,3,-0.159152
2011,9,18,4,-0.0644809
2011,9,18,5,-0.0190346
2011,9,18,6,-0.154573
2011,9,18,7,-0.226782
2011,9,18,8,-0.0749051
2011,9,18,9,0.350968
2011,9,18,10,0.305212
2011,9,18,11,0.0946268
2011,9,18,12,0.339858
2011,9,18,13,0.477262
2011,9,18,14,0.262867
2011,9,18,15,0.0326189
2011,9,18,16,0.0265736
2011,9,18,17,-0.225656
2011,9,18,18,0.048874
2011,9,18,19,0.00082291
2011,9,18,20,0.000486417
2011,9,18,21,0.000308318
2011,9,18,22,0.00697844
2011,9,18,23,0.000346413
2011,9,19,0,0.0498674
2011,9,19,1,0.00207642
2011,9,19,2,-0.000562567
2011,9,19,3,-0.00216359
2011,9,19,4,-0.00155597
2011,9,19,5,-0.00211629
2011,9,19,6,-0.0244192
2011,9,19,7,-0.0212241
2011,9,19,8,-0.0671852
2011,9,19,9,0.0489749
2011,9,19,10,0.0306572
2011,9,19,11,0.0474005
2011,9,19,12,0.410751
2011,9,19,13,0.190959
2011,9,19,14,0.0579961
2011,9,19,15,0.0158274
2011,9,19,16,0.0918889
2011,9,19,17,2.62642
2011,9,19,18,0.131019
2011,9,19,19,0.00445649
2011,9,19,20,0.151328
2011,9,19,21,0.127155
2011,9,19,22,0.246771
2011,9,19,23,0.100542
2011,9,20,0,0.0309362
2011,9,20,1,-0.0154495
2011,9,20,2,0.00234557
2011,9,20,3,-0.0490412
2011,9,20,4,-0.0280228
2011,9,20,5,-0.00697391
2011,9,20,6,0.00127161
2011,9,20,7,-0.0858574
2011,9,20,8,0.0470023
2011,9,20,9,0.120309
2011,9,20,10,0.0271373
2011,9,20,11,0.0308355
2011,9,20,12,0.0882232
2011,9,20,13,0.056972
2011,9,20,14,0.0322148
2011,9,20,15,0.0112093
2011,9,20,16,-0.0131972
2011,9,20,17,-0.0124969
2011,9,20,18,0.00965692
2011,9,20,19,0.000240228
2011,9,20,20,0.0493312
2011,9,20,21,0.0452429
2011,9,20,22,0.082743
2011,9,20,23,0.0678447
2011,9,21,0,0.0172183
2011,9,21,1,-0.00906789
2011,9,21,2,-0.00735973
2011,9,21,3,-0.0520181
2011,9,21,4,-0.00311019
2011,9,21,5,-0.00382171
2011,9,21,6,-0.00446911
2011,9,21,7,-0.12936
2011,9,21,8,0.206354
2011,9,21,9,0.022738
2011,9,21,10,0.0332279
2011,9,21,11,0.092513
2011,9,21,12,0.16056
2011,9,21,13,0.159214
2011,9,21,14,0.0509782
2011,9,21,15,0.00671144
2011,9,21,16,-0.0341405
2011,9,21,17,0.0610893
2011,9,21,18,0.954641
2011,9,21,19,0.0352646
2011,9,21,20,0.155484
2011,9,21,21,0.191942
2011,9,21,22,0.0494474
2011,9,21,23,-0.00806514
2011,9,22,0,-0.00118008
2011,9,22,1,-0.185799
2011,9,22,2,0.0571386
2011,9,22,3,-0.0927164
2011,9,22,4,-8.58E-06
2011,9,22,5,0.126476
2011,9,22,6,-0.119494
2011,9,22,7,0.147542
2011,9,22,8,0.180759
2011,9,22,9,0.0889613
2011,9,22,10,0.0631651
2011,9,22,11,0.128475
2011,9,22,12,0.183445
2011,9,22,13,0.171762
2011,9,22,14,0.13174
2011,9,22,15,0.0575545
2011,9,22,16,-0.134502
2011,9,22,17,-0.0110717
2011,9,22,18,0.0776414
2011,9,22,19,0.00714522
2011,9,22,20,0.0129906
2011,9,22,21,0.00365762
2011,9,22,22,0.0159024
2011,9,22,23,0.0182374
2011,9,23,0,0.0247872
2011,9,23,1,0.0121572
2011,9,23,2,0.257627
2011,9,23,3,0.00898112
2011,9,23,4,-0.080693
2011,9,23,5,0.0308191
2011,9,23,6,0.0114774
2011,9,23,7,0.213339
2011,9,23,8,0.0110179
2011,9,23,9,0.112823
2011,9,23,10,0.125202
2011,9,23,11,0.0774281
2011,9,23,12,0.118591
2011,9,23,13,0.249054
2011,9,23,14,0.312296
2011,9,23,15,0.20903
2011,9,23,16,-0.0592836
2011,9,23,17,0.034197
2011,9,23,18,0.00304048
2011,9,23,19,0.539656
2011,9,23,20,0.156554
2011,9,23,21,0.338015
2011,9,23,22,-0.133018
2011,9,23,23,0.163879
2011,9,24,0,0.300475
2011,9,24,1,-0.189716
2011,9,24,2,0.318058
2011,9,24,3,0.365228
2011,9,24,4,0.413296
2011,9,24,5,0.200394
2011,9,24,6,0.380382
2011,9,24,7,0.86464
2011,9,24,8,0.860583
2011,9,24,9,1.13964
2011,9,24,10,0.48503
2011,9,24,11,0.934608
2011,9,24,12,1.32139
2011,9,24,13,1.54101
2011,9,24,14,1.4866
2011,9,24,15,1.27289
2011,9,24,16,2.38812
2011,9,24,17,1.31777
2011,9,24,18,0.0720947
2011,9,24,19,0.00140762
2011,9,24,20,0.0182666
2011,9,24,21,0.288638
2011,9,24,22,0.761192
2011,9,24,23,0.00691278
2011,9,25,0,0.0545448
2011,9,25,1,-1.00618
2011,9,25,2,0.29252
2011,9,25,3,0.0428349
2011,9,25,4,0.287559
2011,9,25,5,0.0487021
2011,9,25,6,0.15616
2011,9,25,7,1.12002
2011,9,25,8,0.753958
2011,9,25,9,0.026934
2011,9,25,10,0.0366193
2011,9,25,11,0.0330266
2011,9,25,12,0.0510955
2011,9,25,13,0.011482
2011,9,25,14,0.0278731
2011,9,25,15,0.0747559
2011,9,25,16,0.0255603
2011,9,25,17,0.0794628
2011,9,25,18,0.000815846
2011,9,25,19,0.0287454
2011,9,25,20,0.00575175
2011,9,25,21,-0.000808731
2011,9,25,22,0.019056
2011,9,25,23,-0.000780181
2011,9,26,0,-0.070589
2011,9,26,1,-0.0364243
2011,9,26,2,0.118264
2011,9,26,3,-0.0147347
2011,9,26,4,-0.0574039
2011,9,26,5,-0.00445401
2011,9,26,6,0.0396056
2011,9,26,7,0.0579645
2011,9,26,8,0.276232
2011,9,26,9,0.786124
2011,9,26,10,1.17369
2011,9,26,11,1.50217
2011,9,26,12,2.49607
2011,9,26,13,2.33609
2011,9,26,14,8.55914
2011,9,26,15,NaN
2011,9,26,16,NaN
2011,9,26,17,NaN
2011,9,26,18,NaN
2011,9,26,19,NaN
2011,9,26,20,NaN
2011,9,26,21,NaN
2011,9,26,22,NaN
2011,9,26,23,NaN
2011,9,27,0,NaN
2011,9,27,1,0.386122
2011,9,27,2,1.40182
2011,9,27,3,1.1751
2011,9,27,4,2.09393
2011,9,27,5,0.994866
2011,9,27,6,0.636935
2011,9,27,7,2.10142
2011,9,27,8,2.66315
2011,9,27,9,2.11666
2011,9,27,10,1.51123
2011,9,27,11,5.67021
2011,9,27,12,8.55786
2011,9,27,13,NaN
2011,9,27,14,NaN
2011,9,27,15,NaN
2011,9,27,16,NaN
2011,9,27,17,NaN
2011,9,27,18,NaN
2011,9,27,19,NaN
2011,9,27,20,NaN
2011,9,27,21,NaN
2011,9,27,22,NaN
2011,9,27,23,NaN
2011,9,28,0,NaN
2011,9,28,1,-0.342998
2011,9,28,2,1.27712
2011,9,28,3,1.26898
2011,9,28,4,1.58854
2011,9,28,5,1.34128
2011,9,28,6,1.05558
2011,9,28,7,1.08743
2011,9,28,8,0.252592
2011,9,28,9,0.228383
2011,9,28,10,0.56448
2011,9,28,11,1.14353
2011,9,28,12,1.50956
2011,9,28,13,0.98002
2011,9,28,14,0.981084
2011,9,28,15,0.858541
2011,9,28,16,0.5742
2011,9,28,17,0.275363
2011,9,28,18,-0.14733
2011,9,28,19,0.466006
2011,9,28,20,1.51732
2011,9,28,21,3.85973
2011,9,28,22,2.67956
2011,9,28,23,0.646348
2011,9,29,0,0.57806
2011,9,29,1,-0.0791609
2011,9,29,2,0.143992
2011,9,29,3,-0.161299
2011,9,29,4,-0.0970022
2011,9,29,5,-0.124822
2011,9,29,6,-0.074047
2011,9,29,7,0.0681459
2011,9,29,8,0.0170648
2011,9,29,9,-0.0244433
2011,9,29,10,0.0139889
2011,9,29,11,0.0568721
2011,9,29,12,0.0610926
2011,9,29,13,0.0353263
2011,9,29,14,0.0271501
2011,9,29,15,0.0450806
2011,9,29,16,0.0820278
2011,9,29,17,0.256317
2011,9,29,18,0.232205
2011,9,29,19,-0.326503
2011,9,29,20,0.156634
2011,9,29,21,0.235912
2011,9,29,22,0.330008
2011,9,29,23,0.32203
2011,9,30,0,-0.000737315
2011,9,30,1,-0.0816079
2011,9,30,2,-0.000528028
2011,9,30,3,-0.0432573
2011,9,30,4,-0.0390769
2011,9,30,5,-0.191701
2011,9,30,6,0.162076
2011,9,30,7,-0.235053
2011,9,30,8,-0.00243365
2011,9,30,9,0.299181
2011,9,30,10,0.0516505
2011,9,30,11,0.223568
2011,9,30,12,0.0991083
2011,9,30,13,0.090187
2011,9,30,14,0.0604421
2011,9,30,15,0.0214337
2011,9,30,16,0.0097074
2011,9,30,17,0.0448608
2011,9,30,18,0.0318166
2011,9,30,19,-0.399741
2011,9,30,20,-1.61301
2011,9,30,21,0.221855
2011,9,30,22,-0.618539
2011,9,30,23,0.17851
2011,10,1,0,-1.36506
2011,10,1,1,-3.11682
2011,10,1,2,0.322043
2011,10,1,3,-0.994652
2011,10,1,4,-0.332951
2011,10,1,5,0.138041
2011,10,1,6,-0.318735
2011,10,1,7,-1.08051
2011,10,1,8,0.0292398
2011,10,1,9,-1.61492
2011,10,1,10,1.57348
2011,10,1,11,2.69093
2011,10,1,12,1.70892
2011,10,1,13,0.507042
2011,10,1,14,0.7154
2011,10,1,15,0.658156
2011,10,1,16,0.187114
2011,10,1,17,0.40062
2011,10,1,18,0.0782101
2011,10,1,19,0.0200482
2011,10,1,20,0.193319
2011,10,1,21,0.403465
2011,10,1,22,0.132316
2011,10,1,23,0.164857
2011,10,2,0,0.0210565
2011,10,2,1,-0.0455688
2011,10,2,2,0.11194
2011,10,2,3,0.0227283
2011,10,2,4,-0.0474033
2011,10,2,5,0.006083
2011,10,2,6,-0.0167853
2011,10,2,7,-0.253103
2011,10,2,8,-0.0698397
2011,10,2,9,-0.160888
2011,10,2,10,-0.0568645
2011,10,2,11,0.169759
2011,10,2,12,0.420662
2011,10,2,13,0.666982
2011,10,2,14,0.28016
2011,10,2,15,0.100367
2011,10,2,16,-0.0016544
2011,10,2,17,0.164159
2011,10,2,18,0.0254877
2011,10,2,19,0.0165381
2011,10,2,20,0.00973873
2011,10,2,21,0.199338
2011,10,2,22,0.105557
2011,10,2,23,0.10932
2011,10,3,0,-0.0165227
2011,10,3,1,0.0193961
2011,10,3,2,0.0875739
2011,10,3,3,0.0875459
2011,10,3,4,-0.0340213
2011,10,3,5,-0.0412877
2011,10,3,6,-0.0231306
2011,10,3,7,-0.0248242
2011,10,3,8,-0.151412
2011,10,3,9,-0.0683285
2011,10,3,10,0.015869
2011,10,3,11,0.205084
2011,10,3,12,0.314203
2011,10,3,13,0.331349
2011,10,3,14,0.365629
2011,10,3,15,0.10441
2011,10,3,16,-0.00705299
2011,10,3,17,-0.105626
2011,10,3,18,0.0270087
2011,10,3,19,0.00556478
2011,10,3,20,0.0232922
2011,10,3,21,0.598036
2011,10,3,22,0.299132
2011,10,3,23,0.200174
2011,10,4,0,-0.00346407
2011,10,4,1,0.150164
2011,10,4,2,0.198591
2011,10,4,3,0.0380798
2011,10,4,4,0.076227
2011,10,4,5,0.0079156
2011,10,4,6,0.130559
2011,10,4,7,0.27005
2011,10,4,8,-0.0367803
2011,10,4,9,-0.0118263
2011,10,4,10,0.207125
2011,10,4,11,0.448305
2011,10,4,12,0.526815
2011,10,4,13,0.751034
2011,10,4,14,0.596369
2011,10,4,15,0.109436
2011,10,4,16,0.155315
2011,10,4,17,0.130765
2011,10,4,18,0.0252784
2011,10,4,19,0.104382
2011,10,4,20,0.195593
2011,10,4,21,0.516141
2011,10,4,22,0.428486
2011,10,4,23,0.161885
2011,10,5,0,0.104877
2011,10,5,1,-0.0396967
2011,10,5,2,0.316506
2011,10,5,3,-0.0909877
2011,10,5,4,0.0496402
2011,10,5,5,0.338607
2011,10,5,6,0.187016
2011,10,5,7,0.860353
2011,10,5,8,2.37898
2011,10,5,9,1.45646
2011,10,5,10,0.926245
2011,10,5,11,1.03076
2011,10,5,12,1.96868
2011,10,5,13,1.54645
2011,10,5,14,1.265
2011,10,5,15,1.14549
2011,10,5,16,1.61567
2011,10,5,17,3.33311
2011,10,5,18,8.33032
2011,10,5,19,16.8005
2011,10,5,20,5.35895
2011,10,5,21,3.32137
2011,10,5,22,2.0972
2011,10,5,23,0.447394
2011,10,6,0,-4.68694
2011,10,6,1,-2.39178
2011,10,6,2,0.153777
2011,10,6,3,-0.181892
2011,10,6,4,0.105959
2011,10,6,5,-0.0726825
2011,10,6,6,-0.0318392
2011,10,6,7,0.173436
2011,10,6,8,0.0525802
2011,10,6,9,0.244033
2011,10,6,10,0.254477
2011,10,6,11,0.125185
2011,10,6,12,0.231494
2011,10,6,13,0.301515
2011,10,6,14,0.325394
2011,10,6,15,0.24216
2011,10,6,16,0.185411
2011,10,6,17,0.0820589
2011,10,6,18,-0.000132408
2011,10,6,19,0.00603237
2011,10,6,20,0.0057368
2011,10,6,21,0.110143
2011,10,6,22,0.196364
2011,10,6,23,0.180922
2011,10,7,0,0.265602
2011,10,7,1,0.00923189
2011,10,7,2,0.0263006
2011,10,7,3,0.00116854
2011,10,7,4,-0.0102254
2011,10,7,5,0.0325789
2011,10,7,6,0.0126666
2011,10,7,7,0.0358017
2011,10,7,8,0.284452
2011,10,7,9,0.312031
2011,10,7,10,0.123507
2011,10,7,11,0.0133024
2011,10,7,12,0.0707903
2011,10,7,13,0.00625796
2011,10,7,14,0.0274109
2011,10,7,15,0.0168742
2011,10,7,16,0.00750827
2011,10,7,17,0.000393103
2011,10,7,18,0.0139848
2011,10,7,19,0.0210967
2011,10,7,20,0.0328762
2011,10,7,21,0.210527
2011,10,7,22,0.168757
2011,10,7,23,0.0659268
2011,10,8,0,0.0198927
2011,10,8,1,0.165851
2011,10,8,2,0.280759
2011,10,8,3,0.0882028
2011,10,8,4,0.335176
2011,10,8,5,0.378542
2011,10,8,6,1.08521
2011,10,8,7,1.06172
2011,10,8,8,1.2625
2011,10,8,9,2.20918
2011,10,8,10,2.66984
2011,10,8,11,2.02874
2011,10,8,12,2.63757
2011,10,8,13,4.296
2011,10,8,14,10.5787
2011,10,8,15,7.72111
2011,10,8,16,-1.97056
2011,10,8,17,-4.84627
2011,10,8,18,0.701144
2011,10,8,19,2.4111
2011,10,8,20,4.95421
2011,10,8,21,17.5194
2011,10,8,22,7.6983
2011,10,8,23,-4.79159
2011,10,9,0,-1.15239
2011,10,9,1,1.23184
2011,10,9,2,3.62878
2011,10,9,3,1.74627
2011,10,9,4,0.402215
2011,10,9,5,0.0803675
2011,10,9,6,0.0423167
2011,10,9,7,0.58874
2011,10,9,8,1.08639
2011,10,9,9,0.786368
2011,10,9,10,0.532575
2011,10,9,11,0.83828
2011,10,9,12,0.402268
2011,10,9,13,0.42293
2011,10,9,14,0.268376
2011,10,9,15,0.328358
2011,10,9,16,0.57054
2011,10,9,17,0.24668
2011,10,9,18,0.0105022
2011,10,9,19,-0.00294341
2011,10,9,20,0.00309854
2011,10,9,21,0.00171552
2011,10,9,22,0.00368336
2011,10,9,23,0.00327109
2011,10,10,0,0.00374197
2011,10,10,1,-0.0502321
2011,10,10,2,0.00931521
2011,10,10,3,0.0247078
2011,10,10,4,0.0182174
2011,10,10,5,0.0690761
2011,10,10,6,0.018829
2011,10,10,7,-0.124662
2011,10,10,8,-0.0903939
2011,10,10,9,-0.0313671
2011,10,10,10,0.147735
2011,10,10,11,0.209135
2011,10,10,12,0.434257
2011,10,10,13,0.449822
2011,10,10,14,0.148583
2011,10,10,15,0.0733258
2011,10,10,16,-0.0194273
2011,10,10,17,-0.0118589
2011,10,10,18,0.000241344
2011,10,10,19,0.0648847
2011,10,10,20,0.251139
2011,10,10,21,0.376919
2011,10,10,22,0.0800759
2011,10,10,23,0.379127
2011,10,11,0,0.231078
2011,10,11,1,-0.0893667
2011,10,11,2,0.15083
2011,10,11,3,-0.00784333
2011,10,11,4,-0.147682
2011,10,11,5,-0.0288996
2011,10,11,6,0.0787643
2011,10,11,7,0.25878
2011,10,11,8,0.551494
2011,10,11,9,0.501986
2011,10,11,10,0.865445
2011,10,11,11,1.22256
2011,10,11,12,1.40946
2011,10,11,13,1.5677
2011,10,11,14,1.12266
2011,10,11,15,0.375401
2011,10,11,16,0.152262
2011,10,11,17,0.0496161
2011,10,11,18,0.00773399
2011,10,11,19,0.181138
2011,10,11,20,0.472181
2011,10,11,21,0.0510693
2011,10,11,22,0.0302352
2011,10,11,23,0.0566716
2011,10,12,0,0.0276008
2011,10,12,1,0.0213496
2011,10,12,2,0.0227817
2011,10,12,3,-0.00873284
2011,10,12,4,-0.000125971
2011,10,12,5,0.00248868
2011,10,12,6,0.0158842
2011,10,12,7,0.12908
2011,10,12,8,0.201279
2011,10,12,9,0.0497887
2011,10,12,10,0.119267
2011,10,12,11,0.0117227
2011,10,12,12,0.155722
2011,10,12,13,0.0864924
2011,10,12,14,0.183713
2011,10,12,15,0.226383
2011,10,12,16,0.316972
2011,10,12,17,0.0712945
2011,10,12,18,0.102925
2011,10,12,19,0.363418
2011,10,12,20,0.415676
2011,10,12,21,0.219633
2011,10,12,22,0.227546
2011,10,12,23,1.51602
2011,10,13,0,3.24319
2011,10,13,1,1.12264
2011,10,13,2,0.872682
2011,10,13,3,0.888264
2011,10,13,4,0.672612
2011,10,13,5,0.538158
2011,10,13,6,1.02125
2011,10,13,7,1.69684
2011,10,13,8,2.06069
2011,10,13,9,1.7989
2011,10,13,10,5.42023
2011,10,13,11,6.81773
2011,10,13,12,-1.89143
2011,10,13,13,-0.216476
2011,10,13,14,1.66502
2011,10,13,15,1.7557
2011,10,13,16,4.08085
2011,10,13,17,0.297228
2011,10,13,18,-0.246728
2011,10,13,19,0.891679
2011,10,13,20,7.67161
2011,10,13,21,3.37992
2011,10,13,22,0.458245
2011,10,13,23,0.247635
2011,10,14,0,0.429209
2011,10,14,1,-0.179266
2011,10,14,2,-0.0386382
2011,10,14,3,-0.0949252
2011,10,14,4,0.0252119
2011,10,14,5,0.128605
2011,10,14,6,0.108386
2011,10,14,7,0.0252272
2011,10,14,8,-1.09422
2011,10,14,9,-0.199329
2011,10,14,10,3.85665
2011,10,14,11,2.77579
2011,10,14,12,0.936254
2011,10,14,13,0.752525
2011,10,14,14,0.623535
2011,10,14,15,0.562691
2011,10,14,16,0.732308
2011,10,14,17,0.67236
2011,10,14,18,0.0735582
2011,10,14,19,0.0687708
2011,10,14,20,0.0332942
2011,10,14,21,0.0778779
2011,10,14,22,0.0341915
2011,10,14,23,0.204804
2011,10,15,0,0.159314
2011,10,15,1,0.240813
2011,10,15,2,0.322894
2011,10,15,3,-0.0514668
2011,10,15,4,0.0291062
2011,10,15,5,-0.0535773
2011,10,15,6,0.0272687
2011,10,15,7,0.0352307
2011,10,15,8,-0.0373409
2011,10,15,9,1.16779
2011,10,15,10,1.47478
2011,10,15,11,1.94317
2011,10,15,12,1.60739
2011,10,15,13,1.7121
2011,10,15,14,0.514708
2011,10,15,15,0.465025
2011,10,15,16,0.215741
2011,10,15,17,-0.998544
2011,10,15,18,-0.548043
2011,10,15,19,0.0340045
2011,10,15,20,0.0344284
2011,10,15,21,0.540845
2011,10,15,22,-0.221043
2011,10,15,23,0.208268
2011,10,16,0,-0.251118
2011,10,16,1,-1.65211
2011,10,16,2,-0.187598
2011,10,16,3,-0.560323
2011,10,16,4,-0.52227
2011,10,16,5,0.600943
2011,10,16,6,0.872206
2011,10,16,7,0.50748
2011,10,16,8,0.060964
2011,10,16,9,0.39931
2011,10,16,10,1.33821
2011,10,16,11,1.39504
2011,10,16,12,0.620496
2011,10,16,13,2.91542
2011,10,16,14,2.07262
2011,10,16,15,0.678511
2011,10,16,16,4.46011
2011,10,16,17,8.46458
2011,10,16,18,7.87502
2011,10,16,19,5.55044
2011,10,16,20,3.84092
2011,10,16,21,3.70579
2011,10,16,22,1.45621
2011,10,16,23,0.532302
2011,10,17,0,0.16618
2011,10,17,1,-0.0176584
2011,10,17,2,0.895568
2011,10,17,3,0.304918
2011,10,17,4,0.247333
2011,10,17,5,0.201364
2011,10,17,6,0.103011
2011,10,17,7,0.498728
2011,10,17,8,0.0410731
2011,10,17,9,0.0439713
2011,10,17,10,-0.0615821
2011,10,17,11,-0.357115
2011,10,17,12,0.425353
2011,10,17,13,0.522852
2011,10,17,14,0.246016
2011,10,17,15,0.226792
2011,10,17,16,0.138541
2011,10,17,17,0.802381
2011,10,17,18,0.0686236
2011,10,17,19,0.0142779
2011,10,17,20,0.0493576
2011,10,17,21,0.300933
2011,10,17,22,0.360387
2011,10,17,23,0.146897
2011,10,18,0,0.0935473
2011,10,18,1,-0.360212
2011,10,18,2,0.124342
2011,10,18,3,0.0665091
2011,10,18,4,0.0958222
2011,10,18,5,-0.0172973
2011,10,18,6,-0.0161808
2011,10,18,7,-0.0187069
2011,10,18,8,0.0795873
2011,10,18,9,0.079316
2011,10,18,10,-0.122402
2011,10,18,11,-0.00370566
2011,10,18,12,0.18176
2011,10,18,13,0.567136
2011,10,18,14,0.619524
2011,10,18,15,0.186878
2011,10,18,16,0.055933
2011,10,18,17,0.0681374
2011,10,18,18,-0.00134624
2011,10,18,19,0.0958598
2011,10,18,20,0.147442
2011,10,18,21,0.198915
2011,10,18,22,0.244247
2011,10,18,23,0.244842
2011,10,19,0,0.118303
2011,10,19,1,-0.0434553
2011,10,19,2,0.236241
2011,10,19,3,0.40912
2011,10,19,4,0.718615
2011,10,19,5,1.61459
2011,10,19,6,0.616156
2011,10,19,7,0.173126
2011,10,19,8,0.56252
2011,10,19,9,1.25483
2011,10,19,10,0.678863
2011,10,19,11,0.622355
2011,10,19,12,1.04365
2011,10,19,13,2.01467
2011,10,19,14,2.90561
2011,10,19,15,14.0751
2011,10,19,16,12.1246
2011,10,19,17,5.55199
2011,10,19,18,-5.40562
2011,10,19,19,-2.25452
2011,10,19,20,4.7611
2011,10,19,21,5.61366
2011,10,19,22,9.39244
2011,10,19,23,15.5728
2011,10,20,0,5.25613
2011,10,20,1,-3.11904
2011,10,20,2,1.85834
2011,10,20,3,1.94858
2011,10,20,4,3.60379
2011,10,20,5,3.11857
2011,10,20,6,4.45535
2011,10,20,7,0.181964
2011,10,20,8,2.12313
2011,10,20,9,3.94393
2011,10,20,10,7.34942
2011,10,20,11,26.2466
2011,10,20,12,1.04897
2011,10,20,13,-1.75435
2011,10,20,14,3.51292
2011,10,20,15,2.72042
2011,10,20,16,2.37508
2011,10,20,17,4.30342
2011,10,20,18,10.006
2011,10,20,19,6.42161
2011,10,20,20,4.17908
2011,10,20,21,3.21925
2011,10,20,22,0.269525
2011,10,20,23,-5.33226
2011,10,21,0,-0.969653
2011,10,21,1,1.32319
2011,10,21,2,2.15046
2011,10,21,3,1.24591
2011,10,21,4,1.43087
2011,10,21,5,1.30496
2011,10,21,6,1.14524
2011,10,21,7,2.26249
2011,10,21,8,4.07823
2011,10,21,9,13.8746
2011,10,21,10,1.56629
2011,10,21,11,-0.222955
2011,10,21,12,0.642976
2011,10,21,13,0.405942
2011,10,21,14,0.384784
2011,10,21,15,0.3693
2011,10,21,16,2.34803
2011,10,21,17,7.38693
2011,10,21,18,5.31311
2011,10,21,19,2.88434
2011,10,21,20,-1.2494
2011,10,21,21,-1.08729
2011,10,21,22,-0.231474
2011,10,21,23,-0.127697
2011,10,22,0,-0.1104
2011,10,22,1,-0.0992103
2011,10,22,2,0.113927
2011,10,22,3,0.0105321
2011,10,22,4,0.0896126
2011,10,22,5,0.754163
2011,10,22,6,0.505413
2011,10,22,7,0.153627
2011,10,22,8,0.191608
2011,10,22,9,0.325351
2011,10,22,10,0.953087
2011,10,22,11,-0.00169821
2011,10,22,12,-0.128063
2011,10,22,13,-0.0706226
2011,10,22,14,0.0330856
2011,10,22,15,0.0549569
2011,10,22,16,0.0166186
2011,10,22,17,0.235533
2011,10,22,18,0.191259
2011,10,22,19,0.263742
2011,10,22,20,-0.0257513
2011,10,22,21,-0.0151667
2011,10,22,22,-1.16201
2011,10,22,23,7.19E-05
2011,10,23,0,0.762973
2011,10,23,1,0.312945
2011,10,23,2,0.273292
2011,10,23,3,7.35457
2011,10,23,4,3.67047
2011,10,23,5,2.49839
2011,10,23,6,0.932475
2011,10,23,7,-0.00330127
2011,10,23,8,-0.0359502
2011,10,23,9,0.06603
2011,10,23,10,-0.125344
2011,10,23,11,-0.669659
2011,10,23,12,-0.198573
2011,10,23,13,-1.19015
2011,10,23,14,0.632845
2011,10,23,15,0.440561
2011,10,23,16,0.404546
2011,10,23,17,1.187
2011,10,23,18,0.15362
2011,10,23,19,0.219522
2011,10,23,20,0.10835
2011,10,23,21,-0.174346
2011,10,23,22,0.191231
2011,10,23,23,0.0923431
2011,10,24,0,0.230755
2011,10,24,1,-0.112939
2011,10,24,2,0.0710521
2011,10,24,3,0.0973672
2011,10,24,4,-0.0632558
2011,10,24,5,0.0242733
2011,10,24,6,0.0378017
2011,10,24,7,-0.418003
2011,10,24,8,-0.0536636
2011,10,24,9,0.177832
2011,10,24,10,0.175412
2011,10,24,11,0.45215
2011,10,24,12,0.719712
2011,10,24,13,0.303905
2011,10,24,14,1.00059
2011,10,24,15,0.335231
2011,10,24,16,0.587321
2011,10,24,17,0.128068
2011,10,24,18,0.047304
2011,10,24,19,0.0926767
2011,10,24,20,0.115766
2011,10,24,21,0.034677
2011,10,24,22,-0.0127835
2011,10,24,23,0.121013
2011,10,25,0,-5.58E-05
2011,10,25,1,-0.142269
2011,10,25,2,-0.0354186
2011,10,25,3,0.0753935
2011,10,25,4,0.00507594
2011,10,25,5,-0.0113552
2011,10,25,6,-0.0946593
2011,10,25,7,-0.014679
2011,10,25,8,0.0688637
2011,10,25,9,0.811523
2011,10,25,10,0.246273
2011,10,25,11,0.216588
2011,10,25,12,0.124209
2011,10,25,13,0.495581
2011,10,25,14,0.652676
2011,10,25,15,0.219063
2011,10,25,16,-0.163835
2011,10,25,17,0.0395507
2011,10,25,18,-0.000240318
2011,10,25,19,0.232499
2011,10,25,20,0.849922
2011,10,25,21,0.557438
2011,10,25,22,0.4533
2011,10,25,23,0.171593
2011,10,26,0,-0.0186164
2011,10,26,1,-0.016947
2011,10,26,2,0.0331569
2011,10,26,3,-0.0361259
2011,10,26,4,-0.0503239
2011,10,26,5,0.0464243
2011,10,26,6,-0.00296448
2011,10,26,7,0.00611996
2011,10,26,8,0.180591
2011,10,26,9,0.0188002
2011,10,26,10,0.23963
2011,10,26,11,0.0294081
2011,10,26,12,0.00540368
2011,10,26,13,0.0108205
2011,10,26,14,0.0365828
2011,10,26,15,0.019035
2011,10,26,16,0.380961
2011,10,26,17,0.186354
2011,10,26,18,0.0903224
2011,10,26,19,0.107325
2011,10,26,20,0.176242
2011,10,26,21,0.546767
2011,10,26,22,0.161545
2011,10,26,23,0.349491
2011,10,27,0,0.462103
2011,10,27,1,0.73868
2011,10,27,2,0.746453
2011,10,27,3,0.310108
2011,10,27,4,0.592339
2011,10,27,5,0.387483
2011,10,27,6,0.340524
2011,10,27,7,1.00711
2011,10,27,8,1.07706
2011,10,27,9,1.37991
2011,10,27,10,0.442898
2011,10,27,11,1.24604
2011,10,27,12,1.16335
2011,10,27,13,1.60571
2011,10,27,14,0.62162
2011,10,27,15,0.52411
2011,10,27,16,0.574604
2011,10,27,17,-0.0698347
2011,10,27,18,0.0203156
2011,10,27,19,0.00121187
2011,10,27,20,0.0804807
2011,10,27,21,0.05349
2011,10,27,22,0.192676
2011,10,27,23,0.397586
2011,10,28,0,-0.0187314
2011,10,28,1,-0.0631875
2011,10,28,2,0.0407566
2011,10,28,3,0.0819626
2011,10,28,4,-0.00156686
2011,10,28,5,0.0235971
2011,10,28,6,-0.0442731
2011,10,28,7,-0.0495271
2011,10,28,8,-0.0618876
2011,10,28,9,0.772843
2011,10,28,10,1.03027
2011,10,28,11,0.2819
2011,10,28,12,0.229521
2011,10,28,13,0.164377
2011,10,28,14,0.102519
2011,10,28,15,0.0274099
2011,10,28,16,0.0723857
2011,10,28,17,-0.00539515
2011,10,28,18,0.000853028
2011,10,28,19,0.111363
2011,10,28,20,0.382859
2011,10,28,21,0.206148
2011,10,28,22,0.139418
2011,10,28,23,0.160611
2011,10,29,0,0.0461098
2011,10,29,1,0.1239
2011,10,29,2,0.494174
2011,10,29,3,0.157752
2011,10,29,4,0.0223857
2011,10,29,5,0.0287915
2011,10,29,6,0.118893
2011,10,29,7,0.137383
2011,10,29,8,0.543723
2011,10,29,9,0.876475
2011,10,29,10,0.276484
2011,10,29,11,0.301112
2011,10,29,12,0.36415
2011,10,29,13,0.412501
2011,10,29,14,0.571417
2011,10,29,15,3.32195
2011,10,29,16,4.7609
2011,10,29,17,1.42101
2011,10,29,18,0.721601
2011,10,29,19,-0.82567
2011,10,29,20,-1.00514
2011,10,29,21,-0.0820218
2011,10,29,22,0.291416
2011,10,29,23,1.16988
2011,10,30,0,3.58827
2011,10,30,1,3.36
2011,10,30,2,1.04063
2011,10,30,3,0.725086
2011,10,30,4,0.56075
2011,10,30,5,0.454501
2011,10,30,6,0.83249
2011,10,30,7,0.396651
2011,10,30,8,1.98651
2011,10,30,9,4.29437
2011,10,30,10,21.5617
2011,10,30,11,32.068
2011,10,30,12,0.742466
2011,10,30,13,1.58342
2011,10,30,14,1.74101
2011,10,30,15,1.1238
2011,10,30,16,1.5103
2011,10,30,17,5.65193
2011,10,30,18,3.10311
2011,10,30,19,3.7372
2011,10,30,20,3.04017
2011,10,30,21,1.17909
2011,10,30,22,1.40201
2011,10,30,23,0.016557
2011,10,31,0,-1.71175
2011,10,31,1,-0.541854
2011,10,31,2,0.205175
2011,10,31,3,0.32421
2011,10,31,4,0.436975
2011,10,31,5,0.969139
2011,10,31,6,1.20661
2011,10,31,7,1.78127
2011,10,31,8,5.76705
2011,10,31,9,1.00306
2011,10,31,10,0.245927
2011,10,31,11,0.916128
2011,10,31,12,3.08937
2011,10,31,13,4.14999
2011,10,31,14,2.90317
2011,10,31,15,1.91234
2011,10,31,16,1.69481
2011,10,31,17,2.11698
2011,10,31,18,9.91424
2011,10,31,19,5.84005
2011,10,31,20,3.4164
2011,10,31,21,4.38914
2011,10,31,22,-7.20153
2011,10,31,23,-11.233
2011,11,1,0,-4.94661
2011,11,1,1,-1.52306
2011,11,1,2,0.887028
2011,11,1,3,0.0372374
2011,11,1,4,0.783915
2011,11,1,5,15.3799
2011,11,1,6,14.2746
2011,11,1,7,1.34092
2011,11,1,8,6.40794
2011,11,1,9,7.18573
2011,11,1,10,4.41698
2011,11,1,11,5.92855
2011,11,1,12,6.41821
2011,11,1,13,-1.55132
2011,11,1,14,-11.5473
2011,11,1,15,-3.42009
2011,11,1,16,-0.641203
2011,11,1,17,-0.68635
2011,11,1,18,-0.544031
2011,11,1,19,-0.569398
2011,11,1,20,-0.715402
2011,11,1,21,-0.191513
2011,11,1,22,-0.203734
2011,11,1,23,-0.17573
2011,11,2,0,0.0598871
2011,11,2,1,-0.0195976
2011,11,2,2,0.0531487
2011,11,2,3,1.56385
2011,11,2,4,4.35241
2011,11,2,5,2.08371
2011,11,2,6,0.288131
2011,11,2,7,0.0199068
2011,11,2,8,0.395707
2011,11,2,9,0.476642
2011,11,2,10,0.250968
2011,11,2,11,0.11804
2011,11,2,12,0.126804
2011,11,2,13,0.0786942
2011,11,2,14,0.0595117
2011,11,2,15,-0.00510711
2011,11,2,16,0.00115153
2011,11,2,17,0.00225576
2011,11,2,18,0.0364128
2011,11,2,19,0.0801391
2011,11,2,20,0.231994
2011,11,2,21,0.114095
2011,11,2,22,0.0765274
2011,11,2,23,0.0926812
2011,11,3,0,0.0283248
2011,11,3,1,0.0855467
2011,11,3,2,0.131668
2011,11,3,3,-0.011444
2011,11,3,4,0.0741566
2011,11,3,5,0.0634818
2011,11,3,6,0.152804
2011,11,3,7,0.0986449
2011,11,3,8,0.00451849
2011,11,3,9,0.281459
2011,11,3,10,0.127282
2011,11,3,11,0.00753601
2011,11,3,12,0.0401455
2011,11,3,13,0.464046
2011,11,3,14,0.802458
2011,11,3,15,0.866104
2011,11,3,16,0.855741
2011,11,3,17,1.07268
2011,11,3,18,1.22325
2011,11,3,19,1.1034
2011,11,3,20,6.04664
2011,11,3,21,8.23391
2011,11,3,22,0.823973
2011,11,3,23,-3.21537
2011,11,4,0,-1.11442
2011,11,4,1,-0.34761
2011,11,4,2,0.912635
2011,11,4,3,6.79806
2011,11,4,4,59.7598
2011,11,4,5,21.0048
2011,11,4,6,7.16664
2011,11,4,7,3.95308
2011,11,4,8,4.00807
2011,11,4,9,3.049
2011,11,4,10,2.11846
2011,11,4,11,1.04481
2011,11,4,12,-5.16493
2011,11,4,13,-3.37148
2011,11,4,14,-1.25844
2011,11,4,15,-0.588973
2011,11,4,16,-1.42544
2011,11,4,17,-0.431768
2011,11,4,18,0.674061
2011,11,4,19,1.70681
2011,11,4,20,9.37837
2011,11,4,21,6.38073
2011,11,4,22,2.82929
2011,11,4,23,1.09449
2011,11,5,0,0.530498
2011,11,5,1,0.478103
2011,11,5,2,0.560573
2011,11,5,3,0.0717295
2011,11,5,4,-0.367147
2011,11,5,5,-0.407911
2011,11,5,6,-0.126096
2011,11,5,7,-0.479304
2011,11,5,8,-0.26063
2011,11,5,9,0.00645505
2011,11,5,10,0.081703
2011,11,5,11,0.215575
2011,11,5,12,1.44128
2011,11,5,13,0.351062
2011,11,5,14,0.368556
2011,11,5,15,0.232862
2011,11,5,16,0.472426
2011,11,5,17,0.0800122
2011,11,5,18,0.03029
2011,11,5,19,0.0446851
2011,11,5,20,0.0116454
2011,11,5,21,0.00827185
2011,11,5,22,0.00633391
2011,11,5,23,-0.000278519
2011,11,6,0,-0.00337278
2011,11,6,1,-0.00222873
2011,11,6,2,0.0040158
2011,11,6,3,0.0429997
2011,11,6,4,0.0284522
2011,11,6,5,0.00185443
2011,11,6,6,0.00102368
2011,11,6,7,0.00237396
2011,11,6,8,-0.0364849
2011,11,6,9,0.00751238
2011,11,6,10,0.0875497
2011,11,6,11,0.493844
2011,11,6,12,1.45282
2011,11,6,13,0.187768
2011,11,6,14,0.132611
2011,11,6,15,0.135576
2011,11,6,16,0.105579
2011,11,6,17,0.0566374
2011,11,6,18,0.013106
2011,11,6,19,8.04E-05
2011,11,6,20,0.00148381
2011,11,6,21,0.0100164
2011,11,6,22,0.00352764
2011,11,6,23,-0.000706583
2011,11,7,0,0.0260168
2011,11,7,1,0.0326457
2011,11,7,2,0.00135486
2011,11,7,3,0.00173643
2011,11,7,4,-0.0317067
2011,11,7,5,0.0598648
2011,11,7,6,0.0502028
2011,11,7,7,-0.0386145
2011,11,7,8,0.0758269
2011,11,7,9,0.423745
2011,11,7,10,0.166913
2011,11,7,11,0.0724735
2011,11,7,12,0.405217
2011,11,7,13,0.468708
2011,11,7,14,0.244471
2011,11,7,15,0.193058
2011,11,7,16,0.039998
2011,11,7,17,-0.0499725
2011,11,7,18,0.016987
2011,11,7,19,0.0750676
2011,11,7,20,0.0176804
2011,11,7,21,0.0131563
2011,11,7,22,0.011353
2011,11,7,23,-0.000768357
2011,11,8,0,-0.0039429
2011,11,8,1,-0.0283643
2011,11,8,2,0.0380106
2011,11,8,3,-0.0107239
2011,11,8,4,-0.0233713
2011,11,8,5,-0.0042839
2011,11,8,6,-0.00229743
2011,11,8,7,-0.0147312
2011,11,8,8,-0.0601547
2011,11,8,9,0.0903469
2011,11,8,10,0.376717
2011,11,8,11,0.00769225
2011,11,8,12,0.137395
2011,11,8,13,0.165549
2011,11,8,14,0.150602
2011,11,8,15,0.0873032
2011,11,8,16,-0.0805757
2011,11,8,17,-0.00172344
2011,11,8,18,0.00514608
2011,11,8,19,0.0109169
2011,11,8,20,0.00216401
2011,11,8,21,-9.11E-07
2011,11,8,22,-0.00399835
2011,11,8,23,-0.0135599
2011,11,9,0,-0.0057853
2011,11,9,1,-0.0013863
2011,11,9,2,0.00653417
2011,11,9,3,0.00507677
2011,11,9,4,0.00489337
2011,11,9,5,0.00994426
2011,11,9,6,0.0111088
2011,11,9,7,0.00510316
2011,11,9,8,-0.0244582
2011,11,9,9,0.382318
2011,11,9,10,0.468108
2011,11,9,11,-0.0889905
2011,11,9,12,0.117682
2011,11,9,13,0.291987
2011,11,9,14,0.329956
2011,11,9,15,0.0856098
2011,11,9,16,0.096253
2011,11,9,17,0.00510966
2011,11,9,18,-0.00594343
2011,11,9,19,0.0670233
2011,11,9,20,0.084447
2011,11,9,21,0.219119
2011,11,9,22,0.217152
2011,11,9,23,0.130529
2011,11,10,0,0.218526
2011,11,10,1,0.133703
2011,11,10,2,0.22682
2011,11,10,3,0.0940642
2011,11,10,4,-0.0275214
2011,11,10,5,0.153405
2011,11,10,6,0.0399877
2011,11,10,7,0.0793934
2011,11,10,8,0.017487
2011,11,10,9,0.294353
2011,11,10,10,0.194932
2011,11,10,11,-0.00408193
2011,11,10,12,0.288623
2011,11,10,13,0.143296
2011,11,10,14,0.655134
2011,11,10,15,0.339895
2011,11,10,16,0.134065
2011,11,10,17,0.0464103
2011,11,10,18,0.314575
2011,11,10,19,1.21442
2011,11,10,20,0.50133
2011,11,10,21,0.249026
2011,11,10,22,0.292476
2011,11,10,23,0.79946
2011,11,11,0,0.459857
2011,11,11,1,0.0705336
2011,11,11,2,0.286963
2011,11,11,3,0.207002
2011,11,11,4,0.0871257
2011,11,11,5,0.0218018
2011,11,11,6,0.0149614
2011,11,11,7,-0.00403384
2011,11,11,8,-0.0325466
2011,11,11,9,0.23522
2011,11,11,10,0.156761
2011,11,11,11,0.00713059
2011,11,11,12,0.140526
2011,11,11,13,0.368404
2011,11,11,14,0.430682
2011,11,11,15,0.747041
2011,11,11,16,0.526183
2011,11,11,17,0.0556517
2011,11,11,18,0.278108
2011,11,11,19,0.657207
2011,11,11,20,0.72553
2011,11,11,21,0.489586
2011,11,11,22,0.901902
2011,11,11,23,0.893414
2011,11,12,0,6.43409
2011,11,12,1,4.64143
2011,11,12,2,1.14998
2011,11,12,3,0.394313
2011,11,12,4,-0.201696
2011,11,12,5,0.0388374
2011,11,12,6,0.574132
2011,11,12,7,0.201962
2011,11,12,8,0.157276
2011,11,12,9,0.0149723
2011,11,12,10,0.0484181
2011,11,12,11,0.0526795
2011,11,12,12,0.571722
2011,11,12,13,1.29405
2011,11,12,14,0.787688
2011,11,12,15,5.67079
2011,11,12,16,36.9065
2011,11,12,17,1.44532
2011,11,12,18,0.337808
2011,11,12,19,0.064942
2011,11,12,20,0.0927643
2011,11,12,21,0.18232
2011,11,12,22,2.03965
2011,11,12,23,13.0818
2011,11,13,0,6.73519
2011,11,13,1,-0.644913
2011,11,13,2,1.92877
2011,11,13,3,-1.33771
2011,11,13,4,0.243085
2011,11,13,5,0.113604
2011,11,13,6,-0.0117547
2011,11,13,7,-0.0479058
2011,11,13,8,0.0481633
2011,11,13,9,0.402942
2011,11,13,10,0.334079
2011,11,13,11,0.684568
2011,11,13,12,0.0130328
2011,11,13,13,0.42638
2011,11,13,14,0.26151
2011,11,13,15,0.740519
2011,11,13,16,-0.0591379
2011,11,13,17,0.399574
2011,11,13,18,0.0527797
2011,11,13,19,0.0120009
2011,11,13,20,0.000696881
2011,11,13,21,0.0297533
2011,11,13,22,0.00417999
2011,11,13,23,-0.0356155
2011,11,14,0,0.00105849
2011,11,14,1,-0.00603889
2011,11,14,2,0.0107639
2011,11,14,3,0.00228472
2011,11,14,4,-0.00116162
2011,11,14,5,-0.00138837
2011,11,14,6,-0.00718752
2011,11,14,7,-0.0002554
2011,11,14,8,0.000367786
2011,11,14,9,0.00838911
2011,11,14,10,0.0716345
2011,11,14,11,0.0132799
2011,11,14,12,0.0449751
2011,11,14,13,0.0109771
2011,11,14,14,0.0274245
2011,11,14,15,0.00308472
2011,11,14,16,0.00285501
2011,11,14,17,0.0290374
2011,11,14,18,0.250237
2011,11,14,19,0.0950617
2011,11,14,20,0.0307715
2011,11,14,21,0.0659244
2011,11,14,22,0.14504
2011,11,14,23,0.0611331
2011,11,15,0,0.0785953
2011,11,15,1,-0.025685
2011,11,15,2,0.102269
2011,11,15,3,0.0105191
2011,11,15,4,-0.0238305
2011,11,15,5,-0.234348
2011,11,15,6,0.0534339
2011,11,15,7,0.0161076
2011,11,15,8,0.118032
2011,11,15,9,0.911726
2011,11,15,10,4.12642
2011,11,15,11,0.272973
2011,11,15,12,0.0874782
2011,11,15,13,0.11825
2011,11,15,14,0.0159674
2011,11,15,15,0.307827
2011,11,15,16,1.33229
2011,11,15,17,1.18921
2011,11,15,18,0.159122
2011,11,15,19,0.545552
2011,11,15,20,1.65865
2011,11,15,21,7.26226
2011,11,15,22,0.283707
2011,11,15,23,1.63631
2011,11,16,0,1.28794
2011,11,16,1,0.966712
2011,11,16,2,0.308101
2011,11,16,3,-0.0987829
2011,11,16,4,0.0015434
2011,11,16,5,0.070256
2011,11,16,6,0.0113344
2011,11,16,7,0.00915656
2011,11,16,8,-0.000638318
2011,11,16,9,0.000931821
2011,11,16,10,0.0115985
2011,11,16,11,0.312305
2011,11,16,12,0.505246
2011,11,16,13,0.000128049
2011,11,16,14,0.0160722
2011,11,16,15,NaN
2011,11,16,16,NaN
2011,11,16,17,NaN
2011,11,16,18,0.070048
2011,11,16,19,0.0200705
2011,11,16,20,0.00637806
2011,11,16,21,-0.00523849
2011,11,16,22,-0.116156
2011,11,16,23,-0.136106
2011,11,17,0,-0.211162
2011,11,17,1,0.140229
2011,11,17,2,0.114726
2011,11,17,3,0.462593
2011,11,17,4,0.804512
2011,11,17,5,0.106689
2011,11,17,6,0.0329857
2011,11,17,7,0.032197
2011,11,17,8,0.0181399
2011,11,17,9,0.0245524
2011,11,17,10,0.121124
2011,11,17,11,0.0218445
2011,11,17,12,0.0421148
2011,11,17,13,0.0977102
2011,11,17,14,0.329384
2011,11,17,15,0.636289
2011,11,17,16,1.9976
2011,11,17,17,7.94085
2011,11,17,18,8.7574
2011,11,17,19,-2.27103
2011,11,17,20,-2.41172
2011,11,17,21,-1.07861
2011,11,17,22,-0.0119074
2011,11,17,23,-0.413533
2011,11,18,0,-0.37186
2011,11,18,1,-1.41005
2011,11,18,2,3.29054
2011,11,18,3,14.8705
2011,11,18,4,0.476792
2011,11,18,5,1.47907
2011,11,18,6,1.4829
2011,11,18,7,1.35497
2011,11,18,8,9.22767
2011,11,18,9,-0.0366629
2011,11,18,10,NaN
2011,11,18,11,NaN
2011,11,18,12,NaN
2011,11,18,13,NaN
2011,11,18,14,NaN
2011,11,18,15,NaN
2011,11,18,16,0.0435055
2011,11,18,17,NaN
2011,11,18,18,0.159013
2011,11,18,19,0.0631897
2011,11,18,20,-0.00156471
2011,11,18,21,0.000890269
2011,11,18,22,-0.00721188
2011,11,18,23,-0.0133999
2011,11,19,0,-0.0121976
2011,11,19,1,0.0510439
2011,11,19,2,-0.11885
2011,11,19,3,0.00137326
2011,11,19,4,-0.00754218
2011,11,19,5,-0.000452058
2011,11,19,6,0.000204929
2011,11,19,7,0.0506807
2011,11,19,8,-0.393051
2011,11,19,9,0.0612931
2011,11,19,10,0.832562
2011,11,19,11,0.315855
2011,11,19,12,0.162527
2011,11,19,13,0.0531586
2011,11,19,14,-0.0309158
2011,11,19,15,0.110654
2011,11,19,16,0.385747
2011,11,19,17,1.00299
2011,11,19,18,0.745395
2011,11,19,19,0.270399
2011,11,19,20,0.171253
2011,11,19,21,0.18802
2011,11,19,22,-0.00320599
2011,11,19,23,0.132027
2011,11,20,0,-0.00332646
2011,11,20,1,-0.0174798
2011,11,20,2,0.29081
2011,11,20,3,-0.245193
2011,11,20,4,0.228232
2011,11,20,5,0.0921528
2011,11,20,6,0.0288649
2011,11,20,7,0.0947115
2011,11,20,8,0.0941481
2011,11,20,9,0.153582
2011,11,20,10,1.74782
2011,11,20,11,1.22838
2011,11,20,12,1.55324
2011,11,20,13,0.232601
2011,11,20,14,1.0661
2011,11,20,15,1.51208
2011,11,20,16,1.73032
2011,11,20,17,0.467264
2011,11,20,18,0.278977
2011,11,20,19,0.116105
2011,11,20,20,-0.0350435
2011,11,20,21,0.0147923
2011,11,20,22,0.0205054
2011,11,20,23,-0.0019178
2011,11,21,0,0.0032027
2011,11,21,1,-0.00521491
2011,11,21,2,0.0693903
2011,11,21,3,-0.0104323
2011,11,21,4,0.00548244
2011,11,21,5,0.00861839
2011,11,21,6,0.0125854
2011,11,21,7,0.0987523
2011,11,21,8,0.060609
2011,11,21,9,0.201447
2011,11,21,10,0.174259
2011,11,21,11,0.212179
2011,11,21,12,0.0270962
2011,11,21,13,0.013078
2011,11,21,14,-0.109221
2011,11,21,15,0.125536
2011,11,21,16,0.0632694
2011,11,21,17,0.000278062
2011,11,21,18,0.127876
2011,11,21,19,0.0893443
2011,11,21,20,0.106433
2011,11,21,21,-0.0676841
2011,11,21,22,-0.00897102
2011,11,21,23,-0.0291055
2011,11,22,0,0.0316592
2011,11,22,1,-0.000555912
2011,11,22,2,0.000953049
2011,11,22,3,0.00641324
2011,11,22,4,0.0102773
2011,11,22,5,0.0237151
2011,11,22,6,0.145191
2011,11,22,7,0.0377649
2011,11,22,8,0.569868
2011,11,22,9,0.0426672
2011,11,22,10,0.0398402
2011,11,22,11,0.160958
2011,11,22,12,0.27055
2011,11,22,13,0.170289
2011,11,22,14,0.686202
2011,11,22,15,1.77341
2011,11,22,16,0.200788
2011,11,22,17,0.105234
2011,11,22,18,0.24582
2011,11,22,19,0.0530414
2011,11,22,20,-0.189024
2011,11,22,21,0.339841
2011,11,22,22,-0.00432553
2011,11,22,23,0.416222
2011,11,23,0,-0.071549
2011,11,23,1,0.141172
2011,11,23,2,0.213283
2011,11,23,3,0.0234656
2011,11,23,4,0.176492
2011,11,23,5,0.190181
2011,11,23,6,0.0344834
2011,11,23,7,0.155137
2011,11,23,8,-0.157082
2011,11,23,9,0.0609989
2011,11,23,10,0.349287
2011,11,23,11,0.555283
2011,11,23,12,1.04286
2011,11,23,13,0.455387
2011,11,23,14,-0.0144181
2011,11,23,15,-0.0600352
2011,11,23,16,-0.0889251
2011,11,23,17,0.00510761
2011,11,23,18,-0.0213407
2011,11,23,19,-0.00446896
2011,11,23,20,-0.245095
2011,11,23,21,-0.262596
2011,11,23,22,-0.183944
2011,11,23,23,0.114625
2011,11,24,0,-0.0043503
2011,11,24,1,-0.0723927
2011,11,24,2,-0.00844785
2011,11,24,3,0.0818781
2011,11,24,4,0.00342949
2011,11,24,5,0.00748136
2011,11,24,6,-0.0160178
2011,11,24,7,0.0385043
2011,11,24,8,0.0720388
2011,11,24,9,0.034855
2011,11,24,10,0.010435
2011,11,24,11,0.0127312
2011,11,24,12,0.0113797
2011,11,24,13,0.00562991
2011,11,24,14,0.0051284
2011,11,24,15,-0.00974607
2011,11,24,16,-0.0103068
2011,11,24,17,-0.000266217
2011,11,24,18,-0.000934755
2011,11,24,19,-0.000823979
2011,11,24,20,-9.27E-05
2011,11,24,21,-0.0056442
2011,11,24,22,0.00273701
2011,11,24,23,-0.00896878
2011,11,25,0,-0.00495625
2011,11,25,1,NaN
2011,11,25,2,NaN
2011,11,25,3,NaN
2011,11,25,4,NaN
2011,11,25,5,NaN
2011,11,25,6,NaN
2011,11,25,7,NaN
2011,11,25,8,NaN
2011,11,25,9,NaN
2011,11,25,10,NaN
2011,11,25,11,NaN
2011,11,25,12,NaN
2011,11,25,13,NaN
2011,11,25,14,NaN
2011,11,25,15,NaN
2011,11,25,16,NaN
2011,11,25,17,NaN
2011,11,25,18,NaN
2011,11,25,19,NaN
2011,11,25,20,NaN
2011,11,25,21,NaN
2011,11,25,22,NaN
2011,11,25,23,NaN
2011,11,26,0,NaN
2011,11,26,1,0.831685
2011,11,26,2,1.62504
2011,11,26,3,0.0473646
2011,11,26,4,0.102209
2011,11,26,5,0.112295
2011,11,26,6,0.0234351
2011,11,26,7,0.00390638
2011,11,26,8,-0.0550889
2011,11,26,9,-0.108966
2011,11,26,10,-0.0123227
2011,11,26,11,-0.100394
2011,11,26,12,0.179435
2011,11,26,13,0.381181
2011,11,26,14,0.125345
2011,11,26,15,0.246236
2011,11,26,16,0.0137242
2011,11,26,17,4.17E-05
2011,11,26,18,-0.00117077
2011,11,26,19,0.0209802
2011,11,26,20,0.046015
2011,11,26,21,0.031208
2011,11,26,22,0.223991
2011,11,26,23,0.160991
2011,11,27,0,0.0396006
2011,11,27,1,0.0108766
2011,11,27,2,0.106111
2011,11,27,3,0.0109674
2011,11,27,4,0.00958704
2011,11,27,5,0.0216479
2011,11,27,6,0.00133293
2011,11,27,7,0.0019274
2011,11,27,8,-0.0123366
2011,11,27,9,-0.177511
2011,11,27,10,0.0127444
2011,11,27,11,0.885909
2011,11,27,12,1.30432
2011,11,27,13,0.0481097
2011,11,27,14,0.285753
2011,11,27,15,0.29291
2011,11,27,16,0.0595042
2011,11,27,17,0.261171
2011,11,27,18,-0.3042
2011,11,27,19,0.382794
2011,11,27,20,0.768289
2011,11,27,21,0.142188
2011,11,27,22,0.409036
2011,11,27,23,0.130485
2011,11,28,0,0.225434
2011,11,28,1,1.6065
2011,11,28,2,1.00652
2011,11,28,3,0.516013
2011,11,28,4,0.951134
2011,11,28,5,1.11132
2011,11,28,6,-0.00418858
2011,11,28,7,0.0656618
2011,11,28,8,0.00658979
2011,11,28,9,0.0736915
2011,11,28,10,0.0569956
2011,11,28,11,0.0876032
2011,11,28,12,0.0970031
2011,11,28,13,0.161316
2011,11,28,14,-0.175547
2011,11,28,15,0.236294
2011,11,28,16,0.28789
2011,11,28,17,0.0245661
2011,11,28,18,0.0248962
2011,11,28,19,0.0242691
2011,11,28,20,0.0982926
2011,11,28,21,0.000568961
2011,11,28,22,0.0893505
2011,11,28,23,0.00113929
2011,11,29,0,0.0120789
2011,11,29,1,0.00565264
2011,11,29,2,0.00218233
2011,11,29,3,0.00800643
2011,11,29,4,0.000996795
2011,11,29,5,0.00535033
2011,11,29,6,0.000859105
2011,11,29,7,0.00692111
2011,11,29,8,0.158146
2011,11,29,9,0.0116919
2011,11,29,10,0.0381382
2011,11,29,11,0.0328783
2011,11,29,12,0.0714966
2011,11,29,13,0.068838
2011,11,29,14,-0.02992
2011,11,29,15,0.0430757
2011,11,29,16,0.0310501
2011,11,29,17,0.0829058
2011,11,29,18,0.0338441
2011,11,29,19,0.00717629
2011,11,29,20,-0.000979946
2011,11,29,21,-0.00108843
2011,11,29,22,-0.000248092
2011,11,29,23,-0.00950104
2011,11,30,0,-0.0625125
2011,11,30,1,0.0168947
2011,11,30,2,0.0857878
2011,11,30,3,0.00252735
2011,11,30,4,-0.0204884
2011,11,30,5,0.0098106
2011,11,30,6,-0.0055569
2011,11,30,7,0.0138936
2011,11,30,8,-0.175704
2011,11,30,9,-0.126629
2011,11,30,10,0.0295715
2011,11,30,11,0.331417
2011,11,30,12,0.235263
2011,11,30,13,0.0134058
2011,11,30,14,0.0817865
2011,11,30,15,0.00225436
2011,11,30,16,0.0369615
2011,11,30,17,0.00116959
2011,11,30,18,-0.00827632
2011,11,30,19,0.0389749
2011,11,30,20,0.276573
2011,11,30,21,0.204626
2011,11,30,22,-0.00395405
2011,11,30,23,-0.0485135
2011,12,1,0,-0.0513929
2011,12,1,1,NaN
2011,12,1,2,NaN
2011,12,1,3,NaN
2011,12,1,4,NaN
2011,12,1,5,NaN
2011,12,1,6,NaN
2011,12,1,7,NaN
2011,12,1,8,NaN
2011,12,1,9,NaN
2011,12,1,10,NaN
2011,12,1,11,NaN
2011,12,1,12,NaN
2011,12,1,13,NaN
2011,12,1,14,NaN
2011,12,1,15,NaN
2011,12,1,16,NaN
2011,12,1,17,NaN
2011,12,1,18,NaN
2011,12,1,19,NaN
2011,12,1,20,NaN
2011,12,1,21,NaN
2011,12,1,22,NaN
2011,12,1,23,NaN
2011,12,2,0,NaN
2011,12,2,1,0.420535
2011,12,2,2,0.34111
2011,12,2,3,0.260496
2011,12,2,4,0.157284
2011,12,2,5,0.113248
2011,12,2,6,0.149616
2011,12,2,7,0.184814
2011,12,2,8,0.210751
2011,12,2,9,0.136217
2011,12,2,10,0.0330174
2011,12,2,11,0.058042
2011,12,2,12,0.148996
2011,12,2,13,0.0479822
2011,12,2,14,0.0140548
2011,12,2,15,0.0922676
2011,12,2,16,0.815246
2011,12,2,17,0.0510103
2011,12,2,18,0.100727
2011,12,2,19,0.342363
2011,12,2,20,0.0980274
2011,12,2,21,0.0212147
2011,12,2,22,0.0218581
2011,12,2,23,0.0126382
2011,12,3,0,-0.000737185
2011,12,3,1,0.0244186
2011,12,3,2,0.0475745
2011,12,3,3,0.164803
2011,12,3,4,0.217368
2011,12,3,5,0.0186819
2011,12,3,6,0.0485575
2011,12,3,7,0.0317299
2011,12,3,8,-0.234217
2011,12,3,9,-0.0139926
2011,12,3,10,0.164117
2011,12,3,11,0.44908
2011,12,3,12,0.329079
2011,12,3,13,0.121797
2011,12,3,14,-0.0221708
2011,12,3,15,0.163281
2011,12,3,16,-0.0562645
2011,12,3,17,0.0273331
2011,12,3,18,0.000416833
2011,12,3,19,0.275212
2011,12,3,20,0.0792958
2011,12,3,21,0.0104087
2011,12,3,22,-0.00248957
2011,12,3,23,0.0210318
2011,12,4,0,-0.00875651
2011,12,4,1,NaN
2011,12,4,2,NaN
2011,12,4,3,NaN
2011,12,4,4,NaN
2011,12,4,5,NaN
2011,12,4,6,NaN
2011,12,4,7,NaN
2011,12,4,8,NaN
2011,12,4,9,NaN
2011,12,4,10,NaN
2011,12,4,11,NaN
2011,12,4,12,NaN
2011,12,4,13,NaN
2011,12,4,14,NaN
2011,12,4,15,NaN
2011,12,4,16,NaN
2011,12,4,17,NaN
2011,12,4,18,NaN
2011,12,4,19,NaN
2011,12,4,20,NaN
2011,12,4,21,NaN
2011,12,4,22,NaN
2011,12,4,23,NaN
2011,12,5,0,NaN
2011,12,5,1,NaN
2011,12,5,2,NaN
2011,12,5,3,NaN
2011,12,5,4,NaN
2011,12,5,5,NaN
2011,12,5,6,NaN
2011,12,5,7,NaN
2011,12,5,8,NaN
2011,12,5,9,NaN
2011,12,5,10,NaN
2011,12,5,11,NaN
2011,12,5,12,NaN
2011,12,5,13,NaN
2011,12,5,14,NaN
2011,12,5,15,NaN
2011,12,5,16,NaN
2011,12,5,17,NaN
2011,12,5,18,NaN
2011,12,5,19,NaN
2011,12,5,20,NaN
2011,12,5,21,NaN
2011,12,5,22,NaN
2011,12,5,23,NaN
2011,12,6,0,NaN
2011,12,6,1,NaN
2011,12,6,2,NaN
2011,12,6,3,NaN
2011,12,6,4,NaN
2011,12,6,5,NaN
2011,12,6,6,NaN
2011,12,6,7,NaN
2011,12,6,8,NaN
2011,12,6,9,NaN
2011,12,6,10,NaN
2011,12,6,11,NaN
2011,12,6,12,NaN
2011,12,6,13,NaN
2011,12,6,14,NaN
2011,12,6,15,NaN
2011,12,6,16,NaN
2011,12,6,17,NaN
2011,12,6,18,NaN
2011,12,6,19,NaN
2011,12,6,20,NaN
2011,12,6,21,NaN
2011,12,6,22,NaN
2011,12,6,23,NaN
2011,12,7,0,NaN
2011,12,7,1,NaN
2011,12,7,2,NaN
2011,12,7,3,NaN
2011,12,7,4,NaN
2011,12,7,5,NaN
2011,12,7,6,NaN
2011,12,7,7,NaN
2011,12,7,8,NaN
2011,12,7,9,NaN
2011,12,7,10,NaN
2011,12,7,11,NaN
2011,12,7,12,NaN
2011,12,7,13,NaN
2011,12,7,14,NaN
2011,12,7,15,NaN
2011,12,7,16,NaN
2011,12,7,17,NaN
2011,12,7,18,NaN
2011,12,7,19,NaN
2011,12,7,20,NaN
2011,12,7,21,NaN
2011,12,7,22,NaN
2011,12,7,23,NaN
2011,12,8,0,NaN
2011,12,8,1,NaN
2011,12,8,2,NaN
2011,12,8,3,NaN
2011,12,8,4,NaN
2011,12,8,5,NaN
2011,12,8,6,NaN
2011,12,8,7,NaN
2011,12,8,8,NaN
2011,12,8,9,NaN
2011,12,8,10,NaN
2011,12,8,11,NaN
2011,12,8,12,NaN
2011,12,8,13,NaN
2011,12,8,14,NaN
2011,12,8,15,NaN
2011,12,8,16,NaN
2011,12,8,17,NaN
2011,12,8,18,NaN
2011,12,8,19,NaN
2011,12,8,20,NaN
2011,12,8,21,NaN
2011,12,8,22,NaN
2011,12,8,23,NaN
2011,12,9,0,NaN
2011,12,9,1,NaN
2011,12,9,2,NaN
2011,12,9,3,NaN
2011,12,9,4,NaN
2011,12,9,5,NaN
2011,12,9,6,NaN
2011,12,9,7,NaN
2011,12,9,8,NaN
2011,12,9,9,NaN
2011,12,9,10,NaN
2011,12,9,11,NaN
2011,12,9,12,NaN
2011,12,9,13,NaN
2011,12,9,14,NaN
2011,12,9,15,NaN
2011,12,9,16,NaN
2011,12,9,17,NaN
2011,12,9,18,NaN
2011,12,9,19,NaN
2011,12,9,20,NaN
2011,12,9,21,NaN
2011,12,9,22,NaN
2011,12,9,23,NaN
2011,12,10,0,NaN
2011,12,10,1,NaN
2011,12,10,2,NaN
2011,12,10,3,NaN
2011,12,10,4,NaN
2011,12,10,5,NaN
2011,12,10,6,NaN
2011,12,10,7,NaN
2011,12,10,8,NaN
2011,12,10,9,NaN
2011,12,10,10,NaN
2011,12,10,11,NaN
2011,12,10,12,NaN
2011,12,10,13,NaN
2011,12,10,14,NaN
2011,12,10,15,NaN
2011,12,10,16,NaN
2011,12,10,17,NaN
2011,12,10,18,NaN
2011,12,10,19,NaN
2011,12,10,20,NaN
2011,12,10,21,NaN
2011,12,10,22,NaN
2011,12,10,23,NaN
2011,12,11,0,NaN
2011,12,11,1,2.0609
2011,12,11,2,0.456573
2011,12,11,3,0.392041
2011,12,11,4,-0.4255
2011,12,11,5,0.388083
2011,12,11,6,0.0983573
2011,12,11,7,-0.021083
2011,12,11,8,-0.0543434
2011,12,11,9,0.0478158
2011,12,11,10,0.580253
2011,12,11,11,2.20408
2011,12,11,12,2.51299
2011,12,11,13,0.854114
2011,12,11,14,0.529578
2011,12,11,15,0.455825
2011,12,11,16,0.259328
2011,12,11,17,-0.0166926
2011,12,11,18,0.0844391
2011,12,11,19,-0.10756
2011,12,11,20,-0.125844
2011,12,11,21,-0.225361
2011,12,11,22,-0.0073002
2011,12,11,23,-0.387015
2011,12,12,0,-0.0773998
2011,12,12,1,0.214589
2011,12,12,2,0.0321574
2011,12,12,3,-0.00610357
2011,12,12,4,-0.0341078
2011,12,12,5,-0.112356
2011,12,12,6,0.0133921
2011,12,12,7,0.00632633
2011,12,12,8,-0.0814392
2011,12,12,9,0.0508802
2011,12,12,10,0.479632
2011,12,12,11,1.38082
2011,12,12,12,1.96578
2011,12,12,13,0.36299
2011,12,12,14,0.24203
2011,12,12,15,0.10485
2011,12,12,16,0.0772142
2011,12,12,17,0.00437258
2011,12,12,18,0.104285
2011,12,12,19,0.230857
2011,12,12,20,0.29918
2011,12,12,21,0.365024
2011,12,12,22,-0.02974
2011,12,12,23,-0.232983
2011,12,13,0,0.0239364
2011,12,13,1,0.947104
2011,12,13,2,0.0547631
2011,12,13,3,0.535212
2011,12,13,4,0.507365
2011,12,13,5,0.669855
2011,12,13,6,0.531784
2011,12,13,7,0.795728
2011,12,13,8,0.944598
2011,12,13,9,0.984254
2011,12,13,10,1.75275
2011,12,13,11,1.5956
2011,12,13,12,1.95662
2011,12,13,13,1.78244
2011,12,13,14,2.48488
2011,12,13,15,NaN
2011,12,13,16,NaN
2011,12,13,17,NaN
2011,12,13,18,NaN
2011,12,13,19,NaN
2011,12,13,20,NaN
2011,12,13,21,NaN
2011,12,13,22,NaN
2011,12,13,23,NaN
2011,12,14,0,NaN
2011,12,14,1,NaN
2011,12,14,2,NaN
2011,12,14,3,NaN
2011,12,14,4,NaN
2011,12,14,5,NaN
2011,12,14,6,NaN
2011,12,14,7,NaN
2011,12,14,8,NaN
2011,12,14,9,NaN
2011,12,14,10,2.18388
2011,12,14,11,1.18984
2011,12,14,12,1.94993
2011,12,14,13,0.310425
2011,12,14,14,0.79974
2011,12,14,15,0.129344
2011,12,14,16,0.202167
2011,12,14,17,0.220293
2011,12,14,18,-0.266129
2011,12,14,19,0.409152
2011,12,14,20,-0.194447
2011,12,14,21,-0.0146912
2011,12,14,22,0.00368579
2011,12,14,23,-0.0473088
2011,12,15,0,-0.0196064
2011,12,15,1,0.134026
2011,12,15,2,0.218461
2011,12,15,3,0.252582
2011,12,15,4,0.151342
2011,12,15,5,0.108264
2011,12,15,6,0.562219
2011,12,15,7,0.0488985
2011,12,15,8,-0.439388
2011,12,15,9,-0.158237
2011,12,15,10,0.181264
2011,12,15,11,0.893294
2011,12,15,12,2.12603
2011,12,15,13,0.962303
2011,12,15,14,1.14647
2011,12,15,15,0.500764
2011,12,15,16,0.966413
2011,12,15,17,1.17424
2011,12,15,18,1.84216
2011,12,15,19,1.22457
2011,12,15,20,0.532674
2011,12,15,21,0.93901
2011,12,15,22,0.33326
2011,12,15,23,1.2747
2011,12,16,0,1.72
2011,12,16,1,5.04469
2011,12,16,2,1.51775
2011,12,16,3,2.22758
2011,12,16,4,1.82442
2011,12,16,5,2.0754
2011,12,16,6,1.57778
2011,12,16,7,0.581541
2011,12,16,8,0.792368
2011,12,16,9,1.0699
2011,12,16,10,2.92162
2011,12,16,11,2.24482
2011,12,16,12,2.09125
2011,12,16,13,2.60621
2011,12,16,14,2.05988
2011,12,16,15,2.36581
2011,12,16,16,2.0203
2011,12,16,17,1.78338
2011,12,16,18,1.02599
2011,12,16,19,0.918479
2011,12,16,20,0.586506
2011,12,16,21,-0.192847
2011,12,16,22,-0.0726215
2011,12,16,23,-0.0160669
2011,12,17,0,0.0376836
2011,12,17,1,NaN
2011,12,17,2,NaN
2011,12,17,3,NaN
2011,12,17,4,NaN
2011,12,17,5,NaN
2011,12,17,6,NaN
2011,12,17,7,NaN
2011,12,17,8,NaN
2011,12,17,9,NaN
2011,12,17,10,NaN
2011,12,17,11,NaN
2011,12,17,12,NaN
2011,12,17,13,NaN
2011,12,17,14,NaN
2011,12,17,15,NaN
2011,12,17,16,NaN
2011,12,17,17,NaN
2011,12,17,18,NaN
2011,12,17,19,NaN
2011,12,17,20,NaN
2011,12,17,21,NaN
2011,12,17,22,NaN
2011,12,17,23,NaN
2011,12,18,0,NaN
2011,12,18,1,NaN
2011,12,18,2,NaN
2011,12,18,3,NaN
2011,12,18,4,NaN
2011,12,18,5,NaN
2011,12,18,6,NaN
2011,12,18,7,NaN
2011,12,18,8,NaN
2011,12,18,9,NaN
2011,12,18,10,NaN
2011,12,18,11,NaN
2011,12,18,12,NaN
2011,12,18,13,NaN
2011,12,18,14,NaN
2011,12,18,15,NaN
2011,12,18,16,NaN
2011,12,18,17,NaN
2011,12,18,18,NaN
2011,12,18,19,NaN
2011,12,18,20,NaN
2011,12,18,21,NaN
2011,12,18,22,NaN
2011,12,18,23,NaN
2011,12,19,0,NaN
2011,12,19,1,NaN
2011,12,19,2,NaN
2011,12,19,3,NaN
2011,12,19,4,NaN
2011,12,19,5,NaN
2011,12,19,6,NaN
2011,12,19,7,NaN
2011,12,19,8,NaN
2011,12,19,9,NaN
2011,12,19,10,NaN
2011,12,19,11,NaN
2011,12,19,12,NaN
2011,12,19,13,NaN
2011,12,19,14,NaN
2011,12,19,15,NaN
2011,12,19,16,NaN
2011,12,19,17,NaN
2011,12,19,18,NaN
2011,12,19,19,NaN
2011,12,19,20,NaN
2011,12,19,21,NaN
2011,12,19,22,NaN
2011,12,19,23,NaN
2011,12,20,0,NaN
2011,12,20,1,-0.0465792
2011,12,20,2,0.0128858
2011,12,20,3,0.0784603
2011,12,20,4,-0.0528409
2011,12,20,5,0.0210527
2011,12,20,6,0.0212317
2011,12,20,7,0.247793
2011,12,20,8,0.199017
2011,12,20,9,0.258133
2011,12,20,10,0.250506
2011,12,20,11,2.1803
2011,12,20,12,1.61335
2011,12,20,13,1.44135
2011,12,20,14,0.597401
2011,12,20,15,1.63385
2011,12,20,16,-0.235268
2011,12,20,17,-0.159592
2011,12,20,18,0.00248078
2011,12,20,19,-0.0362948
2011,12,20,20,-0.112974
2011,12,20,21,-0.090652
2011,12,20,22,0.373075
2011,12,20,23,-0.0211441
2011,12,21,0,0.280247
2011,12,21,1,-0.0524342
2011,12,21,2,0.0298578
2011,12,21,3,-0.0545294
2011,12,21,4,0.0030893
2011,12,21,5,-0.0809397
2011,12,21,6,0.332757
2011,12,21,7,1.11027
2011,12,21,8,2.0143
2011,12,21,9,1.21327
2011,12,21,10,0.776954
2011,12,21,11,0.41991
2011,12,21,12,2.94256
2011,12,21,13,2.88993
2011,12,21,14,3.2775
2011,12,21,15,2.61196
2011,12,21,16,5.34724
2011,12,21,17,4.29323
2011,12,21,18,1.11496
2011,12,21,19,0.262584
2011,12,21,20,0.338547
2011,12,21,21,-0.18944
2011,12,21,22,0.452057
2011,12,21,23,0.241463
2011,12,22,0,0.184921
2011,12,22,1,1.39649
2011,12,22,2,0.416172
2011,12,22,3,0.141609
2011,12,22,4,0.00763224
2011,12,22,5,0.00571461
2011,12,22,6,0.0130812
2011,12,22,7,0.0095686
2011,12,22,8,0.0436574
2011,12,22,9,0.115814
2011,12,22,10,0.163783
2011,12,22,11,0.682986
2011,12,22,12,1.37488
2011,12,22,13,0.746389
2011,12,22,14,0.894586
2011,12,22,15,0.0322954
2011,12,22,16,-0.264231
2011,12,22,17,-0.00668227
2011,12,22,18,0.0315569
2011,12,22,19,0.101235
2011,12,22,20,0.258123
2011,12,22,21,0.661967
2011,12,22,22,0.155058
2011,12,22,23,0.0502955
2011,12,23,0,0.106788
2011,12,23,1,0.0572454
2011,12,23,2,0.0843054
2011,12,23,3,0.174583
2011,12,23,4,0.0344884
2011,12,23,5,0.0236286
2011,12,23,6,0.0965313
2011,12,23,7,0.0608982
2011,12,23,8,0.12075
2011,12,23,9,-0.00429716
2011,12,23,10,0.166267
2011,12,23,11,0.501911
2011,12,23,12,0.808173
2011,12,23,13,0.414386
2011,12,23,14,0.425062
2011,12,23,15,0.122593
2011,12,23,16,-0.477794
2011,12,23,17,0.0357788
2011,12,23,18,0.0219223
2011,12,23,19,0.00815824
2011,12,23,20,-0.00993314
2011,12,23,21,0.00676342
2011,12,23,22,-0.0542594
2011,12,23,23,-0.0235344
2011,12,24,0,-0.00363096
2011,12,24,1,-0.000910667
2011,12,24,2,0.0115405
2011,12,24,3,6.76E-05
2011,12,24,4,-0.00112482
2011,12,24,5,0.00496951
2011,12,24,6,0.000222617
2011,12,24,7,0.00387925
2011,12,24,8,0.00106433
2011,12,24,9,-0.000234207
2011,12,24,10,-0.13329
2011,12,24,11,0.0751456
2011,12,24,12,0.0907176
2011,12,24,13,0.0126598
2011,12,24,14,0.0146979
2011,12,24,15,0.00291857
2011,12,24,16,0.00373855
2011,12,24,17,0.0026367
2011,12,24,18,-0.00638707
2011,12,24,19,0.0175451
2011,12,24,20,0.0156544
2011,12,24,21,0.00647026
2011,12,24,22,0.00235464
2011,12,24,23,0.00784102
2011,12,25,0,0.00344156
2011,12,25,1,0.00839724
2011,12,25,2,0.0479161
2011,12,25,3,0.000280366
2011,12,25,4,0.00244194
2011,12,25,5,0.0169099
2011,12,25,6,0.0568582
2011,12,25,7,0.0226003
2011,12,25,8,-0.00295968
2011,12,25,9,-0.0155481
2011,12,25,10,-0.18776
2011,12,25,11,0.115079
2011,12,25,12,0.134378
2011,12,25,13,0.153555
2011,12,25,14,0.0441918
2011,12,25,15,0.0188935
2011,12,25,16,0.0121196
2011,12,25,17,0.00756959
2011,12,25,18,0.0156146
2011,12,25,19,0.0250392
2011,12,25,20,0.0587263
2011,12,25,21,0.00299521
2011,12,25,22,0.00116298
2011,12,25,23,0.0120246
2011,12,26,0,0.0175896
2011,12,26,1,0.0271376
2011,12,26,2,0.229793
2011,12,26,3,0.179486
2011,12,26,4,0.014613
2011,12,26,5,0.0200342
2011,12,26,6,0.00761816
2011,12,26,7,0.00250327
2011,12,26,8,0.0388261
2011,12,26,9,-0.380353
2011,12,26,10,-0.0471637
2011,12,26,11,0.358882
2011,12,26,12,0.321582
2011,12,26,13,0.235806
2011,12,26,14,0.20153
2011,12,26,15,0.165289
2011,12,26,16,0.0996974
2011,12,26,17,0.025349
2011,12,26,18,0.0605955
2011,12,26,19,0.193097
2011,12,26,20,0.156655
2011,12,26,21,0.241547
2011,12,26,22,0.10454
2011,12,26,23,0.114464
2011,12,27,0,1.23165
2011,12,27,1,NaN
2011,12,27,2,NaN
2011,12,27,3,NaN
2011,12,27,4,NaN
2011,12,27,5,NaN
2011,12,27,6,NaN
2011,12,27,7,NaN
2011,12,27,8,NaN
2011,12,27,9,NaN
2011,12,27,10,NaN
2011,12,27,11,NaN
2011,12,27,12,NaN
2011,12,27,13,NaN
2011,12,27,14,NaN
2011,12,27,15,NaN
2011,12,27,16,NaN
2011,12,27,17,NaN
2011,12,27,18,NaN
2011,12,27,19,NaN
2011,12,27,20,NaN
2011,12,27,21,NaN
2011,12,27,22,NaN
2011,12,27,23,NaN
2011,12,28,0,NaN
2011,12,28,1,0.00271828
2011,12,28,2,0.000290005
2011,12,28,3,-0.0227031
2011,12,28,4,0.0148456
2011,12,28,5,0.0328285
2011,12,28,6,0.000606154
2011,12,28,7,0.0103858
2011,12,28,8,-0.000329381
2011,12,28,9,-0.0317157
2011,12,28,10,0.115269
2011,12,28,11,0.327542
2011,12,28,12,0.442457
2011,12,28,13,0.436991
2011,12,28,14,0.487293
2011,12,28,15,0.0549588
2011,12,28,16,0.105627
2011,12,28,17,0.012215
2011,12,28,18,0.00345626
2011,12,28,19,-0.0031574
2011,12,28,20,-0.00462158
2011,12,28,21,0.031511
2011,12,28,22,0.00681832
2011,12,28,23,-0.0216745
2011,12,29,0,0.000322503
2011,12,29,1,-0.00296028
2011,12,29,2,0.00324888
2011,12,29,3,0.00320023
2011,12,29,4,0.00691878
2011,12,29,5,0.00412974
2011,12,29,6,0.00489776
2011,12,29,7,0.00543333
2011,12,29,8,0.0251896
2011,12,29,9,-0.184941
2011,12,29,10,-0.107499
2011,12,29,11,0.0680794
2011,12,29,12,0.168698
2011,12,29,13,0.153338
2011,12,29,14,0.00512337
2011,12,29,15,0.00424144
2011,12,29,16,-0.00502826
2011,12,29,17,-0.000405732
2011,12,29,18,0.0652996
2011,12,29,19,0.111263
2011,12,29,20,0.0606016
2011,12,29,21,0.0656109
2011,12,29,22,0.0211871
2011,12,29,23,0.0677127
2011,12,30,0,0.143938
2011,12,30,1,0.0666945
2011,12,30,2,0.204377
2011,12,30,3,-0.00129985
2011,12,30,4,0.0109465
2011,12,30,5,0.0218027
2011,12,30,6,0.0119267
2011,12,30,7,0.00920693
2011,12,30,8,0.152598
2011,12,30,9,0.216768
2011,12,30,10,0.21273
2011,12,30,11,0.0826037
2011,12,30,12,0.0881409
2011,12,30,13,0.120086
2011,12,30,14,0.0936882
2011,12,30,15,0.0762256
2011,12,30,16,0.0626244
2011,12,30,17,0.0400137
2011,12,30,18,-0.00273745
2011,12,30,19,-0.0574007
2011,12,30,20,0.109561
2011,12,30,21,0.168483
2011,12,30,22,0.024068
2011,12,30,23,0.0764897
2011,12,31,0,-0.000868997
2011,12,31,1,0.210503
2011,12,31,2,0.53951
2011,12,31,3,0.0321116
2011,12,31,4,0.0343227
2011,12,31,5,0.0607767
2011,12,31,6,-0.0332199
2011,12,31,7,0.0158359
2011,12,31,8,0.0180515
2011,12,31,9,0.40885
2011,12,31,10,0.0553404
2011,12,31,11,0.007365
2011,12,31,12,0.00770612
2011,12,31,13,0.00246709
2011,12,31,14,-0.0140841
2011,12,31,15,-0.0391831
2011,12,31,16,-0.220326
2011,12,31,17,0.0186444
2011,12,31,18,0.0544745
2011,12,31,19,0.0608649
2011,12,31,20,-0.0155801
2011,12,31,21,-0.00271495
2011,12,31,22,-0.00713387
2011,12,31,23,-0.0141088
2012,1,1,0,-0.0210997
2012,1,1,1,NaN
2012,1,1,2,NaN
2012,1,1,3,NaN
2012,1,1,4,NaN
2012,1,1,5,NaN
2012,1,1,6,NaN
2012,1,1,7,NaN
2012,1,1,8,NaN
2012,1,1,9,NaN
2012,1,1,10,NaN
2012,1,1,11,NaN
2012,1,1,12,NaN
2012,1,1,13,NaN
2012,1,1,14,NaN
2012,1,1,15,NaN
2012,1,1,16,-0.857406
2012,1,1,17,NaN
2012,1,1,18,NaN
2012,1,1,19,NaN
2012,1,1,20,0.00119222
2012,1,1,21,-0.0072029
2012,1,1,22,-0.0225661
2012,1,1,23,0.019736
2012,1,2,0,0.0679985
2012,1,2,1,NaN
2012,1,2,2,NaN
2012,1,2,3,NaN
2012,1,2,4,NaN
2012,1,2,5,NaN
2012,1,2,6,NaN
2012,1,2,7,NaN
2012,1,2,8,NaN
2012,1,2,9,NaN
2012,1,2,10,NaN
2012,1,2,11,NaN
2012,1,2,12,NaN
2012,1,2,13,NaN
2012,1,2,14,NaN
2012,1,2,15,NaN
2012,1,2,16,NaN
2012,1,2,17,NaN
2012,1,2,18,NaN
2012,1,2,19,NaN
2012,1,2,20,NaN
2012,1,2,21,NaN
2012,1,2,22,NaN
2012,1,2,23,NaN
2012,1,3,0,NaN
2012,1,3,1,NaN
2012,1,3,2,NaN
2012,1,3,3,NaN
2012,1,3,4,NaN
2012,1,3,5,NaN
2012,1,3,6,NaN
2012,1,3,7,NaN
2012,1,3,8,NaN
2012,1,3,9,NaN
2012,1,3,10,NaN
2012,1,3,11,NaN
2012,1,3,12,NaN
2012,1,3,13,NaN
2012,1,3,14,NaN
2012,1,3,15,NaN
2012,1,3,16,NaN
2012,1,3,17,NaN
2012,1,3,18,NaN
2012,1,3,19,NaN
2012,1,3,20,NaN
2012,1,3,21,NaN
2012,1,3,22,NaN
2012,1,3,23,NaN
2012,1,4,0,NaN
2012,1,4,1,NaN
2012,1,4,2,NaN
2012,1,4,3,NaN
2012,1,4,4,NaN
2012,1,4,5,NaN
2012,1,4,6,NaN
2012,1,4,7,NaN
2012,1,4,8,NaN
2012,1,4,9,NaN
2012,1,4,10,NaN
2012,1,4,11,NaN
2012,1,4,12,NaN
2012,1,4,13,NaN
2012,1,4,14,NaN
2012,1,4,15,NaN
2012,1,4,16,NaN
2012,1,4,17,NaN
2012,1,4,18,NaN
2012,1,4,19,NaN
2012,1,4,20,NaN
2012,1,4,21,NaN
2012,1,4,22,NaN
2012,1,4,23,NaN
2012,1,5,0,NaN
2012,1,5,1,NaN
2012,1,5,2,NaN
2012,1,5,3,NaN
2012,1,5,4,NaN
2012,1,5,5,NaN
2012,1,5,6,NaN
2012,1,5,7,NaN
2012,1,5,8,NaN
2012,1,5,9,NaN
2012,1,5,10,NaN
2012,1,5,11,NaN
2012,1,5,12,NaN
2012,1,5,13,NaN
2012,1,5,14,NaN
2012,1,5,15,NaN
2012,1,5,16,NaN
2012,1,5,17,NaN
2012,1,5,18,NaN
2012,1,5,19,NaN
2012,1,5,20,NaN
2012,1,5,21,NaN
2012,1,5,22,NaN
2012,1,5,23,NaN
2012,1,6,0,NaN
2012,1,6,1,NaN
2012,1,6,2,NaN
2012,1,6,3,NaN
2012,1,6,4,NaN
2012,1,6,5,NaN
2012,1,6,6,NaN
2012,1,6,7,NaN
2012,1,6,8,NaN
2012,1,6,9,NaN
2012,1,6,10,NaN
2012,1,6,11,NaN
2012,1,6,12,NaN
2012,1,6,13,NaN
2012,1,6,14,NaN
2012,1,6,15,NaN
2012,1,6,16,NaN
2012,1,6,17,NaN
2012,1,6,18,NaN
2012,1,6,19,NaN
2012,1,6,20,NaN
2012,1,6,21,NaN
2012,1,6,22,NaN
2012,1,6,23,NaN
2012,1,7,0,NaN
2012,1,7,1,NaN
2012,1,7,2,NaN
2012,1,7,3,NaN
2012,1,7,4,NaN
2012,1,7,5,NaN
2012,1,7,6,NaN
2012,1,7,7,NaN
2012,1,7,8,NaN
2012,1,7,9,NaN
2012,1,7,10,NaN
2012,1,7,11,NaN
2012,1,7,12,NaN
2012,1,7,13,NaN
2012,1,7,14,NaN
2012,1,7,15,NaN
2012,1,7,16,NaN
2012,1,7,17,NaN
2012,1,7,18,NaN
2012,1,7,19,NaN
2012,1,7,20,NaN
2012,1,7,21,NaN
2012,1,7,22,NaN
2012,1,7,23,NaN
2012,1,8,0,NaN
2012,1,8,1,NaN
2012,1,8,2,NaN
2012,1,8,3,NaN
2012,1,8,4,NaN
2012,1,8,5,NaN
2012,1,8,6,NaN
2012,1,8,7,NaN
2012,1,8,8,NaN
2012,1,8,9,NaN
2012,1,8,10,NaN
2012,1,8,11,NaN
2012,1,8,12,NaN
2012,1,8,13,NaN
2012,1,8,14,NaN
2012,1,8,15,NaN
2012,1,8,16,NaN
2012,1,8,17,NaN
2012,1,8,18,NaN
2012,1,8,19,NaN
2012,1,8,20,NaN
2012,1,8,21,NaN
2012,1,8,22,NaN
2012,1,8,23,NaN
2012,1,9,0,NaN
2012,1,9,1,NaN
2012,1,9,2,NaN
2012,1,9,3,NaN
2012,1,9,4,NaN
2012,1,9,5,NaN
2012,1,9,6,NaN
2012,1,9,7,NaN
2012,1,9,8,NaN
2012,1,9,9,NaN
2012,1,9,10,NaN
2012,1,9,11,NaN
2012,1,9,12,NaN
2012,1,9,13,NaN
2012,1,9,14,NaN
2012,1,9,15,NaN
2012,1,9,16,NaN
2012,1,9,17,NaN
2012,1,9,18,NaN
2012,1,9,19,NaN
2012,1,9,20,NaN
2012,1,9,21,NaN
2012,1,9,22,NaN
2012,1,9,23,NaN
2012,1,10,0,NaN
2012,1,10,1,NaN
2012,1,10,2,NaN
2012,1,10,3,NaN
2012,1,10,4,NaN
2012,1,10,5,NaN
2012,1,10,6,NaN
2012,1,10,7,NaN
2012,1,10,8,NaN
2012,1,10,9,NaN
2012,1,10,10,NaN
2012,1,10,11,NaN
2012,1,10,12,NaN
2012,1,10,13,NaN
2012,1,10,14,NaN
2012,1,10,15,NaN
2012,1,10,16,NaN
2012,1,10,17,NaN
2012,1,10,18,NaN
2012,1,10,19,NaN
2012,1,10,20,NaN
2012,1,10,21,NaN
2012,1,10,22,NaN
2012,1,10,23,NaN
2012,1,11,0,NaN
2012,1,11,1,NaN
2012,1,11,2,NaN
2012,1,11,3,NaN
2012,1,11,4,NaN
2012,1,11,5,NaN
2012,1,11,6,NaN
2012,1,11,7,NaN
2012,1,11,8,NaN
2012,1,11,9,NaN
2012,1,11,10,NaN
2012,1,11,11,NaN
2012,1,11,12,NaN
2012,1,11,13,NaN
2012,1,11,14,NaN
2012,1,11,15,NaN
2012,1,11,16,NaN
2012,1,11,17,NaN
2012,1,11,18,NaN
2012,1,11,19,NaN
2012,1,11,20,NaN
2012,1,11,21,NaN
2012,1,11,22,NaN
2012,1,11,23,NaN
2012,1,12,0,NaN
2012,1,12,1,NaN
2012,1,12,2,NaN
2012,1,12,3,NaN
2012,1,12,4,NaN
2012,1,12,5,NaN
2012,1,12,6,NaN
2012,1,12,7,NaN
2012,1,12,8,NaN
2012,1,12,9,NaN
2012,1,12,10,NaN
2012,1,12,11,NaN
2012,1,12,12,NaN
2012,1,12,13,NaN
2012,1,12,14,NaN
2012,1,12,15,NaN
2012,1,12,16,NaN
2012,1,12,17,NaN
2012,1,12,18,NaN
2012,1,12,19,NaN
2012,1,12,20,NaN
2012,1,12,21,NaN
2012,1,12,22,NaN
2012,1,12,23,NaN
2012,1,13,0,NaN
2012,1,13,1,NaN
2012,1,13,2,NaN
2012,1,13,3,NaN
2012,1,13,4,NaN
2012,1,13,5,NaN
2012,1,13,6,NaN
2012,1,13,7,NaN
2012,1,13,8,NaN
2012,1,13,9,NaN
2012,1,13,10,NaN
2012,1,13,11,NaN
2012,1,13,12,NaN
2012,1,13,13,NaN
2012,1,13,14,NaN
2012,1,13,15,NaN
2012,1,13,16,NaN
2012,1,13,17,NaN
2012,1,13,18,NaN
2012,1,13,19,NaN
2012,1,13,20,NaN
2012,1,13,21,NaN
2012,1,13,22,NaN
2012,1,13,23,NaN
2012,1,14,0,NaN
2012,1,14,1,NaN
2012,1,14,2,NaN
2012,1,14,3,NaN
2012,1,14,4,NaN
2012,1,14,5,NaN
2012,1,14,6,NaN
2012,1,14,7,NaN
2012,1,14,8,NaN
2012,1,14,9,NaN
2012,1,14,10,NaN
2012,1,14,11,NaN
2012,1,14,12,NaN
2012,1,14,13,NaN
2012,1,14,14,NaN
2012,1,14,15,NaN
2012,1,14,16,NaN
2012,1,14,17,NaN
2012,1,14,18,NaN
2012,1,14,19,NaN
2012,1,14,20,NaN
2012,1,14,21,NaN
2012,1,14,22,NaN
2012,1,14,23,NaN
2012,1,15,0,NaN
2012,1,15,1,NaN
2012,1,15,2,NaN
2012,1,15,3,NaN
2012,1,15,4,NaN
2012,1,15,5,NaN
2012,1,15,6,NaN
2012,1,15,7,NaN
2012,1,15,8,NaN
2012,1,15,9,NaN
2012,1,15,10,NaN
2012,1,15,11,NaN
2012,1,15,12,NaN
2012,1,15,13,NaN
2012,1,15,14,NaN
2012,1,15,15,NaN
2012,1,15,16,NaN
2012,1,15,17,NaN
2012,1,15,18,NaN
2012,1,15,19,NaN
2012,1,15,20,NaN
2012,1,15,21,NaN
2012,1,15,22,NaN
2012,1,15,23,NaN
2012,1,16,0,NaN
2012,1,16,1,NaN
2012,1,16,2,NaN
2012,1,16,3,NaN
2012,1,16,4,NaN
2012,1,16,5,NaN
2012,1,16,6,NaN
2012,1,16,7,NaN
2012,1,16,8,NaN
2012,1,16,9,NaN
2012,1,16,10,NaN
2012,1,16,11,NaN
2012,1,16,12,NaN
2012,1,16,13,NaN
2012,1,16,14,NaN
2012,1,16,15,NaN
2012,1,16,16,NaN
2012,1,16,17,NaN
2012,1,16,18,NaN
2012,1,16,19,NaN
2012,1,16,20,NaN
2012,1,16,21,NaN
2012,1,16,22,NaN
2012,1,16,23,NaN
2012,1,17,0,NaN
2012,1,17,1,NaN
2012,1,17,2,NaN
2012,1,17,3,NaN
2012,1,17,4,NaN
2012,1,17,5,NaN
2012,1,17,6,NaN
2012,1,17,7,NaN
2012,1,17,8,NaN
2012,1,17,9,NaN
2012,1,17,10,NaN
2012,1,17,11,NaN
2012,1,17,12,NaN
2012,1,17,13,NaN
2012,1,17,14,NaN
2012,1,17,15,NaN
2012,1,17,16,NaN
2012,1,17,17,NaN
2012,1,17,18,NaN
2012,1,17,19,NaN
2012,1,17,20,NaN
2012,1,17,21,NaN
2012,1,17,22,NaN
2012,1,17,23,NaN
2012,1,18,0,NaN
2012,1,18,1,NaN
2012,1,18,2,NaN
2012,1,18,3,NaN
2012,1,18,4,NaN
2012,1,18,5,NaN
2012,1,18,6,NaN
2012,1,18,7,NaN
2012,1,18,8,NaN
2012,1,18,9,NaN
2012,1,18,10,NaN
2012,1,18,11,NaN
2012,1,18,12,NaN
2012,1,18,13,NaN
2012,1,18,14,NaN
2012,1,18,15,NaN
2012,1,18,16,NaN
2012,1,18,17,NaN
2012,1,18,18,NaN
2012,1,18,19,NaN
2012,1,18,20,NaN
2012,1,18,21,NaN
2012,1,18,22,NaN
2012,1,18,23,NaN
2012,1,19,0,NaN
2012,1,19,1,NaN
2012,1,19,2,NaN
2012,1,19,3,NaN
2012,1,19,4,NaN
2012,1,19,5,NaN
2012,1,19,6,NaN
2012,1,19,7,NaN
2012,1,19,8,NaN
2012,1,19,9,NaN
2012,1,19,10,NaN
2012,1,19,11,NaN
2012,1,19,12,NaN
2012,1,19,13,NaN
2012,1,19,14,NaN
2012,1,19,15,NaN
2012,1,19,16,NaN
2012,1,19,17,NaN
2012,1,19,18,NaN
2012,1,19,19,NaN
2012,1,19,20,NaN
2012,1,19,21,NaN
2012,1,19,22,NaN
2012,1,19,23,NaN
2012,1,20,0,NaN
2012,1,20,1,NaN
2012,1,20,2,NaN
2012,1,20,3,NaN
2012,1,20,4,NaN
2012,1,20,5,NaN
2012,1,20,6,NaN
2012,1,20,7,NaN
2012,1,20,8,NaN
2012,1,20,9,NaN
2012,1,20,10,NaN
2012,1,20,11,NaN
2012,1,20,12,NaN
2012,1,20,13,NaN
2012,1,20,14,NaN
2012,1,20,15,NaN
2012,1,20,16,NaN
2012,1,20,17,NaN
2012,1,20,18,NaN
2012,1,20,19,NaN
2012,1,20,20,NaN
2012,1,20,21,NaN
2012,1,20,22,NaN
2012,1,20,23,NaN
2012,1,21,0,NaN
2012,1,21,1,NaN
2012,1,21,2,NaN
2012,1,21,3,NaN
2012,1,21,4,NaN
2012,1,21,5,NaN
2012,1,21,6,NaN
2012,1,21,7,NaN
2012,1,21,8,NaN
2012,1,21,9,NaN
2012,1,21,10,NaN
2012,1,21,11,NaN
2012,1,21,12,NaN
2012,1,21,13,NaN
2012,1,21,14,NaN
2012,1,21,15,NaN
2012,1,21,16,NaN
2012,1,21,17,NaN
2012,1,21,18,NaN
2012,1,21,19,NaN
2012,1,21,20,NaN
2012,1,21,21,NaN
2012,1,21,22,NaN
2012,1,21,23,NaN
2012,1,22,0,NaN
2012,1,22,1,NaN
2012,1,22,2,NaN
2012,1,22,3,NaN
2012,1,22,4,NaN
2012,1,22,5,NaN
2012,1,22,6,NaN
2012,1,22,7,NaN
2012,1,22,8,NaN
2012,1,22,9,NaN
2012,1,22,10,NaN
2012,1,22,11,NaN
2012,1,22,12,NaN
2012,1,22,13,NaN
2012,1,22,14,NaN
2012,1,22,15,NaN
2012,1,22,16,NaN
2012,1,22,17,NaN
2012,1,22,18,NaN
2012,1,22,19,NaN
2012,1,22,20,NaN
2012,1,22,21,NaN
2012,1,22,22,NaN
2012,1,22,23,NaN
2012,1,23,0,NaN
2012,1,23,1,NaN
2012,1,23,2,NaN
2012,1,23,3,NaN
2012,1,23,4,NaN
2012,1,23,5,NaN
2012,1,23,6,NaN
2012,1,23,7,NaN
2012,1,23,8,NaN
2012,1,23,9,NaN
2012,1,23,10,NaN
2012,1,23,11,NaN
2012,1,23,12,NaN
2012,1,23,13,NaN
2012,1,23,14,NaN
2012,1,23,15,NaN
2012,1,23,16,NaN
2012,1,23,17,NaN
2012,1,23,18,NaN
2012,1,23,19,NaN
2012,1,23,20,NaN
2012,1,23,21,NaN
2012,1,23,22,NaN
2012,1,23,23,NaN
2012,1,24,0,NaN
2012,1,24,1,NaN
2012,1,24,2,NaN
2012,1,24,3,NaN
2012,1,24,4,NaN
2012,1,24,5,NaN
2012,1,24,6,NaN
2012,1,24,7,NaN
2012,1,24,8,NaN
2012,1,24,9,NaN
2012,1,24,10,NaN
2012,1,24,11,NaN
2012,1,24,12,NaN
2012,1,24,13,NaN
2012,1,24,14,NaN
2012,1,24,15,NaN
2012,1,24,16,NaN
2012,1,24,17,NaN
2012,1,24,18,NaN
2012,1,24,19,NaN
2012,1,24,20,NaN
2012,1,24,21,NaN
2012,1,24,22,NaN
2012,1,24,23,NaN
2012,1,25,0,NaN
2012,1,25,1,NaN
2012,1,25,2,NaN
2012,1,25,3,NaN
2012,1,25,4,NaN
2012,1,25,5,NaN
2012,1,25,6,NaN
2012,1,25,7,NaN
2012,1,25,8,NaN
2012,1,25,9,NaN
2012,1,25,10,NaN
2012,1,25,11,NaN
2012,1,25,12,NaN
2012,1,25,13,NaN
2012,1,25,14,NaN
2012,1,25,15,NaN
2012,1,25,16,NaN
2012,1,25,17,NaN
2012,1,25,18,NaN
2012,1,25,19,NaN
2012,1,25,20,NaN
2012,1,25,21,NaN
2012,1,25,22,NaN
2012,1,25,23,NaN
2012,1,26,0,NaN
2012,1,26,1,NaN
2012,1,26,2,NaN
2012,1,26,3,NaN
2012,1,26,4,NaN
2012,1,26,5,NaN
2012,1,26,6,NaN
2012,1,26,7,NaN
2012,1,26,8,NaN
2012,1,26,9,NaN
2012,1,26,10,NaN
2012,1,26,11,NaN
2012,1,26,12,NaN
2012,1,26,13,NaN
2012,1,26,14,NaN
2012,1,26,15,NaN
2012,1,26,16,NaN
2012,1,26,17,NaN
2012,1,26,18,NaN
2012,1,26,19,NaN
2012,1,26,20,NaN
2012,1,26,21,NaN
2012,1,26,22,NaN
2012,1,26,23,NaN
2012,1,27,0,NaN
2012,1,27,1,NaN
2012,1,27,2,NaN
2012,1,27,3,NaN
2012,1,27,4,NaN
2012,1,27,5,NaN
2012,1,27,6,NaN
2012,1,27,7,NaN
2012,1,27,8,NaN
2012,1,27,9,NaN
2012,1,27,10,NaN
2012,1,27,11,NaN
2012,1,27,12,NaN
2012,1,27,13,NaN
2012,1,27,14,NaN
2012,1,27,15,NaN
2012,1,27,16,NaN
2012,1,27,17,NaN
2012,1,27,18,NaN
2012,1,27,19,NaN
2012,1,27,20,NaN
2012,1,27,21,NaN
2012,1,27,22,NaN
2012,1,27,23,NaN
2012,1,28,0,NaN
2012,1,28,1,NaN
2012,1,28,2,NaN
2012,1,28,3,NaN
2012,1,28,4,NaN
2012,1,28,5,NaN
2012,1,28,6,NaN
2012,1,28,7,NaN
2012,1,28,8,NaN
2012,1,28,9,NaN
2012,1,28,10,NaN
2012,1,28,11,NaN
2012,1,28,12,NaN
2012,1,28,13,NaN
2012,1,28,14,NaN
2012,1,28,15,NaN
2012,1,28,16,NaN
2012,1,28,17,NaN
2012,1,28,18,NaN
2012,1,28,19,NaN
2012,1,28,20,NaN
2012,1,28,21,NaN
2012,1,28,22,NaN
2012,1,28,23,NaN
2012,1,29,0,NaN
2012,1,29,1,NaN
2012,1,29,2,NaN
2012,1,29,3,NaN
2012,1,29,4,NaN
2012,1,29,5,NaN
2012,1,29,6,NaN
2012,1,29,7,NaN
2012,1,29,8,NaN
2012,1,29,9,NaN
2012,1,29,10,NaN
2012,1,29,11,NaN
2012,1,29,12,NaN
2012,1,29,13,NaN
2012,1,29,14,NaN
2012,1,29,15,NaN
2012,1,29,16,NaN
2012,1,29,17,NaN
2012,1,29,18,NaN
2012,1,29,19,NaN
2012,1,29,20,NaN
2012,1,29,21,NaN
2012,1,29,22,NaN
2012,1,29,23,NaN
2012,1,30,0,NaN
2012,1,30,1,NaN
2012,1,30,2,NaN
2012,1,30,3,NaN
2012,1,30,4,NaN
2012,1,30,5,NaN
2012,1,30,6,NaN
2012,1,30,7,NaN
2012,1,30,8,NaN
2012,1,30,9,NaN
2012,1,30,10,NaN
2012,1,30,11,NaN
2012,1,30,12,NaN
2012,1,30,13,NaN
2012,1,30,14,NaN
2012,1,30,15,NaN
2012,1,30,16,NaN
2012,1,30,17,NaN
2012,1,30,18,NaN
2012,1,30,19,NaN
2012,1,30,20,NaN
2012,1,30,21,NaN
2012,1,30,22,NaN
2012,1,30,23,NaN
2012,1,31,0,NaN
2012,1,31,1,NaN
2012,1,31,2,NaN
2012,1,31,3,NaN
2012,1,31,4,NaN
2012,1,31,5,NaN
2012,1,31,6,NaN
2012,1,31,7,NaN
2012,1,31,8,NaN
2012,1,31,9,NaN
2012,1,31,10,NaN
2012,1,31,11,NaN
2012,1,31,12,NaN
2012,1,31,13,NaN
2012,1,31,14,NaN
2012,1,31,15,NaN
2012,1,31,16,NaN
2012,1,31,17,NaN
2012,1,31,18,NaN
2012,1,31,19,NaN
2012,1,31,20,NaN
2012,1,31,21,NaN
2012,1,31,22,NaN
2012,1,31,23,NaN
2012,2,1,0,NaN
2012,2,1,1,NaN
2012,2,1,2,NaN
2012,2,1,3,NaN
2012,2,1,4,NaN
2012,2,1,5,NaN
2012,2,1,6,NaN
2012,2,1,7,NaN
2012,2,1,8,NaN
2012,2,1,9,NaN
2012,2,1,10,NaN
2012,2,1,11,NaN
2012,2,1,12,NaN
2012,2,1,13,NaN
2012,2,1,14,NaN
2012,2,1,15,NaN
2012,2,1,16,NaN
2012,2,1,17,NaN
2012,2,1,18,NaN
2012,2,1,19,NaN
2012,2,1,20,NaN
2012,2,1,21,NaN
2012,2,1,22,NaN
2012,2,1,23,NaN
2012,2,2,0,NaN
2012,2,2,1,NaN
2012,2,2,2,NaN
2012,2,2,3,NaN
2012,2,2,4,NaN
2012,2,2,5,NaN
2012,2,2,6,NaN
2012,2,2,7,NaN
2012,2,2,8,NaN
2012,2,2,9,NaN
2012,2,2,10,NaN
2012,2,2,11,NaN
2012,2,2,12,NaN
2012,2,2,13,NaN
2012,2,2,14,NaN
2012,2,2,15,NaN
2012,2,2,16,NaN
2012,2,2,17,NaN
2012,2,2,18,NaN
2012,2,2,19,NaN
2012,2,2,20,NaN
2012,2,2,21,NaN
2012,2,2,22,NaN
2012,2,2,23,NaN
2012,2,3,0,NaN
2012,2,3,1,NaN
2012,2,3,2,NaN
2012,2,3,3,NaN
2012,2,3,4,NaN
2012,2,3,5,NaN
2012,2,3,6,NaN
2012,2,3,7,NaN
2012,2,3,8,NaN
2012,2,3,9,NaN
2012,2,3,10,NaN
2012,2,3,11,NaN
2012,2,3,12,NaN
2012,2,3,13,NaN
2012,2,3,14,NaN
2012,2,3,15,NaN
2012,2,3,16,NaN
2012,2,3,17,NaN
2012,2,3,18,NaN
2012,2,3,19,NaN
2012,2,3,20,NaN
2012,2,3,21,NaN
2012,2,3,22,NaN
2012,2,3,23,NaN
2012,2,4,0,NaN
2012,2,4,1,NaN
2012,2,4,2,NaN
2012,2,4,3,NaN
2012,2,4,4,NaN
2012,2,4,5,NaN
2012,2,4,6,NaN
2012,2,4,7,NaN
2012,2,4,8,NaN
2012,2,4,9,NaN
2012,2,4,10,NaN
2012,2,4,11,NaN
2012,2,4,12,NaN
2012,2,4,13,NaN
2012,2,4,14,NaN
2012,2,4,15,NaN
2012,2,4,16,NaN
2012,2,4,17,NaN
2012,2,4,18,NaN
2012,2,4,19,NaN
2012,2,4,20,NaN
2012,2,4,21,NaN
2012,2,4,22,NaN
2012,2,4,23,NaN
2012,2,5,0,NaN
2012,2,5,1,NaN
2012,2,5,2,NaN
2012,2,5,3,NaN
2012,2,5,4,NaN
2012,2,5,5,NaN
2012,2,5,6,NaN
2012,2,5,7,NaN
2012,2,5,8,NaN
2012,2,5,9,NaN
2012,2,5,10,NaN
2012,2,5,11,NaN
2012,2,5,12,NaN
2012,2,5,13,NaN
2012,2,5,14,NaN
2012,2,5,15,NaN
2012,2,5,16,NaN
2012,2,5,17,NaN
2012,2,5,18,NaN
2012,2,5,19,NaN
2012,2,5,20,NaN
2012,2,5,21,NaN
2012,2,5,22,NaN
2012,2,5,23,NaN
2012,2,6,0,NaN
2012,2,6,1,NaN
2012,2,6,2,NaN
2012,2,6,3,NaN
2012,2,6,4,NaN
2012,2,6,5,NaN
2012,2,6,6,NaN
2012,2,6,7,NaN
2012,2,6,8,NaN
2012,2,6,9,NaN
2012,2,6,10,NaN
2012,2,6,11,NaN
2012,2,6,12,NaN
2012,2,6,13,NaN
2012,2,6,14,NaN
2012,2,6,15,NaN
2012,2,6,16,NaN
2012,2,6,17,NaN
2012,2,6,18,NaN
2012,2,6,19,NaN
2012,2,6,20,NaN
2012,2,6,21,NaN
2012,2,6,22,NaN
2012,2,6,23,NaN
2012,2,7,0,NaN
2012,2,7,1,NaN
2012,2,7,2,NaN
2012,2,7,3,NaN
2012,2,7,4,NaN
2012,2,7,5,NaN
2012,2,7,6,NaN
2012,2,7,7,NaN
2012,2,7,8,NaN
2012,2,7,9,NaN
2012,2,7,10,NaN
2012,2,7,11,NaN
2012,2,7,12,NaN
2012,2,7,13,NaN
2012,2,7,14,NaN
2012,2,7,15,NaN
2012,2,7,16,NaN
2012,2,7,17,NaN
2012,2,7,18,NaN
2012,2,7,19,NaN
2012,2,7,20,NaN
2012,2,7,21,NaN
2012,2,7,22,NaN
2012,2,7,23,NaN
2012,2,8,0,NaN
2012,2,8,1,NaN
2012,2,8,2,NaN
2012,2,8,3,NaN
2012,2,8,4,NaN
2012,2,8,5,NaN
2012,2,8,6,NaN
2012,2,8,7,NaN
2012,2,8,8,NaN
2012,2,8,9,NaN
2012,2,8,10,NaN
2012,2,8,11,NaN
2012,2,8,12,NaN
2012,2,8,13,NaN
2012,2,8,14,NaN
2012,2,8,15,NaN
2012,2,8,16,NaN
2012,2,8,17,NaN
2012,2,8,18,NaN
2012,2,8,19,NaN
2012,2,8,20,NaN
2012,2,8,21,NaN
2012,2,8,22,NaN
2012,2,8,23,NaN
2012,2,9,0,NaN
2012,2,9,1,NaN
2012,2,9,2,NaN
2012,2,9,3,NaN
2012,2,9,4,NaN
2012,2,9,5,NaN
2012,2,9,6,NaN
2012,2,9,7,NaN
2012,2,9,8,NaN
2012,2,9,9,NaN
2012,2,9,10,NaN
2012,2,9,11,NaN
2012,2,9,12,NaN
2012,2,9,13,NaN
2012,2,9,14,NaN
2012,2,9,15,NaN
2012,2,9,16,NaN
2012,2,9,17,NaN
2012,2,9,18,NaN
2012,2,9,19,NaN
2012,2,9,20,NaN
2012,2,9,21,NaN
2012,2,9,22,NaN
2012,2,9,23,NaN
2012,2,10,0,NaN
2012,2,10,1,NaN
2012,2,10,2,NaN
2012,2,10,3,NaN
2012,2,10,4,NaN
2012,2,10,5,NaN
2012,2,10,6,NaN
2012,2,10,7,NaN
2012,2,10,8,NaN
2012,2,10,9,NaN
2012,2,10,10,NaN
2012,2,10,11,NaN
2012,2,10,12,NaN
2012,2,10,13,NaN
2012,2,10,14,NaN
2012,2,10,15,NaN
2012,2,10,16,NaN
2012,2,10,17,NaN
2012,2,10,18,NaN
2012,2,10,19,NaN
2012,2,10,20,NaN
2012,2,10,21,NaN
2012,2,10,22,NaN
2012,2,10,23,NaN
2012,2,11,0,NaN
2012,2,11,1,NaN
2012,2,11,2,NaN
2012,2,11,3,NaN
2012,2,11,4,NaN
2012,2,11,5,NaN
2012,2,11,6,NaN
2012,2,11,7,NaN
2012,2,11,8,NaN
2012,2,11,9,NaN
2012,2,11,10,NaN
2012,2,11,11,NaN
2012,2,11,12,NaN
2012,2,11,13,NaN
2012,2,11,14,NaN
2012,2,11,15,NaN
2012,2,11,16,NaN
2012,2,11,17,NaN
2012,2,11,18,NaN
2012,2,11,19,NaN
2012,2,11,20,NaN
2012,2,11,21,NaN
2012,2,11,22,NaN
2012,2,11,23,NaN
2012,2,12,0,NaN
2012,2,12,1,NaN
2012,2,12,2,NaN
2012,2,12,3,NaN
2012,2,12,4,NaN
2012,2,12,5,NaN
2012,2,12,6,NaN
2012,2,12,7,NaN
2012,2,12,8,NaN
2012,2,12,9,NaN
2012,2,12,10,NaN
2012,2,12,11,NaN
2012,2,12,12,NaN
2012,2,12,13,NaN
2012,2,12,14,NaN
2012,2,12,15,NaN
2012,2,12,16,NaN
2012,2,12,17,NaN
2012,2,12,18,NaN
2012,2,12,19,NaN
2012,2,12,20,NaN
2012,2,12,21,NaN
2012,2,12,22,NaN
2012,2,12,23,NaN
2012,2,13,0,NaN
2012,2,13,1,NaN
2012,2,13,2,NaN
2012,2,13,3,NaN
2012,2,13,4,NaN
2012,2,13,5,NaN
2012,2,13,6,NaN
2012,2,13,7,NaN
2012,2,13,8,NaN
2012,2,13,9,NaN
2012,2,13,10,NaN
2012,2,13,11,NaN
2012,2,13,12,NaN
2012,2,13,13,NaN
2012,2,13,14,NaN
2012,2,13,15,NaN
2012,2,13,16,NaN
2012,2,13,17,NaN
2012,2,13,18,NaN
2012,2,13,19,NaN
2012,2,13,20,NaN
2012,2,13,21,NaN
2012,2,13,22,NaN
2012,2,13,23,NaN
2012,2,14,0,NaN
2012,2,14,1,NaN
2012,2,14,2,NaN
2012,2,14,3,NaN
2012,2,14,4,NaN
2012,2,14,5,NaN
2012,2,14,6,NaN
2012,2,14,7,NaN
2012,2,14,8,NaN
2012,2,14,9,NaN
2012,2,14,10,NaN
2012,2,14,11,NaN
2012,2,14,12,NaN
2012,2,14,13,NaN
2012,2,14,14,NaN
2012,2,14,15,NaN
2012,2,14,16,NaN
2012,2,14,17,NaN
2012,2,14,18,NaN
2012,2,14,19,NaN
2012,2,14,20,NaN
2012,2,14,21,NaN
2012,2,14,22,NaN
2012,2,14,23,NaN
2012,2,15,0,NaN
2012,2,15,1,NaN
2012,2,15,2,NaN
2012,2,15,3,NaN
2012,2,15,4,NaN
2012,2,15,5,NaN
2012,2,15,6,NaN
2012,2,15,7,NaN
2012,2,15,8,NaN
2012,2,15,9,NaN
2012,2,15,10,NaN
2012,2,15,11,NaN
2012,2,15,12,NaN
2012,2,15,13,NaN
2012,2,15,14,NaN
2012,2,15,15,NaN
2012,2,15,16,NaN
2012,2,15,17,NaN
2012,2,15,18,NaN
2012,2,15,19,NaN
2012,2,15,20,NaN
2012,2,15,21,NaN
2012,2,15,22,NaN
2012,2,15,23,NaN
2012,2,16,0,NaN
2012,2,16,1,NaN
2012,2,16,2,NaN
2012,2,16,3,NaN
2012,2,16,4,NaN
2012,2,16,5,NaN
2012,2,16,6,NaN
2012,2,16,7,NaN
2012,2,16,8,NaN
2012,2,16,9,NaN
2012,2,16,10,NaN
2012,2,16,11,NaN
2012,2,16,12,NaN
2012,2,16,13,NaN
2012,2,16,14,NaN
2012,2,16,15,NaN
2012,2,16,16,NaN
2012,2,16,17,NaN
2012,2,16,18,NaN
2012,2,16,19,NaN
2012,2,16,20,NaN
2012,2,16,21,NaN
2012,2,16,22,NaN
2012,2,16,23,NaN
2012,2,17,0,NaN
2012,2,17,1,NaN
2012,2,17,2,NaN
2012,2,17,3,NaN
2012,2,17,4,NaN
2012,2,17,5,NaN
2012,2,17,6,NaN
2012,2,17,7,NaN
2012,2,17,8,NaN
2012,2,17,9,NaN
2012,2,17,10,NaN
2012,2,17,11,NaN
2012,2,17,12,NaN
2012,2,17,13,NaN
2012,2,17,14,NaN
2012,2,17,15,NaN
2012,2,17,16,NaN
2012,2,17,17,NaN
2012,2,17,18,NaN
2012,2,17,19,NaN
2012,2,17,20,NaN
2012,2,17,21,NaN
2012,2,17,22,NaN
2012,2,17,23,NaN
2012,2,18,0,NaN
2012,2,18,1,NaN
2012,2,18,2,NaN
2012,2,18,3,NaN
2012,2,18,4,NaN
2012,2,18,5,NaN
2012,2,18,6,NaN
2012,2,18,7,NaN
2012,2,18,8,NaN
2012,2,18,9,NaN
2012,2,18,10,NaN
2012,2,18,11,NaN
2012,2,18,12,NaN
2012,2,18,13,NaN
2012,2,18,14,NaN
2012,2,18,15,NaN
2012,2,18,16,NaN
2012,2,18,17,NaN
2012,2,18,18,NaN
2012,2,18,19,NaN
2012,2,18,20,NaN
2012,2,18,21,NaN
2012,2,18,22,NaN
2012,2,18,23,NaN
2012,2,19,0,NaN
2012,2,19,1,NaN
2012,2,19,2,NaN
2012,2,19,3,NaN
2012,2,19,4,NaN
2012,2,19,5,NaN
2012,2,19,6,NaN
2012,2,19,7,NaN
2012,2,19,8,NaN
2012,2,19,9,NaN
2012,2,19,10,NaN
2012,2,19,11,NaN
2012,2,19,12,NaN
2012,2,19,13,NaN
2012,2,19,14,NaN
2012,2,19,15,NaN
2012,2,19,16,NaN
2012,2,19,17,NaN
2012,2,19,18,NaN
2012,2,19,19,NaN
2012,2,19,20,NaN
2012,2,19,21,NaN
2012,2,19,22,NaN
2012,2,19,23,NaN
2012,2,20,0,NaN
2012,2,20,1,NaN
2012,2,20,2,NaN
2012,2,20,3,NaN
2012,2,20,4,NaN
2012,2,20,5,NaN
2012,2,20,6,NaN
2012,2,20,7,NaN
2012,2,20,8,NaN
2012,2,20,9,NaN
2012,2,20,10,NaN
2012,2,20,11,NaN
2012,2,20,12,NaN
2012,2,20,13,NaN
2012,2,20,14,NaN
2012,2,20,15,NaN
2012,2,20,16,NaN
2012,2,20,17,NaN
2012,2,20,18,NaN
2012,2,20,19,NaN
2012,2,20,20,NaN
2012,2,20,21,NaN
2012,2,20,22,NaN
2012,2,20,23,NaN
2012,2,21,0,NaN
2012,2,21,1,NaN
2012,2,21,2,NaN
2012,2,21,3,NaN
2012,2,21,4,NaN
2012,2,21,5,NaN
2012,2,21,6,NaN
2012,2,21,7,NaN
2012,2,21,8,NaN
2012,2,21,9,NaN
2012,2,21,10,NaN
2012,2,21,11,NaN
2012,2,21,12,NaN
2012,2,21,13,NaN
2012,2,21,14,NaN
2012,2,21,15,NaN
2012,2,21,16,NaN
2012,2,21,17,NaN
2012,2,21,18,NaN
2012,2,21,19,NaN
2012,2,21,20,NaN
2012,2,21,21,NaN
2012,2,21,22,NaN
2012,2,21,23,NaN
2012,2,22,0,NaN
2012,2,22,1,NaN
2012,2,22,2,NaN
2012,2,22,3,NaN
2012,2,22,4,NaN
2012,2,22,5,NaN
2012,2,22,6,NaN
2012,2,22,7,NaN
2012,2,22,8,NaN
2012,2,22,9,NaN
2012,2,22,10,NaN
2012,2,22,11,NaN
2012,2,22,12,NaN
2012,2,22,13,NaN
2012,2,22,14,NaN
2012,2,22,15,NaN
2012,2,22,16,NaN
2012,2,22,17,NaN
2012,2,22,18,NaN
2012,2,22,19,NaN
2012,2,22,20,NaN
2012,2,22,21,NaN
2012,2,22,22,NaN
2012,2,22,23,NaN
2012,2,23,0,NaN
2012,2,23,1,NaN
2012,2,23,2,NaN
2012,2,23,3,NaN
2012,2,23,4,NaN
2012,2,23,5,NaN
2012,2,23,6,NaN
2012,2,23,7,NaN
2012,2,23,8,NaN
2012,2,23,9,NaN
2012,2,23,10,NaN
2012,2,23,11,NaN
2012,2,23,12,NaN
2012,2,23,13,NaN
2012,2,23,14,NaN
2012,2,23,15,NaN
2012,2,23,16,NaN
2012,2,23,17,NaN
2012,2,23,18,NaN
2012,2,23,19,NaN
2012,2,23,20,NaN
2012,2,23,21,NaN
2012,2,23,22,NaN
2012,2,23,23,NaN
2012,2,24,0,NaN
2012,2,24,1,NaN
2012,2,24,2,NaN
2012,2,24,3,NaN
2012,2,24,4,NaN
2012,2,24,5,NaN
2012,2,24,6,NaN
2012,2,24,7,NaN
2012,2,24,8,NaN
2012,2,24,9,NaN
2012,2,24,10,NaN
2012,2,24,11,NaN
2012,2,24,12,NaN
2012,2,24,13,NaN
2012,2,24,14,NaN
2012,2,24,15,NaN
2012,2,24,16,NaN
2012,2,24,17,NaN
2012,2,24,18,NaN
2012,2,24,19,NaN
2012,2,24,20,NaN
2012,2,24,21,NaN
2012,2,24,22,NaN
2012,2,24,23,NaN
2012,2,25,0,NaN
2012,2,25,1,NaN
2012,2,25,2,NaN
2012,2,25,3,NaN
2012,2,25,4,NaN
2012,2,25,5,NaN
2012,2,25,6,NaN
2012,2,25,7,NaN
2012,2,25,8,NaN
2012,2,25,9,NaN
2012,2,25,10,NaN
2012,2,25,11,NaN
2012,2,25,12,NaN
2012,2,25,13,NaN
2012,2,25,14,NaN
2012,2,25,15,NaN
2012,2,25,16,NaN
2012,2,25,17,NaN
2012,2,25,18,NaN
2012,2,25,19,NaN
2012,2,25,20,NaN
2012,2,25,21,NaN
2012,2,25,22,NaN
2012,2,25,23,NaN
2012,2,26,0,NaN
2012,2,26,1,NaN
2012,2,26,2,NaN
2012,2,26,3,NaN
2012,2,26,4,NaN
2012,2,26,5,NaN
2012,2,26,6,NaN
2012,2,26,7,NaN
2012,2,26,8,NaN
2012,2,26,9,NaN
2012,2,26,10,NaN
2012,2,26,11,NaN
2012,2,26,12,NaN
2012,2,26,13,NaN
2012,2,26,14,NaN
2012,2,26,15,NaN
2012,2,26,16,NaN
2012,2,26,17,NaN
2012,2,26,18,NaN
2012,2,26,19,NaN
2012,2,26,20,NaN
2012,2,26,21,NaN
2012,2,26,22,NaN
2012,2,26,23,NaN
2012,2,27,0,NaN
2012,2,27,1,NaN
2012,2,27,2,NaN
2012,2,27,3,NaN
2012,2,27,4,NaN
2012,2,27,5,NaN
2012,2,27,6,NaN
2012,2,27,7,NaN
2012,2,27,8,NaN
2012,2,27,9,NaN
2012,2,27,10,NaN
2012,2,27,11,NaN
2012,2,27,12,NaN
2012,2,27,13,NaN
2012,2,27,14,NaN
2012,2,27,15,NaN
2012,2,27,16,NaN
2012,2,27,17,NaN
2012,2,27,18,NaN
2012,2,27,19,NaN
2012,2,27,20,NaN
2012,2,27,21,NaN
2012,2,27,22,NaN
2012,2,27,23,NaN
2012,2,28,0,NaN
2012,2,28,1,NaN
2012,2,28,2,NaN
2012,2,28,3,NaN
2012,2,28,4,NaN
2012,2,28,5,NaN
2012,2,28,6,NaN
2012,2,28,7,NaN
2012,2,28,8,NaN
2012,2,28,9,NaN
2012,2,28,10,NaN
2012,2,28,11,NaN
2012,2,28,12,NaN
2012,2,28,13,NaN
2012,2,28,14,NaN
2012,2,28,15,NaN
2012,2,28,16,NaN
2012,2,28,17,NaN
2012,2,28,18,NaN
2012,2,28,19,NaN
2012,2,28,20,NaN
2012,2,28,21,NaN
2012,2,28,22,NaN
2012,2,28,23,NaN
2012,2,29,0,NaN
2012,2,29,1,NaN
2012,2,29,2,NaN
2012,2,29,3,NaN
2012,2,29,4,NaN
2012,2,29,5,NaN
2012,2,29,6,NaN
2012,2,29,7,NaN
2012,2,29,8,NaN
2012,2,29,9,NaN
2012,2,29,10,NaN
2012,2,29,11,NaN
2012,2,29,12,NaN
2012,2,29,13,NaN
2012,2,29,14,NaN
2012,2,29,15,NaN
2012,2,29,16,NaN
2012,2,29,17,NaN
2012,2,29,18,NaN
2012,2,29,19,NaN
2012,2,29,20,NaN
2012,2,29,21,NaN
2012,2,29,22,NaN
2012,2,29,23,NaN
2012,3,1,0,NaN
2012,3,1,1,NaN
2012,3,1,2,NaN
2012,3,1,3,NaN
2012,3,1,4,NaN
2012,3,1,5,NaN
2012,3,1,6,NaN
2012,3,1,7,NaN
2012,3,1,8,NaN
2012,3,1,9,NaN
2012,3,1,10,NaN
2012,3,1,11,NaN
2012,3,1,12,NaN
2012,3,1,13,NaN
2012,3,1,14,NaN
2012,3,1,15,-0.285665
2012,3,1,16,0.0446461
2012,3,1,17,-0.59233
2012,3,1,18,-0.49181
2012,3,1,19,-0.118435
2012,3,1,20,-0.0241668
2012,3,1,21,-0.0237772
2012,3,1,22,0.432221
2012,3,1,23,-1.42015
2012,3,2,0,-0.64471
2012,3,2,1,-0.132767
2012,3,2,2,-0.013852
2012,3,2,3,-0.00323223
2012,3,2,4,0.0318099
2012,3,2,5,-0.0847511
2012,3,2,6,-0.0608958
2012,3,2,7,-0.176074
2012,3,2,8,0.0426001
2012,3,2,9,NaN
2012,3,2,10,0.152198
2012,3,2,11,0.359325
2012,3,2,12,0.226162
2012,3,2,13,0.333263
2012,3,2,14,0.1856
2012,3,2,15,0.0587039
2012,3,2,16,0.0418315
2012,3,2,17,0.0122039
2012,3,2,18,0.011097
2012,3,2,19,0.000407436
2012,3,2,20,0.0137842
2012,3,2,21,0.0024225
2012,3,2,22,0.00152597
2012,3,2,23,0.095108
2012,3,3,0,0.0213518
2012,3,3,1,0.0516497
2012,3,3,2,0.086632
2012,3,3,3,0.0202252
2012,3,3,4,0.0475738
2012,3,3,5,-0.00748237
2012,3,3,6,0.00875594
2012,3,3,7,0.0155263
2012,3,3,8,-0.0684966
2012,3,3,9,-0.00635422
2012,3,3,10,0.149558
2012,3,3,11,0.114609
2012,3,3,12,0.0368336
2012,3,3,13,0.0503626
2012,3,3,14,0.0223065
2012,3,3,15,0.0118287
2012,3,3,16,0.0371027
2012,3,3,17,0.196817
2012,3,3,18,0.0686304
2012,3,3,19,0.2149
2012,3,3,20,-0.32156
2012,3,3,21,0.0303347
2012,3,3,22,-0.161272
2012,3,3,23,-0.0527249
2012,3,4,0,-0.207331
2012,3,4,1,0.0950256
2012,3,4,2,0.130594
2012,3,4,3,0.0287377
2012,3,4,4,0.0112557
2012,3,4,5,-0.0256766
2012,3,4,6,0.00248015
2012,3,4,7,-0.00224935
2012,3,4,8,0.125608
2012,3,4,9,0.17956
2012,3,4,10,0.0417667
2012,3,4,11,NaN
2012,3,4,12,NaN
2012,3,4,13,NaN
2012,3,4,14,-0.0254812
2012,3,4,15,-0.103309
2012,3,4,16,0.136946
2012,3,4,17,0.116335
2012,3,4,18,0.00253947
2012,3,4,19,NaN
2012,3,4,20,0.026517
2012,3,4,21,-0.0112417
2012,3,4,22,-0.0741655
2012,3,4,23,-0.092168
2012,3,5,0,-0.162444
2012,3,5,1,-0.567313
2012,3,5,2,-0.573846
2012,3,5,3,-0.294867
2012,3,5,4,-0.0856726
2012,3,5,5,-0.174122
2012,3,5,6,-0.00454056
2012,3,5,7,0.162814
2012,3,5,8,0.000329022
2012,3,5,9,0.0332455
2012,3,5,10,0.0132477
2012,3,5,11,0.00106618
2012,3,5,12,0.00782931
2012,3,5,13,-0.367437
2012,3,5,14,-0.639501
2012,3,5,15,-0.768105
2012,3,5,16,-1.8518
2012,3,5,17,-1.8421
2012,3,5,18,-1.91851
2012,3,5,19,-1.55541
2012,3,5,20,-1.06053
2012,3,5,21,-1.11666
2012,3,5,22,-1.75796
2012,3,5,23,-0.974629
2012,3,6,0,-0.86983
2012,3,6,1,-0.478723
2012,3,6,2,-0.742082
2012,3,6,3,0.0198915
2012,3,6,4,-0.237697
2012,3,6,5,-0.620218
2012,3,6,6,-0.665399
2012,3,6,7,-0.504679
2012,3,6,8,-1.97561
2012,3,6,9,1.54774
2012,3,6,10,2.30828
2012,3,6,11,4.34928
2012,3,6,12,3.41033
2012,3,6,13,2.89768
2012,3,6,14,2.62754
2012,3,6,15,2.49482
2012,3,6,16,2.89718
2012,3,6,17,2.08215
2012,3,6,18,0.0982884
2012,3,6,19,0.0477052
2012,3,6,20,0.0882374
2012,3,6,21,0.02306
2012,3,6,22,0.0364931
2012,3,6,23,0.0980837
2012,3,7,0,0.182517
2012,3,7,1,NaN
2012,3,7,2,NaN
2012,3,7,3,NaN
2012,3,7,4,NaN
2012,3,7,5,NaN
2012,3,7,6,NaN
2012,3,7,7,NaN
2012,3,7,8,NaN
2012,3,7,9,NaN
2012,3,7,10,NaN
2012,3,7,11,NaN
2012,3,7,12,NaN
2012,3,7,13,NaN
2012,3,7,14,NaN
2012,3,7,15,NaN
2012,3,7,16,NaN
2012,3,7,17,NaN
2012,3,7,18,NaN
2012,3,7,19,NaN
2012,3,7,20,NaN
2012,3,7,21,NaN
2012,3,7,22,NaN
2012,3,7,23,NaN
2012,3,8,0,NaN
2012,3,8,1,NaN
2012,3,8,2,NaN
2012,3,8,3,NaN
2012,3,8,4,NaN
2012,3,8,5,NaN
2012,3,8,6,NaN
2012,3,8,7,NaN
2012,3,8,8,NaN
2012,3,8,9,NaN
2012,3,8,10,NaN
2012,3,8,11,NaN
2012,3,8,12,NaN
2012,3,8,13,NaN
2012,3,8,14,NaN
2012,3,8,15,NaN
2012,3,8,16,NaN
2012,3,8,17,NaN
2012,3,8,18,NaN
2012,3,8,19,NaN
2012,3,8,20,NaN
2012,3,8,21,NaN
2012,3,8,22,NaN
2012,3,8,23,NaN
2012,3,9,0,NaN
2012,3,9,1,NaN
2012,3,9,2,NaN
2012,3,9,3,NaN
2012,3,9,4,NaN
2012,3,9,5,NaN
2012,3,9,6,NaN
2012,3,9,7,NaN
2012,3,9,8,NaN
2012,3,9,9,NaN
2012,3,9,10,NaN
2012,3,9,11,NaN
2012,3,9,12,NaN
2012,3,9,13,NaN
2012,3,9,14,NaN
2012,3,9,15,NaN
2012,3,9,16,NaN
2012,3,9,17,NaN
2012,3,9,18,NaN
2012,3,9,19,NaN
2012,3,9,20,NaN
2012,3,9,21,NaN
2012,3,9,22,NaN
2012,3,9,23,NaN
2012,3,10,0,NaN
2012,3,10,1,NaN
2012,3,10,2,NaN
2012,3,10,3,NaN
2012,3,10,4,NaN
2012,3,10,5,NaN
2012,3,10,6,NaN
2012,3,10,7,NaN
2012,3,10,8,NaN
2012,3,10,9,NaN
2012,3,10,10,NaN
2012,3,10,11,NaN
2012,3,10,12,NaN
2012,3,10,13,NaN
2012,3,10,14,NaN
2012,3,10,15,NaN
2012,3,10,16,NaN
2012,3,10,17,NaN
2012,3,10,18,NaN
2012,3,10,19,NaN
2012,3,10,20,NaN
2012,3,10,21,NaN
2012,3,10,22,NaN
2012,3,10,23,NaN
2012,3,11,0,NaN
2012,3,11,1,NaN
2012,3,11,2,NaN
2012,3,11,3,NaN
2012,3,11,4,NaN
2012,3,11,5,NaN
2012,3,11,6,NaN
2012,3,11,7,NaN
2012,3,11,8,NaN
2012,3,11,9,NaN
2012,3,11,10,NaN
2012,3,11,11,NaN
2012,3,11,12,NaN
2012,3,11,13,NaN
2012,3,11,14,NaN
2012,3,11,15,NaN
2012,3,11,16,NaN
2012,3,11,17,NaN
2012,3,11,18,NaN
2012,3,11,19,NaN
2012,3,11,20,NaN
2012,3,11,21,NaN
2012,3,11,22,NaN
2012,3,11,23,NaN
2012,3,12,0,NaN
2012,3,12,1,NaN
2012,3,12,2,NaN
2012,3,12,3,NaN
2012,3,12,4,NaN
2012,3,12,5,NaN
2012,3,12,6,NaN
2012,3,12,7,NaN
2012,3,12,8,NaN
2012,3,12,9,NaN
2012,3,12,10,NaN
2012,3,12,11,NaN
2012,3,12,12,NaN
2012,3,12,13,NaN
2012,3,12,14,NaN
2012,3,12,15,NaN
2012,3,12,16,NaN
2012,3,12,17,NaN
2012,3,12,18,NaN
2012,3,12,19,NaN
2012,3,12,20,NaN
2012,3,12,21,NaN
2012,3,12,22,NaN
2012,3,12,23,NaN
2012,3,13,0,NaN
2012,3,13,1,NaN
2012,3,13,2,NaN
2012,3,13,3,NaN
2012,3,13,4,NaN
2012,3,13,5,NaN
2012,3,13,6,NaN
2012,3,13,7,NaN
2012,3,13,8,NaN
2012,3,13,9,NaN
2012,3,13,10,NaN
2012,3,13,11,NaN
2012,3,13,12,NaN
2012,3,13,13,NaN
2012,3,13,14,NaN
2012,3,13,15,NaN
2012,3,13,16,NaN
2012,3,13,17,NaN
2012,3,13,18,NaN
2012,3,13,19,NaN
2012,3,13,20,NaN
2012,3,13,21,NaN
2012,3,13,22,NaN
2012,3,13,23,NaN
2012,3,14,0,NaN
2012,3,14,1,NaN
2012,3,14,2,NaN
2012,3,14,3,NaN
2012,3,14,4,NaN
2012,3,14,5,NaN
2012,3,14,6,NaN
2012,3,14,7,NaN
2012,3,14,8,NaN
2012,3,14,9,NaN
2012,3,14,10,NaN
2012,3,14,11,NaN
2012,3,14,12,NaN
2012,3,14,13,NaN
2012,3,14,14,NaN
2012,3,14,15,NaN
2012,3,14,16,NaN
2012,3,14,17,NaN
2012,3,14,18,NaN
2012,3,14,19,NaN
2012,3,14,20,NaN
2012,3,14,21,NaN
2012,3,14,22,NaN
2012,3,14,23,NaN
2012,3,15,0,NaN
2012,3,15,1,NaN
2012,3,15,2,NaN
2012,3,15,3,NaN
2012,3,15,4,NaN
2012,3,15,5,NaN
2012,3,15,6,NaN
2012,3,15,7,NaN
2012,3,15,8,NaN
2012,3,15,9,NaN
2012,3,15,10,NaN
2012,3,15,11,NaN
2012,3,15,12,NaN
2012,3,15,13,NaN
2012,3,15,14,NaN
2012,3,15,15,4.32575
2012,3,15,16,-3.94551
2012,3,15,17,-3.68267
2012,3,15,18,-3.66974
2012,3,15,19,-1.38685
2012,3,15,20,-8.04935
2012,3,15,21,-31.6117
2012,3,15,22,-2.10765
2012,3,15,23,-0.22842
2012,3,16,0,-0.228466
2012,3,16,1,NaN
2012,3,16,2,NaN
2012,3,16,3,NaN
2012,3,16,4,NaN
2012,3,16,5,NaN
2012,3,16,6,NaN
2012,3,16,7,NaN
2012,3,16,8,NaN
2012,3,16,9,NaN
2012,3,16,10,NaN
2012,3,16,11,NaN
2012,3,16,12,NaN
2012,3,16,13,NaN
2012,3,16,14,3.22768
2012,3,16,15,-0.0574808
2012,3,16,16,-1.55048
2012,3,16,17,-0.547929
2012,3,16,18,0.0512068
2012,3,16,19,-0.020784
2012,3,16,20,0.0992336
2012,3,16,21,0.0396414
2012,3,16,22,0.0876456
2012,3,16,23,-0.132118
2012,3,17,0,-0.11278
2012,3,17,1,NaN
2012,3,17,2,NaN
2012,3,17,3,NaN
2012,3,17,4,NaN
2012,3,17,5,NaN
2012,3,17,6,NaN
2012,3,17,7,NaN
2012,3,17,8,NaN
2012,3,17,9,NaN
2012,3,17,10,NaN
2012,3,17,11,NaN
2012,3,17,12,NaN
2012,3,17,13,NaN
2012,3,17,14,NaN
2012,3,17,15,NaN
2012,3,17,16,NaN
2012,3,17,17,NaN
2012,3,17,18,NaN
2012,3,17,19,NaN
2012,3,17,20,NaN
2012,3,17,21,NaN
2012,3,17,22,NaN
2012,3,17,23,NaN
2012,3,18,0,NaN
2012,3,18,1,NaN
2012,3,18,2,NaN
2012,3,18,3,NaN
2012,3,18,4,NaN
2012,3,18,5,NaN
2012,3,18,6,NaN
2012,3,18,7,NaN
2012,3,18,8,NaN
2012,3,18,9,NaN
2012,3,18,10,NaN
2012,3,18,11,NaN
2012,3,18,12,NaN
2012,3,18,13,NaN
2012,3,18,14,NaN
2012,3,18,15,NaN
2012,3,18,16,NaN
2012,3,18,17,NaN
2012,3,18,18,NaN
2012,3,18,19,NaN
2012,3,18,20,NaN
2012,3,18,21,NaN
2012,3,18,22,NaN
2012,3,18,23,NaN
2012,3,19,0,NaN
2012,3,19,1,NaN
2012,3,19,2,NaN
2012,3,19,3,NaN
2012,3,19,4,NaN
2012,3,19,5,NaN
2012,3,19,6,NaN
2012,3,19,7,NaN
2012,3,19,8,NaN
2012,3,19,9,NaN
2012,3,19,10,NaN
2012,3,19,11,NaN
2012,3,19,12,NaN
2012,3,19,13,NaN
2012,3,19,14,NaN
2012,3,19,15,NaN
2012,3,19,16,NaN
2012,3,19,17,NaN
2012,3,19,18,NaN
2012,3,19,19,NaN
2012,3,19,20,NaN
2012,3,19,21,NaN
2012,3,19,22,NaN
2012,3,19,23,NaN
2012,3,20,0,NaN
2012,3,20,1,NaN
2012,3,20,2,NaN
2012,3,20,3,NaN
2012,3,20,4,NaN
2012,3,20,5,NaN
2012,3,20,6,NaN
2012,3,20,7,NaN
2012,3,20,8,NaN
2012,3,20,9,NaN
2012,3,20,10,NaN
2012,3,20,11,NaN
2012,3,20,12,NaN
2012,3,20,13,NaN
2012,3,20,14,NaN
2012,3,20,15,NaN
2012,3,20,16,NaN
2012,3,20,17,NaN
2012,3,20,18,NaN
2012,3,20,19,NaN
2012,3,20,20,NaN
2012,3,20,21,NaN
2012,3,20,22,NaN
2012,3,20,23,NaN
2012,3,21,0,NaN
2012,3,21,1,NaN
2012,3,21,2,NaN
2012,3,21,3,NaN
2012,3,21,4,NaN
2012,3,21,5,NaN
2012,3,21,6,NaN
2012,3,21,7,NaN
2012,3,21,8,NaN
2012,3,21,9,NaN
2012,3,21,10,NaN
2012,3,21,11,NaN
2012,3,21,12,14.0114
2012,3,21,13,2.61505
2012,3,21,14,0.170851
2012,3,21,15,2.93006
2012,3,21,16,1.86438
2012,3,21,17,2.44112
2012,3,21,18,1.99708
2012,3,21,19,0.84429
2012,3,21,20,1.11161
2012,3,21,21,-0.150764
2012,3,21,22,0.0686258
2012,3,21,23,-0.0899953
2012,3,22,0,0.00352383
2012,3,22,1,NaN
2012,3,22,2,NaN
2012,3,22,3,NaN
2012,3,22,4,NaN
2012,3,22,5,NaN
2012,3,22,6,NaN
2012,3,22,7,NaN
2012,3,22,8,NaN
2012,3,22,9,NaN
2012,3,22,10,NaN
2012,3,22,11,NaN
2012,3,22,12,NaN
2012,3,22,13,NaN
2012,3,22,14,NaN
2012,3,22,15,NaN
2012,3,22,16,NaN
2012,3,22,17,NaN
2012,3,22,18,NaN
2012,3,22,19,NaN
2012,3,22,20,NaN
2012,3,22,21,NaN
2012,3,22,22,NaN
2012,3,22,23,NaN
2012,3,23,0,NaN
2012,3,23,1,NaN
2012,3,23,2,NaN
2012,3,23,3,NaN
2012,3,23,4,NaN
2012,3,23,5,NaN
2012,3,23,6,NaN
2012,3,23,7,NaN
2012,3,23,8,NaN
2012,3,23,9,NaN
2012,3,23,10,NaN
2012,3,23,11,NaN
2012,3,23,12,NaN
2012,3,23,13,NaN
2012,3,23,14,NaN
2012,3,23,15,NaN
2012,3,23,16,NaN
2012,3,23,17,NaN
2012,3,23,18,NaN
2012,3,23,19,NaN
2012,3,23,20,NaN
2012,3,23,21,NaN
2012,3,23,22,NaN
2012,3,23,23,NaN
2012,3,24,0,NaN
2012,3,24,1,NaN
2012,3,24,2,NaN
2012,3,24,3,NaN
2012,3,24,4,NaN
2012,3,24,5,NaN
2012,3,24,6,NaN
2012,3,24,7,NaN
2012,3,24,8,NaN
2012,3,24,9,NaN
2012,3,24,10,NaN
2012,3,24,11,NaN
2012,3,24,12,NaN
2012,3,24,13,NaN
2012,3,24,14,NaN
2012,3,24,15,NaN
2012,3,24,16,NaN
2012,3,24,17,NaN
2012,3,24,18,NaN
2012,3,24,19,NaN
2012,3,24,20,NaN
2012,3,24,21,NaN
2012,3,24,22,NaN
2012,3,24,23,NaN
2012,3,25,0,NaN
2012,3,25,1,NaN
2012,3,25,2,NaN
2012,3,25,3,NaN
2012,3,25,4,NaN
2012,3,25,5,NaN
2012,3,25,6,NaN
2012,3,25,7,NaN
2012,3,25,8,NaN
2012,3,25,9,NaN
2012,3,25,10,NaN
2012,3,25,11,NaN
2012,3,25,12,NaN
2012,3,25,13,NaN
2012,3,25,14,NaN
2012,3,25,15,NaN
2012,3,25,16,NaN
2012,3,25,17,NaN
2012,3,25,18,NaN
2012,3,25,19,NaN
2012,3,25,20,NaN
2012,3,25,21,NaN
2012,3,25,22,NaN
2012,3,25,23,NaN
2012,3,26,0,NaN
2012,3,26,1,NaN
2012,3,26,2,NaN
2012,3,26,3,NaN
2012,3,26,4,NaN
2012,3,26,5,NaN
2012,3,26,6,NaN
2012,3,26,7,NaN
2012,3,26,8,NaN
2012,3,26,9,NaN
2012,3,26,10,NaN
2012,3,26,11,NaN
2012,3,26,12,NaN
2012,3,26,13,NaN
2012,3,26,14,NaN
2012,3,26,15,NaN
2012,3,26,16,NaN
2012,3,26,17,NaN
2012,3,26,18,NaN
2012,3,26,19,NaN
2012,3,26,20,NaN
2012,3,26,21,NaN
2012,3,26,22,NaN
2012,3,26,23,NaN
2012,3,27,0,NaN
2012,3,27,1,-2.7441
2012,3,27,2,-1.52478
2012,3,27,3,-1.13914
2012,3,27,4,-0.415722
2012,3,27,5,-0.389751
2012,3,27,6,-0.548025
2012,3,27,7,-0.618278
2012,3,27,8,-0.404411
2012,3,27,9,0.503059
2012,3,27,10,0.36028
2012,3,27,11,0.944973
2012,3,27,12,1.31113
2012,3,27,13,2.60054
2012,3,27,14,1.46632
2012,3,27,15,1.12712
2012,3,27,16,0.768716
2012,3,27,17,1.57468
2012,3,27,18,0.191076
2012,3,27,19,-0.19795
2012,3,27,20,-0.328201
2012,3,27,21,-0.0379509
2012,3,27,22,0.0798964
2012,3,27,23,0.0135375
2012,3,28,0,-0.028229
2012,3,28,1,0.00894688
2012,3,28,2,-0.000975918
2012,3,28,3,-0.00340143
2012,3,28,4,-0.0151386
2012,3,28,5,-0.0155021
2012,3,28,6,-0.037154
2012,3,28,7,-0.135984
2012,3,28,8,-0.0930887
2012,3,28,9,1.24101
2012,3,28,10,0.864061
2012,3,28,11,0.584697
2012,3,28,12,1.18303
2012,3,28,13,1.13405
2012,3,28,14,1.64007
2012,3,28,15,1.13859
2012,3,28,16,0.613525
2012,3,28,17,-0.422936
2012,3,28,18,-0.106354
2012,3,28,19,NaN
2012,3,28,20,-1.55863
2012,3,28,21,-0.621116
2012,3,28,22,-3.95622
2012,3,28,23,-3.14649
2012,3,29,0,-3.25577
2012,3,29,1,-1.62407
2012,3,29,2,-0.458654
2012,3,29,3,-1.14032
2012,3,29,4,-2.35238
2012,3,29,5,-2.57485
2012,3,29,6,0.510628
2012,3,29,7,1.26535
2012,3,29,8,0.82783
2012,3,29,9,6.43261
2012,3,29,10,12.9958
2012,3,29,11,5.2863
2012,3,29,12,13.273
2012,3,29,13,25.9809
2012,3,29,14,71.9224
2012,3,29,15,NaN
2012,3,29,16,NaN
2012,3,29,17,78.8765
2012,3,29,18,18.0079
2012,3,29,19,14.4331
2012,3,29,20,15.5
2012,3,29,21,8.93215
2012,3,29,22,3.76919
2012,3,29,23,1.6091
2012,3,30,0,0.838818
2012,3,30,1,-0.137657
2012,3,30,2,0.557457
2012,3,30,3,0.187563
2012,3,30,4,0.796704
2012,3,30,5,-0.151573
2012,3,30,6,0.826492
2012,3,30,7,-0.0933703
2012,3,30,8,0.520694
2012,3,30,9,0.209599
2012,3,30,10,1.21793
2012,3,30,11,0.593167
2012,3,30,12,1.14833
2012,3,30,13,1.6115
2012,3,30,14,1.48165
2012,3,30,15,0.699246
2012,3,30,16,0.878578
2012,3,30,17,0.695606
2012,3,30,18,-1.03366
2012,3,30,19,1.01859
2012,3,30,20,-0.0345757
2012,3,30,21,-0.00248417
2012,3,30,22,-0.0529559
2012,3,30,23,-0.106394
2012,3,31,0,-0.0673013
2012,3,31,1,NaN
2012,3,31,2,NaN
2012,3,31,3,NaN
2012,3,31,4,NaN
2012,3,31,5,NaN
2012,3,31,6,NaN
2012,3,31,7,NaN
2012,3,31,8,NaN
2012,3,31,9,NaN
2012,3,31,10,NaN
2012,3,31,11,NaN
2012,3,31,12,NaN
2012,3,31,13,NaN
2012,3,31,14,NaN
2012,3,31,15,NaN
2012,3,31,16,NaN
2012,3,31,17,NaN
2012,3,31,18,NaN
2012,3,31,19,NaN
2012,3,31,20,NaN
2012,3,31,21,NaN
2012,3,31,22,NaN
2012,3,31,23,NaN
2012,4,1,0,NaN
2012,4,1,1,NaN
2012,4,1,2,NaN
2012,4,1,3,NaN
2012,4,1,4,NaN
2012,4,1,5,NaN
2012,4,1,6,NaN
2012,4,1,7,NaN
2012,4,1,8,NaN
2012,4,1,9,NaN
2012,4,1,10,NaN
2012,4,1,11,NaN
2012,4,1,12,NaN
2012,4,1,13,NaN
2012,4,1,14,NaN
2012,4,1,15,NaN
2012,4,1,16,NaN
2012,4,1,17,NaN
2012,4,1,18,NaN
2012,4,1,19,NaN
2012,4,1,20,NaN
2012,4,1,21,NaN
2012,4,1,22,NaN
2012,4,1,23,NaN
2012,4,2,0,NaN
2012,4,2,1,-0.336498
2012,4,2,2,-0.0215502
2012,4,2,3,-0.0325225
2012,4,2,4,-0.0716503
2012,4,2,5,-0.0279154
2012,4,2,6,-0.00548685
2012,4,2,7,0.00595303
2012,4,2,8,0.0163262
2012,4,2,9,0.000464939
2012,4,2,10,0.38777
2012,4,2,11,0.383644
2012,4,2,12,0.250939
2012,4,2,13,0.490132
2012,4,2,14,0.590934
2012,4,2,15,2.33807
2012,4,2,16,7.84343
2012,4,2,17,5.7349
2012,4,2,18,-0.516038
2012,4,2,19,-0.262788
2012,4,2,20,-0.042816
2012,4,2,21,-0.0423911
2012,4,2,22,-0.0908426
2012,4,2,23,-0.178222
2012,4,3,0,-0.18901
2012,4,3,1,-0.270086
2012,4,3,2,-0.39274
2012,4,3,3,-0.703408
2012,4,3,4,-0.29318
2012,4,3,5,-0.62811
2012,4,3,6,-0.31072
2012,4,3,7,-0.456719
2012,4,3,8,0.203586
2012,4,3,9,0.614292
2012,4,3,10,0.964093
2012,4,3,11,0.611063
2012,4,3,12,0.561334
2012,4,3,13,0.80534
2012,4,3,14,0.365651
2012,4,3,15,0.527673
2012,4,3,16,0.769857
2012,4,3,17,-0.0352774
2012,4,3,18,0.0577063
2012,4,3,19,0.0359787
2012,4,3,20,0.0572981
2012,4,3,21,0.0579879
2012,4,3,22,0.0126154
2012,4,3,23,0.00281285
2012,4,4,0,-0.087887
2012,4,4,1,-0.346314
2012,4,4,2,-0.166681
2012,4,4,3,-0.778189
2012,4,4,4,0.185993
2012,4,4,5,-0.482358
2012,4,4,6,-0.234969
2012,4,4,7,-0.821528
2012,4,4,8,0.230223
2012,4,4,9,0.915986
2012,4,4,10,1.69397
2012,4,4,11,1.80351
2012,4,4,12,0.793092
2012,4,4,13,1.1015
2012,4,4,14,0.648835
2012,4,4,15,0.649716
2012,4,4,16,0.505458
2012,4,4,17,1.39812
2012,4,4,18,1.75973
2012,4,4,19,0.419664
2012,4,4,20,1.01281
2012,4,4,21,0.123175
2012,4,4,22,0.351666
2012,4,4,23,0.100148
2012,4,5,0,-0.162937
2012,4,5,1,NaN
2012,4,5,2,NaN
2012,4,5,3,NaN
2012,4,5,4,NaN
2012,4,5,5,NaN
2012,4,5,6,NaN
2012,4,5,7,NaN
2012,4,5,8,NaN
2012,4,5,9,NaN
2012,4,5,10,NaN
2012,4,5,11,NaN
2012,4,5,12,NaN
2012,4,5,13,-0.592882
2012,4,5,14,-0.0606295
2012,4,5,15,0.917144
2012,4,5,16,4.79043
2012,4,5,17,4.52266
2012,4,5,18,3.63337
2012,4,5,19,2.24967
2012,4,5,20,1.45328
2012,4,5,21,0.361648
2012,4,5,22,0.260125
2012,4,5,23,-0.130099
2012,4,6,0,-0.0169209
2012,4,6,1,NaN
2012,4,6,2,NaN
2012,4,6,3,NaN
2012,4,6,4,NaN
2012,4,6,5,NaN
2012,4,6,6,NaN
2012,4,6,7,NaN
2012,4,6,8,NaN
2012,4,6,9,NaN
2012,4,6,10,NaN
2012,4,6,11,NaN
2012,4,6,12,NaN
2012,4,6,13,NaN
2012,4,6,14,NaN
2012,4,6,15,NaN
2012,4,6,16,NaN
2012,4,6,17,NaN
2012,4,6,18,NaN
2012,4,6,19,NaN
2012,4,6,20,NaN
2012,4,6,21,NaN
2012,4,6,22,NaN
2012,4,6,23,NaN
2012,4,7,0,NaN
2012,4,7,1,-0.568217
2012,4,7,2,-0.0547846
2012,4,7,3,0.0969568
2012,4,7,4,-0.0652235
2012,4,7,5,-0.0167486
2012,4,7,6,-0.401929
2012,4,7,7,-0.163026
2012,4,7,8,0.0900805
2012,4,7,9,0.559757
2012,4,7,10,3.83906
2012,4,7,11,2.21182
2012,4,7,12,-0.740968
2012,4,7,13,0.681357
2012,4,7,14,2.31517
2012,4,7,15,3.24111
2012,4,7,16,22.5308
2012,4,7,17,6.94539
2012,4,7,18,0.387879
2012,4,7,19,1.28061
2012,4,7,20,0.865948
2012,4,7,21,6.09445
2012,4,7,22,7.93073
2012,4,7,23,20.3368
2012,4,8,0,15.017
2012,4,8,1,5.76373
2012,4,8,2,2.22958
2012,4,8,3,1.18328
2012,4,8,4,1.03985
2012,4,8,5,0.778189
2012,4,8,6,0.122666
2012,4,8,7,0.505645
2012,4,8,8,1.75343
2012,4,8,9,2.59159
2012,4,8,10,NaN
2012,4,8,11,NaN
2012,4,8,12,NaN
2012,4,8,13,NaN
2012,4,8,14,NaN
2012,4,8,15,-5.67566
2012,4,8,16,-4.12866
2012,4,8,17,10.109
2012,4,8,18,4.93566
2012,4,8,19,0.544119
2012,4,8,20,0.339668
2012,4,8,21,0.227985
2012,4,8,22,0.16454
2012,4,8,23,0.0388074
2012,4,9,0,0.071641
2012,4,9,1,0.0851601
2012,4,9,2,0.161942
2012,4,9,3,0.30493
2012,4,9,4,0.748932
2012,4,9,5,1.16827
2012,4,9,6,1.79904
2012,4,9,7,3.22842
2012,4,9,8,3.99826
2012,4,9,9,2.61513
2012,4,9,10,-0.241634
2012,4,9,11,0.345415
2012,4,9,12,10.1743
2012,4,9,13,11.6732
2012,4,9,14,-12.7328
2012,4,9,15,-3.47628
2012,4,9,16,-0.163308
2012,4,9,17,12.8282
2012,4,9,18,15.0929
2012,4,9,19,0.857893
2012,4,9,20,-9.16657
2012,4,9,21,-3.55389
2012,4,9,22,-1.02038
2012,4,9,23,0.1286
2012,4,10,0,0.386377
2012,4,10,1,7.22246
2012,4,10,2,8.34645
2012,4,10,3,4.06954
2012,4,10,4,3.22219
2012,4,10,5,2.1109
2012,4,10,6,0.669119
2012,4,10,7,1.67984
2012,4,10,8,7.46852
2012,4,10,9,7.64047
2012,4,10,10,0.691092
2012,4,10,11,-1.42614
2012,4,10,12,0.201685
2012,4,10,13,1.45171
2012,4,10,14,2.97484
2012,4,10,15,4.42449
2012,4,10,16,14.935
2012,4,10,17,28.2897
2012,4,10,18,12.9372
2012,4,10,19,6.81885
2012,4,10,20,0.0797127
2012,4,10,21,0.170355
2012,4,10,22,0.316106
2012,4,10,23,NaN
2012,4,11,0,5.21349
2012,4,11,1,4.44334
2012,4,11,2,0.601663
2012,4,11,3,0.00219446
2012,4,11,4,0.0830411
2012,4,11,5,0.135015
2012,4,11,6,-0.256046
2012,4,11,7,-0.413181
2012,4,11,8,0.421007
2012,4,11,9,1.33606
2012,4,11,10,1.21537
2012,4,11,11,0.611153
2012,4,11,12,0.980561
2012,4,11,13,2.19321
2012,4,11,14,1.60384
2012,4,11,15,4.89536
2012,4,11,16,3.69592
2012,4,11,17,2.50729
2012,4,11,18,4.38201
2012,4,11,19,4.1174
2012,4,11,20,3.40441
2012,4,11,21,5.37778
2012,4,11,22,9.39429
2012,4,11,23,4.60575
2012,4,12,0,8.14535
2012,4,12,1,5.03201
2012,4,12,2,4.74132
2012,4,12,3,3.31124
2012,4,12,4,2.58614
2012,4,12,5,2.5507
2012,4,12,6,1.163
2012,4,12,7,1.12091
2012,4,12,8,2.74142
2012,4,12,9,2.87928
2012,4,12,10,2.41505
2012,4,12,11,1.61565
2012,4,12,12,1.16655
2012,4,12,13,0.808487
2012,4,12,14,0.531532
2012,4,12,15,0.483543
2012,4,12,16,0.166503
2012,4,12,17,0.613827
2012,4,12,18,-0.0468092
2012,4,12,19,-0.00269137
2012,4,12,20,0.00125076
2012,4,12,21,0.00525183
2012,4,12,22,0.0694897
2012,4,12,23,0.983735
2012,4,13,0,2.70272
2012,4,13,1,1.76156
2012,4,13,2,0.658407
2012,4,13,3,0.384504
2012,4,13,4,0.149926
2012,4,13,5,0.203763
2012,4,13,6,0.439888
2012,4,13,7,0.999277
2012,4,13,8,1.05058
2012,4,13,9,0.640001
2012,4,13,10,0.744875
2012,4,13,11,1.33444
2012,4,13,12,1.68299
2012,4,13,13,2.84645
2012,4,13,14,3.04664
2012,4,13,15,3.27996
2012,4,13,16,1.81678
2012,4,13,17,0.69289
2012,4,13,18,0.778412
2012,4,13,19,0.0428618
2012,4,13,20,2.54E-05
2012,4,13,21,0.574567
2012,4,13,22,1.46973
2012,4,13,23,0.599392
2012,4,14,0,0.402936
2012,4,14,1,1.01391
2012,4,14,2,0.285808
2012,4,14,3,0.398928
2012,4,14,4,0.413724
2012,4,14,5,0.34431
2012,4,14,6,0.155162
2012,4,14,7,0.0238266
2012,4,14,8,0.407328
2012,4,14,9,0.396824
2012,4,14,10,0.0521267
2012,4,14,11,0.068454
2012,4,14,12,0.253283
2012,4,14,13,0.426242
2012,4,14,14,0.428452
2012,4,14,15,1.0921
2012,4,14,16,1.05757
2012,4,14,17,-0.120628
2012,4,14,18,-0.675189
2012,4,14,19,1.62612
2012,4,14,20,3.91151
2012,4,14,21,2.77169
2012,4,14,22,1.32365
2012,4,14,23,5.74593
2012,4,15,0,11.8604
2012,4,15,1,7.24656
2012,4,15,2,6.24614
2012,4,15,3,3.40072
2012,4,15,4,0.508245
2012,4,15,5,0.648611
2012,4,15,6,0.479892
2012,4,15,7,0.886912
2012,4,15,8,0.918146
2012,4,15,9,0.367618
2012,4,15,10,0.747651
2012,4,15,11,0.418472
2012,4,15,12,0.192703
2012,4,15,13,0.366686
2012,4,15,14,0.117482
2012,4,15,15,0.17503
2012,4,15,16,0.154059
2012,4,15,17,-0.293211
2012,4,15,18,-0.207439
2012,4,15,19,-0.0421586
2012,4,15,20,-0.0828805
2012,4,15,21,-0.129798
2012,4,15,22,0.224742
2012,4,15,23,0.0784533
2012,4,16,0,0.0185286
2012,4,16,1,0.0226371
2012,4,16,2,0.0073556
2012,4,16,3,0.000548295
2012,4,16,4,-0.00557831
2012,4,16,5,0.0149037
2012,4,16,6,0.00947673
2012,4,16,7,0.0228596
2012,4,16,8,0.19175
2012,4,16,9,0.447019
2012,4,16,10,0.142923
2012,4,16,11,0.231328
2012,4,16,12,0.442304
2012,4,16,13,0.391016
2012,4,16,14,0.570948
2012,4,16,15,NaN
2012,4,16,16,0.0299685
2012,4,16,17,0.0318756
2012,4,16,18,0.091906
2012,4,16,19,0.0202037
2012,4,16,20,0.167271
2012,4,16,21,-1.22839
2012,4,16,22,-0.333462
2012,4,16,23,0.47824
2012,4,17,0,-0.247372
2012,4,17,1,-1.91515
2012,4,17,2,-0.684956
2012,4,17,3,-1.44771
2012,4,17,4,0.0999918
2012,4,17,5,0.0471717
2012,4,17,6,0.0563195
2012,4,17,7,0.859652
2012,4,17,8,2.3885
2012,4,17,9,1.46558
2012,4,17,10,1.21838
2012,4,17,11,1.14845
2012,4,17,12,1.36503
2012,4,17,13,1.09439
2012,4,17,14,0.54551
2012,4,17,15,0.944399
2012,4,17,16,0.798667
2012,4,17,17,0.459174
2012,4,17,18,0.106986
2012,4,17,19,0.0021165
2012,4,17,20,0.181646
2012,4,17,21,1.38903
2012,4,17,22,3.17013
2012,4,17,23,14.3419
2012,4,18,0,11.0978
2012,4,18,1,6.5724
2012,4,18,2,5.22481
2012,4,18,3,4.03621
2012,4,18,4,4.16547
2012,4,18,5,3.94205
2012,4,18,6,5.04086
2012,4,18,7,3.88557
2012,4,18,8,5.44199
2012,4,18,9,10.1978
2012,4,18,10,2.75465
2012,4,18,11,-4.12372
2012,4,18,12,-0.0173173
2012,4,18,13,0.272912
2012,4,18,14,-0.383032
2012,4,18,15,0.39865
2012,4,18,16,19.5256
2012,4,18,17,12.6013
2012,4,18,18,-7.67071
2012,4,18,19,-2.88319
2012,4,18,20,0.964011
2012,4,18,21,1.00825
2012,4,18,22,2.22253
2012,4,18,23,9.24262
2012,4,19,0,16.2544
2012,4,19,1,6.77801
2012,4,19,2,3.10636
2012,4,19,3,2.7529
2012,4,19,4,2.74056
2012,4,19,5,2.23141
2012,4,19,6,2.55706
2012,4,19,7,5.36345
2012,4,19,8,3.88623
2012,4,19,9,4.50166
2012,4,19,10,3.18289
2012,4,19,11,10.3687
2012,4,19,12,14.8761
2012,4,19,13,-9.71257
2012,4,19,14,4.80069
2012,4,19,15,6.85584
2012,4,19,16,23.0273
2012,4,19,17,13.2317
2012,4,19,18,-0.502326
2012,4,19,19,2.99897
2012,4,19,20,2.96957
2012,4,19,21,10.492
2012,4,19,22,15.7259
2012,4,19,23,10.7993
2012,4,20,0,9.89398
2012,4,20,1,6.88263
2012,4,20,2,1.65208
2012,4,20,3,2.8878
2012,4,20,4,1.81411
2012,4,20,5,1.7585
2012,4,20,6,1.29472
2012,4,20,7,1.64882
2012,4,20,8,-0.321759
2012,4,20,9,NaN
2012,4,20,10,0.815788
2012,4,20,11,2.51115
2012,4,20,12,0.0304415
2012,4,20,13,0.249985
2012,4,20,14,0.697484
2012,4,20,15,0.906561
2012,4,20,16,1.7973
2012,4,20,17,3.64005
2012,4,20,18,10.3521
2012,4,20,19,6.68814
2012,4,20,20,1.46191
2012,4,20,21,0.878331
2012,4,20,22,2.05005
2012,4,20,23,9.90623
2012,4,21,0,2.77955
2012,4,21,1,2.12706
2012,4,21,2,0.80804
2012,4,21,3,0.644668
2012,4,21,4,1.01184
2012,4,21,5,1.01307
2012,4,21,6,1.01288
2012,4,21,7,1.3263
2012,4,21,8,1.80695
2012,4,21,9,1.98446
2012,4,21,10,2.32881
2012,4,21,11,2.0107
2012,4,21,12,0.253464
2012,4,21,13,1.06425
2012,4,21,14,0.92372
2012,4,21,15,1.39739
2012,4,21,16,1.23496
2012,4,21,17,1.03409
2012,4,21,18,1.43766
2012,4,21,19,1.04425
2012,4,21,20,1.0709
2012,4,21,21,1.12496
2012,4,21,22,1.67724
2012,4,21,23,1.98019
2012,4,22,0,6.17346
2012,4,22,1,1.18028
2012,4,22,2,0.167332
2012,4,22,3,0.122421
2012,4,22,4,0.0748643
2012,4,22,5,0.000884966
2012,4,22,6,-0.0478616
2012,4,22,7,-4.08E-05
2012,4,22,8,0.00259424
2012,4,22,9,0.351805
2012,4,22,10,0.153309
2012,4,22,11,0.355658
2012,4,22,12,0.019004
2012,4,22,13,0.116136
2012,4,22,14,0.00678197
2012,4,22,15,0.00735241
2012,4,22,16,0.000742943
2012,4,22,17,0.213465
2012,4,22,18,0.335279
2012,4,22,19,0.197636
2012,4,22,20,0.441011
2012,4,22,21,1.24886
2012,4,22,22,0.785855
2012,4,22,23,0.965228
2012,4,23,0,0.751769
2012,4,23,1,1.83873
2012,4,23,2,0.999767
2012,4,23,3,1.42848
2012,4,23,4,1.76684
2012,4,23,5,2.74744
2012,4,23,6,3.19151
2012,4,23,7,3.12656
2012,4,23,8,4.98789
2012,4,23,9,10.871
2012,4,23,10,11.3544
2012,4,23,11,0.130262
2012,4,23,12,1.54901
2012,4,23,13,5.96187
2012,4,23,14,13.6896
2012,4,23,15,25.4223
2012,4,23,16,14.6345
2012,4,23,17,12.1025
2012,4,23,18,11.2121
2012,4,23,19,-4.81716
2012,4,23,20,12.4521
2012,4,23,21,12.9645
2012,4,23,22,6.41031
2012,4,23,23,4.51848
2012,4,24,0,2.61704
2012,4,24,1,0.574187
2012,4,24,2,0.491345
2012,4,24,3,0.224637
2012,4,24,4,0.281226
2012,4,24,5,0.253464
2012,4,24,6,0.64979
2012,4,24,7,1.61409
2012,4,24,8,14.6401
2012,4,24,9,NaN
2012,4,24,10,NaN
2012,4,24,11,NaN
2012,4,24,12,NaN
2012,4,24,13,NaN
2012,4,24,14,NaN
2012,4,24,15,NaN
2012,4,24,16,NaN
2012,4,24,17,NaN
2012,4,24,18,NaN
2012,4,24,19,NaN
2012,4,24,20,NaN
2012,4,24,21,NaN
2012,4,24,22,NaN
2012,4,24,23,NaN
2012,4,25,0,NaN
2012,4,25,1,NaN
2012,4,25,2,NaN
2012,4,25,3,NaN
2012,4,25,4,NaN
2012,4,25,5,NaN
2012,4,25,6,NaN
2012,4,25,7,NaN
2012,4,25,8,NaN
2012,4,25,9,NaN
2012,4,25,10,NaN
2012,4,25,11,NaN
2012,4,25,12,NaN
2012,4,25,13,NaN
2012,4,25,14,NaN
2012,4,25,15,NaN
2012,4,25,16,NaN
2012,4,25,17,NaN
2012,4,25,18,NaN
2012,4,25,19,NaN
2012,4,25,20,NaN
2012,4,25,21,NaN
2012,4,25,22,NaN
2012,4,25,23,NaN
2012,4,26,0,NaN
2012,4,26,1,NaN
2012,4,26,2,NaN
2012,4,26,3,NaN
2012,4,26,4,NaN
2012,4,26,5,NaN
2012,4,26,6,NaN
2012,4,26,7,NaN
2012,4,26,8,NaN
2012,4,26,9,NaN
2012,4,26,10,NaN
2012,4,26,11,NaN
2012,4,26,12,NaN
2012,4,26,13,NaN
2012,4,26,14,NaN
2012,4,26,15,NaN
2012,4,26,16,NaN
2012,4,26,17,NaN
2012,4,26,18,NaN
2012,4,26,19,NaN
2012,4,26,20,NaN
2012,4,26,21,NaN
2012,4,26,22,NaN
2012,4,26,23,NaN
2012,4,27,0,NaN
2012,4,27,1,NaN
2012,4,27,2,NaN
2012,4,27,3,NaN
2012,4,27,4,NaN
2012,4,27,5,NaN
2012,4,27,6,NaN
2012,4,27,7,NaN
2012,4,27,8,NaN
2012,4,27,9,NaN
2012,4,27,10,NaN
2012,4,27,11,NaN
2012,4,27,12,NaN
2012,4,27,13,NaN
2012,4,27,14,NaN
2012,4,27,15,NaN
2012,4,27,16,NaN
2012,4,27,17,54.1372
2012,4,27,18,204.046
2012,4,27,19,247.129
2012,4,27,20,196.198
2012,4,27,21,87.3302
2012,4,27,22,62.5841
2012,4,27,23,10.5986
2012,4,28,0,13.5453
2012,4,28,1,6.402
2012,4,28,2,4.01582
2012,4,28,3,1.87793
2012,4,28,4,1.79294
2012,4,28,5,1.56202
2012,4,28,6,1.13278
2012,4,28,7,2.20939
2012,4,28,8,1.49457
2012,4,28,9,2.55115
2012,4,28,10,2.71486
2012,4,28,11,0.146672
2012,4,28,12,0.217321
2012,4,28,13,1.7884
2012,4,28,14,1.8736
2012,4,28,15,0.63687
2012,4,28,16,0.533287
2012,4,28,17,0.379926
2012,4,28,18,0.796807
2012,4,28,19,0.801167
2012,4,28,20,0.185606
2012,4,28,21,0.163728
2012,4,28,22,0.0981677
2012,4,28,23,0.164233
2012,4,29,0,0.109123
2012,4,29,1,0.256152
2012,4,29,2,0.0281989
2012,4,29,3,0.0312376
2012,4,29,4,0.00304175
2012,4,29,5,0.0365547
2012,4,29,6,0.301199
2012,4,29,7,0.82795
2012,4,29,8,0.942186
2012,4,29,9,0.676981
2012,4,29,10,0.0896441
2012,4,29,11,0.367197
2012,4,29,12,2.87996
2012,4,29,13,2.30157
2012,4,29,14,1.26578
2012,4,29,15,-3.4506
2012,4,29,16,-10.6064
2012,4,29,17,-0.286758
2012,4,29,18,2.02109
2012,4,29,19,11.7029
2012,4,29,20,15.4504
2012,4,29,21,7.70167
2012,4,29,22,5.89285
2012,4,29,23,-4.5455
2012,4,30,0,1.22951
2012,4,30,1,8.90246
2012,4,30,2,3.50048
2012,4,30,3,2.28477
2012,4,30,4,4.0582
2012,4,30,5,4.52467
2012,4,30,6,6.54806
2012,4,30,7,6.8256
2012,4,30,8,4.8324
2012,4,30,9,10.0066
2012,4,30,10,11.3254
2012,4,30,11,4.83536
2012,4,30,12,-3.58355
2012,4,30,13,0.508445
2012,4,30,14,2.06773
2012,4,30,15,2.30026
2012,4,30,16,1.8048
2012,4,30,17,1.59027
2012,4,30,18,3.029
2012,4,30,19,0.684182
2012,4,30,20,1.16551
2012,4,30,21,1.44535
2012,4,30,22,0.286477
2012,4,30,23,0.0234166
2012,5,1,0,0.0582036
2012,5,1,1,0.253981
2012,5,1,2,-0.0311243
2012,5,1,3,-0.00632475
2012,5,1,4,0.00722549
2012,5,1,5,0.0303142
2012,5,1,6,0.639968
2012,5,1,7,0.400668
2012,5,1,8,0.299235
2012,5,1,9,0.0715543
2012,5,1,10,0.0611926
2012,5,1,11,-0.000148681
2012,5,1,12,-0.400361
2012,5,1,13,0.0093949
2012,5,1,14,0.0359023
2012,5,1,15,0.00719462
2012,5,1,16,-0.0521234
2012,5,1,17,0.0452647
2012,5,1,18,0.339707
2012,5,1,19,0.0365411
2012,5,1,20,0.040196
2012,5,1,21,0.030259
2012,5,1,22,0.151208
2012,5,1,23,0.318542
2012,5,2,0,0.0627395
2012,5,2,1,1.20515
2012,5,2,2,-0.399643
2012,5,2,3,-0.0864487
2012,5,2,4,0.0799758
2012,5,2,5,0.00753746
2012,5,2,6,0.0133314
2012,5,2,7,-0.0649573
2012,5,2,8,-0.794737
2012,5,2,9,-0.0807761
2012,5,2,10,-1.06769
2012,5,2,11,0.108856
2012,5,2,12,-0.337343
2012,5,2,13,0.090869
2012,5,2,14,0.269441
2012,5,2,15,0.233384
2012,5,2,16,0.0526583
2012,5,2,17,0.0457383
2012,5,2,18,0.021893
2012,5,2,19,0.0538702
2012,5,2,20,0.0577611
2012,5,2,21,-0.00257994
2012,5,2,22,-0.00519258
2012,5,2,23,0.0051796
2012,5,3,0,0.000783078
2012,5,3,1,0.0128259
2012,5,3,2,0.00519222
2012,5,3,3,0.0206568
2012,5,3,4,0.0477097
2012,5,3,5,0.00705904
2012,5,3,6,0.134896
2012,5,3,7,0.12975
2012,5,3,8,0.247588
2012,5,3,9,NaN
2012,5,3,10,NaN
2012,5,3,11,-0.319048
2012,5,3,12,-0.273462
2012,5,3,13,0.0257585
2012,5,3,14,0.0601893
2012,5,3,15,-0.199201
2012,5,3,16,-0.0136424
2012,5,3,17,0.119058
2012,5,3,18,-0.490327
2012,5,3,19,-0.0155506
2012,5,3,20,0.000286006
2012,5,3,21,0.643239
2012,5,3,22,-1.74059
2012,5,3,23,-4.21158
2012,5,4,0,1.71861
2012,5,4,1,0.186973
2012,5,4,2,-0.413276
2012,5,4,3,0.0433892
2012,5,4,4,0.0178209
2012,5,4,5,-0.0179745
2012,5,4,6,0.132874
2012,5,4,7,0.458657
2012,5,4,8,0.0826844
2012,5,4,9,0.204593
2012,5,4,10,0.424309
2012,5,4,11,0.0835894
2012,5,4,12,0.29553
2012,5,4,13,0.103328
2012,5,4,14,0.0476261
2012,5,4,15,-0.0279154
2012,5,4,16,-0.103984
2012,5,4,17,0.279589
2012,5,4,18,0.187341
2012,5,4,19,0.205372
2012,5,4,20,0.386098
2012,5,4,21,0.271897
2012,5,4,22,0.168806
2012,5,4,23,0.310635
2012,5,5,0,0.263352
2012,5,5,1,0.160378
2012,5,5,2,-0.499008
2012,5,5,3,0.0838246
2012,5,5,4,0.072708
2012,5,5,5,0.285894
2012,5,5,6,1.12402
2012,5,5,7,0.708745
2012,5,5,8,0.852122
2012,5,5,9,0.751117
2012,5,5,10,1.12955
2012,5,5,11,0.732188
2012,5,5,12,1.36858
2012,5,5,13,-1.17101
2012,5,5,14,1.4884
2012,5,5,15,0.400227
2012,5,5,16,0.340456
2012,5,5,17,0.891115
2012,5,5,18,1.08293
2012,5,5,19,0.270637
2012,5,5,20,0.118729
2012,5,5,21,0.00586554
2012,5,5,22,0.0159452
2012,5,5,23,0.0144931
2012,5,6,0,0.0743733
2012,5,6,1,0.0116119
2012,5,6,2,0.0107414
2012,5,6,3,0.0407811
2012,5,6,4,0.0367182
2012,5,6,5,0.139832
2012,5,6,6,0.765403
2012,5,6,7,0.528127
2012,5,6,8,1.07414
2012,5,6,9,0.737906
2012,5,6,10,0.840405
2012,5,6,11,1.18092
2012,5,6,12,0.789452
2012,5,6,13,0.463673
2012,5,6,14,0.856734
2012,5,6,15,0.0575676
2012,5,6,16,0.232017
2012,5,6,17,0.151732
2012,5,6,18,0.472289
2012,5,6,19,-0.033935
2012,5,6,20,-0.000465914
2012,5,6,21,-0.00329031
2012,5,6,22,0.00773448
2012,5,6,23,0.0114428
2012,5,7,0,0.0119572
2012,5,7,1,0.00872046
2012,5,7,2,0.000386484
2012,5,7,3,0.0187016
2012,5,7,4,0.0267267
2012,5,7,5,0.123758
2012,5,7,6,0.188185
2012,5,7,7,0.308667
2012,5,7,8,0.716015
2012,5,7,9,0.601011
2012,5,7,10,0.520369
2012,5,7,11,0.382043
2012,5,7,12,0.127482
2012,5,7,13,0.110777
2012,5,7,14,0.274806
2012,5,7,15,0.0845552
2012,5,7,16,0.118983
2012,5,7,17,0.678864
2012,5,7,18,0.185621
2012,5,7,19,-0.142751
2012,5,7,20,-0.0573591
2012,5,7,21,0.22217
2012,5,7,22,0.168431
2012,5,7,23,0.249895
2012,5,8,0,0.294447
2012,5,8,1,0.145848
2012,5,8,2,0.0210279
2012,5,8,3,0.15191
2012,5,8,4,0.0342332
2012,5,8,5,0.213429
2012,5,8,6,0.662054
2012,5,8,7,0.532341
2012,5,8,8,1.02046
2012,5,8,9,0.82647
2012,5,8,10,0.677455
2012,5,8,11,0.21167
2012,5,8,12,-0.312247
2012,5,8,13,0.0294331
2012,5,8,14,0.0498363
2012,5,8,15,0.0344539
2012,5,8,16,0.0518032
2012,5,8,17,0.164586
2012,5,8,18,0.0991016
2012,5,8,19,0.012246
2012,5,8,20,0.0207114
2012,5,8,21,0.0808239
2012,5,8,22,0.0873219
2012,5,8,23,0.181623
2012,5,9,0,0.167959
2012,5,9,1,0.261704
2012,5,9,2,0.0167765
2012,5,9,3,0.168728
2012,5,9,4,0.329382
2012,5,9,5,0.0937083
2012,5,9,6,0.285464
2012,5,9,7,1.18227
2012,5,9,8,0.738791
2012,5,9,9,0.626058
2012,5,9,10,0.313693
2012,5,9,11,0.234753
2012,5,9,12,0.286869
2012,5,9,13,0.732284
2012,5,9,14,1.22855
2012,5,9,15,1.91421
2012,5,9,16,1.63412
2012,5,9,17,-0.723134
2012,5,9,18,-9.92451
2012,5,9,19,-1.37237
2012,5,9,20,-0.222692
2012,5,9,21,0.0802365
2012,5,9,22,0.643658
2012,5,9,23,0.842214
2012,5,10,0,0.378714
2012,5,10,1,0.188647
2012,5,10,2,0.2051
2012,5,10,3,0.706001
2012,5,10,4,0.260328
2012,5,10,5,0.390416
2012,5,10,6,0.355976
2012,5,10,7,0.437044
2012,5,10,8,0.454877
2012,5,10,9,0.376487
2012,5,10,10,0.777387
2012,5,10,11,0.344929
2012,5,10,12,0.0260209
2012,5,10,13,0.0702345
2012,5,10,14,0.0400191
2012,5,10,15,0.00772613
2012,5,10,16,0.0570545
2012,5,10,17,0.0676234
2012,5,10,18,0.241711
2012,5,10,19,0.195799
2012,5,10,20,0.156416
2012,5,10,21,0.0141001
2012,5,10,22,-0.000484887
2012,5,10,23,0.00584327
2012,5,11,0,0.0438242
2012,5,11,1,0.0463546
2012,5,11,2,-0.00383543
2012,5,11,3,-0.00875252
2012,5,11,4,0.0200503
2012,5,11,5,0.0068684
2012,5,11,6,0.107527
2012,5,11,7,NaN
2012,5,11,8,NaN
2012,5,11,9,NaN
2012,5,11,10,NaN
2012,5,11,11,NaN
2012,5,11,12,NaN
2012,5,11,13,NaN
2012,5,11,14,NaN
2012,5,11,15,NaN
2012,5,11,16,NaN
2012,5,11,17,NaN
2012,5,11,18,NaN
2012,5,11,19,NaN
2012,5,11,20,NaN
2012,5,11,21,NaN
2012,5,11,22,NaN
2012,5,11,23,NaN
2012,5,12,0,NaN
2012,5,12,1,NaN
2012,5,12,2,NaN
2012,5,12,3,NaN
2012,5,12,4,NaN
2012,5,12,5,NaN
2012,5,12,6,NaN
2012,5,12,7,NaN
2012,5,12,8,NaN
2012,5,12,9,NaN
2012,5,12,10,NaN
2012,5,12,11,NaN
2012,5,12,12,NaN
2012,5,12,13,NaN
2012,5,12,14,NaN
2012,5,12,15,NaN
2012,5,12,16,NaN
2012,5,12,17,NaN
2012,5,12,18,NaN
2012,5,12,19,NaN
2012,5,12,20,NaN
2012,5,12,21,NaN
2012,5,12,22,NaN
2012,5,12,23,NaN
2012,5,13,0,NaN
2012,5,13,1,NaN
2012,5,13,2,NaN
2012,5,13,3,NaN
2012,5,13,4,NaN
2012,5,13,5,NaN
2012,5,13,6,NaN
2012,5,13,7,NaN
2012,5,13,8,NaN
2012,5,13,9,NaN
2012,5,13,10,NaN
2012,5,13,11,NaN
2012,5,13,12,NaN
2012,5,13,13,NaN
2012,5,13,14,NaN
2012,5,13,15,NaN
2012,5,13,16,NaN
2012,5,13,17,NaN
2012,5,13,18,NaN
2012,5,13,19,NaN
2012,5,13,20,NaN
2012,5,13,21,NaN
2012,5,13,22,NaN
2012,5,13,23,NaN
2012,5,14,0,NaN
2012,5,14,1,NaN
2012,5,14,2,NaN
2012,5,14,3,NaN
2012,5,14,4,NaN
2012,5,14,5,NaN
2012,5,14,6,NaN
2012,5,14,7,NaN
2012,5,14,8,NaN
2012,5,14,9,NaN
2012,5,14,10,NaN
2012,5,14,11,NaN
2012,5,14,12,NaN
2012,5,14,13,NaN
2012,5,14,14,NaN
2012,5,14,15,NaN
2012,5,14,16,NaN
2012,5,14,17,NaN
2012,5,14,18,NaN
2012,5,14,19,NaN
2012,5,14,20,NaN
2012,5,14,21,NaN
2012,5,14,22,NaN
2012,5,14,23,NaN
2012,5,15,0,NaN
2012,5,15,1,NaN
2012,5,15,2,NaN
2012,5,15,3,NaN
2012,5,15,4,NaN
2012,5,15,5,NaN
2012,5,15,6,NaN
2012,5,15,7,NaN
2012,5,15,8,NaN
2012,5,15,9,NaN
2012,5,15,10,NaN
2012,5,15,11,-18.0057
2012,5,15,12,-12.8044
2012,5,15,13,-0.736339
2012,5,15,14,0.308974
2012,5,15,15,0.229829
2012,5,15,16,0.121225
2012,5,15,17,0.120758
2012,5,15,18,0.535829
2012,5,15,19,1.45809
2012,5,15,20,0.214821
2012,5,15,21,-0.172699
2012,5,15,22,0.115266
2012,5,15,23,-0.00518021
2012,5,16,0,0.21376
2012,5,16,1,1.36203
2012,5,16,2,-0.786518
2012,5,16,3,-1.37039
2012,5,16,4,-0.706858
2012,5,16,5,-0.473483
2012,5,16,6,-0.197613
2012,5,16,7,0.845445
2012,5,16,8,0.911217
2012,5,16,9,0.408528
2012,5,16,10,0.582804
2012,5,16,11,1.21405
2012,5,16,12,3.54153
2012,5,16,13,-2.24208
2012,5,16,14,-0.767088
2012,5,16,15,0.163445
2012,5,16,16,0.20867
2012,5,16,17,NaN
2012,5,16,18,NaN
2012,5,16,19,-0.586192
2012,5,16,20,NaN
2012,5,16,21,NaN
2012,5,16,22,NaN
2012,5,16,23,NaN
2012,5,17,0,NaN
2012,5,17,1,NaN
2012,5,17,2,NaN
2012,5,17,3,NaN
2012,5,17,4,NaN
2012,5,17,5,NaN
2012,5,17,6,NaN
2012,5,17,7,NaN
2012,5,17,8,NaN
2012,5,17,9,NaN
2012,5,17,10,NaN
2012,5,17,11,NaN
2012,5,17,12,NaN
2012,5,17,13,NaN
2012,5,17,14,NaN
2012,5,17,15,NaN
2012,5,17,16,NaN
2012,5,17,17,NaN
2012,5,17,18,NaN
2012,5,17,19,NaN
2012,5,17,20,NaN
2012,5,17,21,NaN
2012,5,17,22,NaN
2012,5,17,23,NaN
2012,5,18,0,NaN
2012,5,18,1,NaN
2012,5,18,2,NaN
2012,5,18,3,NaN
2012,5,18,4,NaN
2012,5,18,5,NaN
2012,5,18,6,NaN
2012,5,18,7,NaN
2012,5,18,8,NaN
2012,5,18,9,NaN
2012,5,18,10,NaN
2012,5,18,11,NaN
2012,5,18,12,NaN
2012,5,18,13,NaN
2012,5,18,14,NaN
2012,5,18,15,NaN
2012,5,18,16,NaN
2012,5,18,17,NaN
2012,5,18,18,NaN
2012,5,18,19,NaN
2012,5,18,20,NaN
2012,5,18,21,NaN
2012,5,18,22,NaN
2012,5,18,23,NaN
2012,5,19,0,NaN
2012,5,19,1,NaN
2012,5,19,2,NaN
2012,5,19,3,NaN
2012,5,19,4,NaN
2012,5,19,5,NaN
2012,5,19,6,NaN
2012,5,19,7,NaN
2012,5,19,8,NaN
2012,5,19,9,NaN
2012,5,19,10,NaN
2012,5,19,11,NaN
2012,5,19,12,NaN
2012,5,19,13,NaN
2012,5,19,14,NaN
2012,5,19,15,NaN
2012,5,19,16,NaN
2012,5,19,17,NaN
2012,5,19,18,NaN
2012,5,19,19,NaN
2012,5,19,20,NaN
2012,5,19,21,NaN
2012,5,19,22,NaN
2012,5,19,23,NaN
2012,5,20,0,NaN
2012,5,20,1,NaN
2012,5,20,2,NaN
2012,5,20,3,NaN
2012,5,20,4,NaN
2012,5,20,5,NaN
2012,5,20,6,NaN
2012,5,20,7,NaN
2012,5,20,8,NaN
2012,5,20,9,NaN
2012,5,20,10,NaN
2012,5,20,11,NaN
2012,5,20,12,NaN
2012,5,20,13,NaN
2012,5,20,14,NaN
2012,5,20,15,NaN
2012,5,20,16,NaN
2012,5,20,17,NaN
2012,5,20,18,NaN
2012,5,20,19,NaN
2012,5,20,20,NaN
2012,5,20,21,NaN
2012,5,20,22,NaN
2012,5,20,23,NaN
2012,5,21,0,NaN
2012,5,21,1,NaN
2012,5,21,2,NaN
2012,5,21,3,NaN
2012,5,21,4,NaN
2012,5,21,5,NaN
2012,5,21,6,NaN
2012,5,21,7,NaN
2012,5,21,8,NaN
2012,5,21,9,NaN
2012,5,21,10,NaN
2012,5,21,11,NaN
2012,5,21,12,NaN
2012,5,21,13,NaN
2012,5,21,14,NaN
2012,5,21,15,NaN
2012,5,21,16,NaN
2012,5,21,17,NaN
2012,5,21,18,NaN
2012,5,21,19,NaN
2012,5,21,20,NaN
2012,5,21,21,NaN
2012,5,21,22,-2.6519
2012,5,21,23,-1.04096
2012,5,22,0,1.62892
2012,5,22,1,5.36032
2012,5,22,2,2.25677
2012,5,22,3,3.61656
2012,5,22,4,3.58464
2012,5,22,5,0.528345
2012,5,22,6,1.96464
2012,5,22,7,3.59778
2012,5,22,8,2.58974
2012,5,22,9,2.76259
2012,5,22,10,7.99171
2012,5,22,11,28.7382
2012,5,22,12,7.33425
2012,5,22,13,3.83891
2012,5,22,14,-1.72296
2012,5,22,15,-0.446643
2012,5,22,16,-0.231419
2012,5,22,17,0.253474
2012,5,22,18,2.21196
2012,5,22,19,6.64375
2012,5,22,20,3.8751
2012,5,22,21,1.78523
2012,5,22,22,2.82123
2012,5,22,23,0.70583
2012,5,23,0,0.11568
2012,5,23,1,0.113073
2012,5,23,2,-0.0102938
2012,5,23,3,0.0304129
2012,5,23,4,0.0640117
2012,5,23,5,0.09359
2012,5,23,6,0.98047
2012,5,23,7,1.08131
2012,5,23,8,1.26139
2012,5,23,9,0.73392
2012,5,23,10,1.80445
2012,5,23,11,1.41974
2012,5,23,12,0.710741
2012,5,23,13,1.78014
2012,5,23,14,1.00045
2012,5,23,15,0.0985199
2012,5,23,16,0.367422
2012,5,23,17,0.550898
2012,5,23,18,0.848984
2012,5,23,19,0.193994
2012,5,23,20,0.0111682
2012,5,23,21,0.0134517
2012,5,23,22,-0.00514939
2012,5,23,23,0.0144644
2012,5,24,0,0.0318082
2012,5,24,1,0.160772
2012,5,24,2,-0.125862
2012,5,24,3,-0.2941
2012,5,24,4,-0.0660973
2012,5,24,5,0.0700791
2012,5,24,6,0.474038
2012,5,24,7,1.12307
2012,5,24,8,1.14253
2012,5,24,9,0.685371
2012,5,24,10,1.06199
2012,5,24,11,0.702612
2012,5,24,12,0.487167
2012,5,24,13,1.31948
2012,5,24,14,3.11214
2012,5,24,15,2.53985
2012,5,24,16,1.79667
2012,5,24,17,1.65788
2012,5,24,18,0.777688
2012,5,24,19,0.267866
2012,5,24,20,0.0651507
2012,5,24,21,-0.00616986
2012,5,24,22,0.00294982
2012,5,24,23,0.0171792
2012,5,25,0,0.0335869
2012,5,25,1,0.189899
2012,5,25,2,-0.0536107
2012,5,25,3,0.00390697
2012,5,25,4,0.16445
2012,5,25,5,0.249758
2012,5,25,6,0.667566
2012,5,25,7,1.34475
2012,5,25,8,0.696484
2012,5,25,9,0.715223
2012,5,25,10,0.964327
2012,5,25,11,0.945992
2012,5,25,12,0.595839
2012,5,25,13,1.30701
2012,5,25,14,1.51952
2012,5,25,15,0.82259
2012,5,25,16,0.484469
2012,5,25,17,0.343241
2012,5,25,18,0.293532
2012,5,25,19,0.0917495
2012,5,25,20,9.37E-05
2012,5,25,21,0.000961219
2012,5,25,22,0.0554782
2012,5,25,23,0.195956
2012,5,26,0,0.0420869
2012,5,26,1,0.208328
2012,5,26,2,-0.0271364
2012,5,26,3,0.0499414
2012,5,26,4,0.10855
2012,5,26,5,0.136778
2012,5,26,6,0.566083
2012,5,26,7,0.799752
2012,5,26,8,1.17397
2012,5,26,9,0.927378
2012,5,26,10,1.54839
2012,5,26,11,0.413218
2012,5,26,12,0.411195
2012,5,26,13,0.0781819
2012,5,26,14,0.125593
2012,5,26,15,0.147677
2012,5,26,16,0.0492743
2012,5,26,17,0.0613698
2012,5,26,18,0.046158
2012,5,26,19,0.00273145
2012,5,26,20,0.00567652
2012,5,26,21,0.0226237
2012,5,26,22,0.0727254
2012,5,26,23,-0.0336111
2012,5,27,0,0.0895902
2012,5,27,1,0.287701
2012,5,27,2,-0.0849849
2012,5,27,3,-0.00524931
2012,5,27,4,-0.0157978
2012,5,27,5,0.146951
2012,5,27,6,0.220712
2012,5,27,7,0.226987
2012,5,27,8,0.259792
2012,5,27,9,0.296036
2012,5,27,10,0.195286
2012,5,27,11,0.169154
2012,5,27,12,0.0648916
2012,5,27,13,0.028333
2012,5,27,14,0.0761275
2012,5,27,15,0.0551699
2012,5,27,16,0.0749832
2012,5,27,17,0.0184881
2012,5,27,18,0.126498
2012,5,27,19,0.119559
2012,5,27,20,0.0492982
2012,5,27,21,0.0319332
2012,5,27,22,0.0657279
2012,5,27,23,0.051031
2012,5,28,0,0.826551
2012,5,28,1,0.339091
2012,5,28,2,-0.167198
2012,5,28,3,0.786126
2012,5,28,4,0.516951
2012,5,28,5,0.581191
2012,5,28,6,1.4178
2012,5,28,7,1.39972
2012,5,28,8,1.47557
2012,5,28,9,1.34381
2012,5,28,10,0.932279
2012,5,28,11,0.415169
2012,5,28,12,0.33354
2012,5,28,13,0.593281
2012,5,28,14,0.572136
2012,5,28,15,0.604976
2012,5,28,16,3.14567
2012,5,28,17,6.38618
2012,5,28,18,6.56025
2012,5,28,19,5.61895
2012,5,28,20,-2.61841
2012,5,28,21,-6.27593
2012,5,28,22,-0.416398
2012,5,28,23,0.479073
2012,5,29,0,0.800227
2012,5,29,1,0.699268
2012,5,29,2,0.580089
2012,5,29,3,0.254382
2012,5,29,4,0.295974
2012,5,29,5,0.199553
2012,5,29,6,0.543555
2012,5,29,7,0.362703
2012,5,29,8,2.99513
2012,5,29,9,1.30964
2012,5,29,10,-0.291161
2012,5,29,11,-1.68839
2012,5,29,12,0.83344
2012,5,29,13,2.44898
2012,5,29,14,2.73958
2012,5,29,15,1.6774
2012,5,29,16,1.31006
2012,5,29,17,2.18037
2012,5,29,18,0.542749
2012,5,29,19,2.40658
2012,5,29,20,2.16229
2012,5,29,21,7.22481
2012,5,29,22,10.5181
2012,5,29,23,2.48756
2012,5,30,0,1.20279
2012,5,30,1,0.479583
2012,5,30,2,-1.24779
2012,5,30,3,-0.409185
2012,5,30,4,0.0921942
2012,5,30,5,-0.0274082
2012,5,30,6,-0.0536721
2012,5,30,7,-0.0678405
2012,5,30,8,-0.189515
2012,5,30,9,-0.0211281
2012,5,30,10,0.57741
2012,5,30,11,0.549195
2012,5,30,12,0.23696
2012,5,30,13,0.0735087
2012,5,30,14,0.168856
2012,5,30,15,0.201958
2012,5,30,16,0.0342389
2012,5,30,17,0.0359687
2012,5,30,18,0.0679253
2012,5,30,19,0.0640504
2012,5,30,20,0.00022632
2012,5,30,21,0.0120465
2012,5,30,22,-0.155786
2012,5,30,23,-0.102276
2012,5,31,0,0.0441164
2012,5,31,1,0.0416338
2012,5,31,2,-0.0601481
2012,5,31,3,-0.0504985
2012,5,31,4,-0.00347257
2012,5,31,5,-0.0300281
2012,5,31,6,0.222929
2012,5,31,7,NaN
2012,5,31,8,NaN
2012,5,31,9,NaN
2012,5,31,10,NaN
2012,5,31,11,NaN
2012,5,31,12,NaN
2012,5,31,13,NaN
2012,5,31,14,NaN
2012,5,31,15,NaN
2012,5,31,16,NaN
2012,5,31,17,NaN
2012,5,31,18,NaN
2012,5,31,19,0.00386754
2012,5,31,20,0.00834531
2012,5,31,21,0.0098658
2012,5,31,22,-0.0283516
2012,5,31,23,-0.516729
2012,6,1,0,0.36669
2012,6,1,1,-1.19389
2012,6,1,2,-0.856278
2012,6,1,3,0.389836
2012,6,1,4,0.818605
2012,6,1,5,0.100505
2012,6,1,6,0.973474
2012,6,1,7,2.16933
2012,6,1,8,1.35203
2012,6,1,9,1.53295
2012,6,1,10,1.22482
2012,6,1,11,0.678059
2012,6,1,12,0.231846
2012,6,1,13,1.10624
2012,6,1,14,1.32207
2012,6,1,15,1.06012
2012,6,1,16,2.12934
2012,6,1,17,2.60648
2012,6,1,18,2.57352
2012,6,1,19,-7.01303
2012,6,1,20,-0.662287
2012,6,1,21,0.00228881
2012,6,1,22,3.91575
2012,6,1,23,3.8983
2012,6,2,0,-0.650809
2012,6,2,1,-0.578997
2012,6,2,2,0.027295
2012,6,2,3,-1.17664
2012,6,2,4,0.00193039
2012,6,2,5,0.318964
2012,6,2,6,2.05694
2012,6,2,7,3.75905
2012,6,2,8,1.95583
2012,6,2,9,2.09735
2012,6,2,10,1.84263
2012,6,2,11,0.693467
2012,6,2,12,0.0627965
2012,6,2,13,0.0953856
2012,6,2,14,0.353838
2012,6,2,15,0.0205772
2012,6,2,16,-0.0116098
2012,6,2,17,0.12009
2012,6,2,18,-0.0241911
2012,6,2,19,0.00149943
2012,6,2,20,0.00192103
2012,6,2,21,0.00586235
2012,6,2,22,-0.0195698
2012,6,2,23,-0.0541045
2012,6,3,0,-0.00135017
2012,6,3,1,-0.000851053
2012,6,3,2,-0.00840346
2012,6,3,3,-0.011638
2012,6,3,4,-0.00188039
2012,6,3,5,0.086478
2012,6,3,6,0.66586
2012,6,3,7,0.998334
2012,6,3,8,0.0289898
2012,6,3,9,0.623556
2012,6,3,10,0.919656
2012,6,3,11,1.25712
2012,6,3,12,3.01103
2012,6,3,13,-1.81882
2012,6,3,14,0.709059
2012,6,3,15,0.248437
2012,6,3,16,0.54637
2012,6,3,17,1.4055
2012,6,3,18,1.25916
2012,6,3,19,2.18975
2012,6,3,20,2.12141
2012,6,3,21,1.29335
2012,6,3,22,0.406895
2012,6,3,23,2.29227
2012,6,4,0,7.97545
2012,6,4,1,2.64586
2012,6,4,2,0.0194105
2012,6,4,3,0.208019
2012,6,4,4,0.399468
2012,6,4,5,0.588986
2012,6,4,6,0.963106
2012,6,4,7,1.21028
2012,6,4,8,-3.1982
2012,6,4,9,NaN
2012,6,4,10,NaN
2012,6,4,11,0.217359
2012,6,4,12,0.628454
2012,6,4,13,0.527709
2012,6,4,14,0.687905
2012,6,4,15,2.02534
2012,6,4,16,-0.210823
2012,6,4,17,1.28885
2012,6,4,18,0.450539
2012,6,4,19,0.317624
2012,6,4,20,0.588077
2012,6,4,21,0.209421
2012,6,4,22,-0.0492481
2012,6,4,23,-0.252925
2012,6,5,0,-0.173923
2012,6,5,1,0.281193
2012,6,5,2,-0.33886
2012,6,5,3,-0.576722
2012,6,5,4,-0.0424311
2012,6,5,5,-0.024918
2012,6,5,6,0.407218
2012,6,5,7,0.730872
2012,6,5,8,0.708755
2012,6,5,9,0.185913
2012,6,5,10,0.692403
2012,6,5,11,0.263383
2012,6,5,12,0.554591
2012,6,5,13,0.15371
2012,6,5,14,0.264367
2012,6,5,15,0.266791
2012,6,5,16,-0.0298247
2012,6,5,17,0.0486474
2012,6,5,18,0.5363
2012,6,5,19,0.249216
2012,6,5,20,0.000206744
2012,6,5,21,0.00207557
2012,6,5,22,0.0401564
2012,6,5,23,-0.042625
2012,6,6,0,0.068344
2012,6,6,1,-0.0334613
2012,6,6,2,-0.107353
2012,6,6,3,0.000311114
2012,6,6,4,0.0894507
2012,6,6,5,0.207751
2012,6,6,6,0.178861
2012,6,6,7,0.492313
2012,6,6,8,0.509381
2012,6,6,9,0.655733
2012,6,6,10,0.534757
2012,6,6,11,0.938376
2012,6,6,12,1.39706
2012,6,6,13,1.77241
2012,6,6,14,2.43228
2012,6,6,15,2.11785
2012,6,6,16,3.07952
2012,6,6,17,1.77701
2012,6,6,18,1.25311
2012,6,6,19,0.740765
2012,6,6,20,1.0267
2012,6,6,21,0.829269
2012,6,6,22,0.355076
2012,6,6,23,0.254431
2012,6,7,0,0.564949
2012,6,7,1,0.165581
2012,6,7,2,-0.385653
2012,6,7,3,0.436365
2012,6,7,4,0.566676
2012,6,7,5,0.354442
2012,6,7,6,0.476621
2012,6,7,7,0.466186
2012,6,7,8,0.736196
2012,6,7,9,1.42537
2012,6,7,10,1.06667
2012,6,7,11,0.786555
2012,6,7,12,0.229027
2012,6,7,13,0.456432
2012,6,7,14,0.187596
2012,6,7,15,-0.164969
2012,6,7,16,0.0562518
2012,6,7,17,-0.104064
2012,6,7,18,0.105419
2012,6,7,19,0.00893855
2012,6,7,20,5.85E-06
2012,6,7,21,0.298788
2012,6,7,22,1.18521
2012,6,7,23,1.17339
2012,6,8,0,1.31012
2012,6,8,1,0.703868
2012,6,8,2,1.23691
2012,6,8,3,1.89772
2012,6,8,4,1.74592
2012,6,8,5,0.974337
2012,6,8,6,1.63621
2012,6,8,7,0.861045
2012,6,8,8,0.147212
2012,6,8,9,0.37856
2012,6,8,10,0.146459
2012,6,8,11,0.123576
2012,6,8,12,0.0198112
2012,6,8,13,0.0131674
2012,6,8,14,0.0134517
2012,6,8,15,0.49745
2012,6,8,16,0.450875
2012,6,8,17,2.94532
2012,6,8,18,8.89089
2012,6,8,19,3.95312
2012,6,8,20,0.114526
2012,6,8,21,0.00896767
2012,6,8,22,0.626972
2012,6,8,23,0.595102
2012,6,9,0,0.270757
2012,6,9,1,-0.0293377
2012,6,9,2,-0.196606
2012,6,9,3,0.132543
2012,6,9,4,0.33996
2012,6,9,5,0.501889
2012,6,9,6,0.398235
2012,6,9,7,0.155262
2012,6,9,8,0.42438
2012,6,9,9,0.805713
2012,6,9,10,1.59577
2012,6,9,11,1.1574
2012,6,9,12,0.555726
2012,6,9,13,0.377556
2012,6,9,14,0.551443
2012,6,9,15,0.403434
2012,6,9,16,0.361906
2012,6,9,17,-0.12204
2012,6,9,18,0.0312363
2012,6,9,19,-0.0280955
2012,6,9,20,0.0566308
2012,6,9,21,0.137844
2012,6,9,22,0.263593
2012,6,9,23,0.794473
2012,6,10,0,0.140224
2012,6,10,1,-0.52216
2012,6,10,2,-0.349197
2012,6,10,3,0.114717
2012,6,10,4,0.0712764
2012,6,10,5,-0.0795192
2012,6,10,6,-0.052618
2012,6,10,7,0.246139
2012,6,10,8,0.765349
2012,6,10,9,1.21991
2012,6,10,10,1.13657
2012,6,10,11,2.43172
2012,6,10,12,1.34073
2012,6,10,13,1.55034
2012,6,10,14,1.12215
2012,6,10,15,1.20504
2012,6,10,16,0.848868
2012,6,10,17,0.86243
2012,6,10,18,0.589475
2012,6,10,19,0.583485
2012,6,10,20,0.08543
2012,6,10,21,0.00042244
2012,6,10,22,0.0591651
2012,6,10,23,-0.11102
2012,6,11,0,0.1441
2012,6,11,1,0.578032
2012,6,11,2,-1.05423
2012,6,11,3,0.110564
2012,6,11,4,0.653565
2012,6,11,5,NaN
2012,6,11,6,NaN
2012,6,11,7,NaN
2012,6,11,8,NaN
2012,6,11,9,NaN
2012,6,11,10,NaN
2012,6,11,11,NaN
2012,6,11,12,NaN
2012,6,11,13,NaN
2012,6,11,14,NaN
2012,6,11,15,NaN
2012,6,11,16,NaN
2012,6,11,17,NaN
2012,6,11,18,-0.200299
2012,6,11,19,-0.334456
2012,6,11,20,0.0298607
2012,6,11,21,0.0344486
2012,6,11,22,0.0484424
2012,6,11,23,-0.0108909
2012,6,12,0,-0.930533
2012,6,12,1,-1.08766
2012,6,12,2,-1.83908
2012,6,12,3,-0.893128
2012,6,12,4,-0.119389
2012,6,12,5,-0.249084
2012,6,12,6,-0.396509
2012,6,12,7,0.0683606
2012,6,12,8,0.278083
2012,6,12,9,1.20155
2012,6,12,10,0.417363
2012,6,12,11,0.124349
2012,6,12,12,0.0716771
2012,6,12,13,-0.0819218
2012,6,12,14,0.0524314
2012,6,12,15,0.0232772
2012,6,12,16,-0.0313886
2012,6,12,17,0.107037
2012,6,12,18,0.10659
2012,6,12,19,0.0655761
2012,6,12,20,-0.00412587
2012,6,12,21,0.00068101
2012,6,12,22,0.0202871
2012,6,12,23,0.00217089
2012,6,13,0,-0.00024911
2012,6,13,1,0.00801014
2012,6,13,2,-0.0116417
2012,6,13,3,-0.0962882
2012,6,13,4,-0.0203427
2012,6,13,5,0.17243
2012,6,13,6,0.0236259
2012,6,13,7,0.0186261
2012,6,13,8,0.0373471
2012,6,13,9,0.0982949
2012,6,13,10,0.0267469
2012,6,13,11,0.0630253
2012,6,13,12,0.0449529
2012,6,13,13,0.337519
2012,6,13,14,0.0543869
2012,6,13,15,0.667511
2012,6,13,16,-0.0756705
2012,6,13,17,-0.0667391
2012,6,13,18,0.0653303
2012,6,13,19,-0.0169284
2012,6,13,20,0.00472552
2012,6,13,21,0.00960877
2012,6,13,22,0.298802
2012,6,13,23,0.608955
2012,6,14,0,0.230314
2012,6,14,1,0.154939
2012,6,14,2,-0.143061
2012,6,14,3,-0.000530425
2012,6,14,4,0.0529655
2012,6,14,5,0.390271
2012,6,14,6,1.16428
2012,6,14,7,0.490432
2012,6,14,8,0.906442
2012,6,14,9,0.222562
2012,6,14,10,0.0720592
2012,6,14,11,-0.0268796
2012,6,14,12,-3.43307
2012,6,14,13,NaN
2012,6,14,14,1.06144
2012,6,14,15,-0.8229
2012,6,14,16,1.61427
2012,6,14,17,0.359409
2012,6,14,18,-0.0161472
2012,6,14,19,-0.241424
2012,6,14,20,-0.0276112
2012,6,14,21,-0.0879723
2012,6,14,22,0.0622769
2012,6,14,23,0.142816
2012,6,15,0,-0.115575
2012,6,15,1,0.0559544
2012,6,15,2,-0.22526
2012,6,15,3,-0.0348149
2012,6,15,4,0.207677
2012,6,15,5,0.0968796
2012,6,15,6,0.0454657
2012,6,15,7,-0.0242252
2012,6,15,8,-0.466931
2012,6,15,9,0.370162
2012,6,15,10,-0.0484548
2012,6,15,11,-0.231325
2012,6,15,12,-0.227305
2012,6,15,13,-0.242492
2012,6,15,14,-1.23834
2012,6,15,15,-0.779392
2012,6,15,16,0.369598
2012,6,15,17,-0.446461
2012,6,15,18,-0.536332
2012,6,15,19,-0.111163
2012,6,15,20,0.422857
2012,6,15,21,0.138366
2012,6,15,22,-0.107574
2012,6,15,23,-0.119812
2012,6,16,0,0.000750521
2012,6,16,1,0.208499
2012,6,16,2,-0.589448
2012,6,16,3,-0.484734
2012,6,16,4,0.301954
2012,6,16,5,0.103915
2012,6,16,6,0.660696
2012,6,16,7,-0.807277
2012,6,16,8,-0.927366
2012,6,16,9,0.0666249
2012,6,16,10,0.35723
2012,6,16,11,0.20733
2012,6,16,12,0.541109
2012,6,16,13,0.303082
2012,6,16,14,0.178912
2012,6,16,15,0.0405855
2012,6,16,16,-0.00251482
2012,6,16,17,0.00269398
2012,6,16,18,0.0120041
2012,6,16,19,0.0414342
2012,6,16,20,0.0517503
2012,6,16,21,-0.046913
2012,6,16,22,-0.521246
2012,6,16,23,0.10568
2012,6,17,0,0.290737
2012,6,17,1,NaN
2012,6,17,2,NaN
2012,6,17,3,NaN
2012,6,17,4,-0.0609859
2012,6,17,5,0.33828
2012,6,17,6,0.0566133
2012,6,17,7,-0.319868
2012,6,17,8,0.0516742
2012,6,17,9,-0.00494476
2012,6,17,10,0.00153406
2012,6,17,11,0.0499816
2012,6,17,12,0.000276352
2012,6,17,13,0.031307
2012,6,17,14,0.0370132
2012,6,17,15,0.15158
2012,6,17,16,0.502405
2012,6,17,17,0.397846
2012,6,17,18,-0.422302
2012,6,17,19,0.620826
2012,6,17,20,-0.0646043
2012,6,17,21,-0.043758
2012,6,17,22,-0.0138488
2012,6,17,23,0.0390542
2012,6,18,0,-0.0424864
2012,6,18,1,-0.128354
2012,6,18,2,-0.0342761
2012,6,18,3,-0.00334458
2012,6,18,4,-0.00302701
2012,6,18,5,-0.00068053
2012,6,18,6,0.0101222
2012,6,18,7,-0.0205136
2012,6,18,8,-0.160584
2012,6,18,9,0.0142965
2012,6,18,10,0.02036
2012,6,18,11,0.0546563
2012,6,18,12,0.00142802
2012,6,18,13,0.00265706
2012,6,18,14,0.00151901
2012,6,18,15,-0.00871143
2012,6,18,16,-0.00323062
2012,6,18,17,-0.00832908
2012,6,18,18,0.0297242
2012,6,18,19,0.0305541
2012,6,18,20,0.00173062
2012,6,18,21,0.00224723
2012,6,18,22,0.0781987
2012,6,18,23,0.409095
2012,6,19,0,0.20736
2012,6,19,1,0.0696297
2012,6,19,2,0.0467905
2012,6,19,3,0.0620357
2012,6,19,4,0.258478
2012,6,19,5,0.25364
2012,6,19,6,0.17885
2012,6,19,7,0.320337
2012,6,19,8,-0.0078864
2012,6,19,9,-0.0141877
2012,6,19,10,0.0369228
2012,6,19,11,0.0115038
2012,6,19,12,0.0810284
2012,6,19,13,0.0867299
2012,6,19,14,0.0213234
2012,6,19,15,-0.0151356
2012,6,19,16,0.00053071
2012,6,19,17,0.0178608
2012,6,19,18,0.0467868
2012,6,19,19,0.0662462
2012,6,19,20,0.015586
2012,6,19,21,0.00224538
2012,6,19,22,-0.00972434
2012,6,19,23,0.0303105
2012,6,20,0,0.180297
2012,6,20,1,0.0448227
2012,6,20,2,-0.0326382
2012,6,20,3,0.0124693
2012,6,20,4,0.0778472
2012,6,20,5,0.0658652
2012,6,20,6,0.156371
2012,6,20,7,0.042132
2012,6,20,8,0.134687
2012,6,20,9,0.14717
2012,6,20,10,0.120987
2012,6,20,11,0.214616
2012,6,20,12,0.153792
2012,6,20,13,0.0456503
2012,6,20,14,0.0624692
2012,6,20,15,0.031845
2012,6,20,16,0.00271616
2012,6,20,17,0.142343
2012,6,20,18,0.237517
2012,6,20,19,0.148364
2012,6,20,20,0.0371678
2012,6,20,21,0.756824
2012,6,20,22,2.02452
2012,6,20,23,0.953242
2012,6,21,0,-0.541485
2012,6,21,1,-0.276883
2012,6,21,2,0.0755489
2012,6,21,3,0.3338
2012,6,21,4,0.48458
2012,6,21,5,0.305616
2012,6,21,6,0.363231
2012,6,21,7,0.295976
2012,6,21,8,0.383806
2012,6,21,9,0.122076
2012,6,21,10,0.0470883
2012,6,21,11,0.206281
2012,6,21,12,0.474264
2012,6,21,13,3.44474
2012,6,21,14,2.17643
2012,6,21,15,1.01044
2012,6,21,16,1.28045
2012,6,21,17,-2.19494
2012,6,21,18,-4.92986
2012,6,21,19,-0.42216
2012,6,21,20,0.0664257
2012,6,21,21,0.652105
2012,6,21,22,0.949328
2012,6,21,23,0.469033
2012,6,22,0,0.905477
2012,6,22,1,0.903523
2012,6,22,2,1.0547
2012,6,22,3,1.3671
2012,6,22,4,0.951808
2012,6,22,5,1.29034
2012,6,22,6,1.46028
2012,6,22,7,2.19888
2012,6,22,8,0.27171
2012,6,22,9,0.0232561
2012,6,22,10,0.00656993
2012,6,22,11,0.168719
2012,6,22,12,0.495735
2012,6,22,13,0.535441
2012,6,22,14,1.16982
2012,6,22,15,0.883721
2012,6,22,16,5.31932
2012,6,22,17,9.20653
2012,6,22,18,5.14698
2012,6,22,19,0.991968
2012,6,22,20,-10.1596
2012,6,22,21,-1.01056
2012,6,22,22,1.70069
2012,6,22,23,1.62922
2012,6,23,0,1.67603
2012,6,23,1,1.76411
2012,6,23,2,2.63649
2012,6,23,3,2.42954
2012,6,23,4,2.39416
2012,6,23,5,2.10263
2012,6,23,6,1.68446
2012,6,23,7,12.1114
2012,6,23,8,9.23588
2012,6,23,9,-2.33205
2012,6,23,10,-1.09107
2012,6,23,11,1.18761
2012,6,23,12,0.243245
2012,6,23,13,-0.216735
2012,6,23,14,0.43224
2012,6,23,15,0.628778
2012,6,23,16,1.40408
2012,6,23,17,5.87793
2012,6,23,18,13.2972
2012,6,23,19,7.10171
2012,6,23,20,4.36618
2012,6,23,21,3.57377
2012,6,23,22,2.77316
2012,6,23,23,0.944099
2012,6,24,0,-11.2204
2012,6,24,1,-0.946594
2012,6,24,2,1.07015
2012,6,24,3,2.85689
2012,6,24,4,2.80062
2012,6,24,5,2.53993
2012,6,24,6,2.26799
2012,6,24,7,3.44338
2012,6,24,8,2.98721
2012,6,24,9,2.81876
2012,6,24,10,11.4274
2012,6,24,11,11.816
2012,6,24,12,10.2684
2012,6,24,13,9.05316
2012,6,24,14,7.26388
2012,6,24,15,3.24505
2012,6,24,16,3.86318
2012,6,24,17,-0.182878
2012,6,24,18,-14.1554
2012,6,24,19,-2.42455
2012,6,24,20,0.625422
2012,6,24,21,1.90603
2012,6,24,22,1.53385
2012,6,24,23,2.2625
2012,6,25,0,12.4005
2012,6,25,1,8.85574
2012,6,25,2,0.970317
2012,6,25,3,3.38499
2012,6,25,4,2.60458
2012,6,25,5,2.90911
2012,6,25,6,3.50259
2012,6,25,7,2.79657
2012,6,25,8,3.50881
2012,6,25,9,3.32224
2012,6,25,10,2.47404
2012,6,25,11,1.48903
2012,6,25,12,0.722343
2012,6,25,13,1.17506
2012,6,25,14,0.928957
2012,6,25,15,1.04228
2012,6,25,16,0.710844
2012,6,25,17,5.19744
2012,6,25,18,10.4691
2012,6,25,19,5.95009
2012,6,25,20,3.75176
2012,6,25,21,1.95427
2012,6,25,22,-9.94852
2012,6,25,23,-4.72822
2012,6,26,0,-0.891459
2012,6,26,1,0.930414
2012,6,26,2,0.950615
2012,6,26,3,1.56341
2012,6,26,4,2.51195
2012,6,26,5,1.5976
2012,6,26,6,1.76823
2012,6,26,7,1.85338
2012,6,26,8,1.29609
2012,6,26,9,0.579904
2012,6,26,10,0.174683
2012,6,26,11,0.0605295
2012,6,26,12,0.273083
2012,6,26,13,0.310019
2012,6,26,14,0.243865
2012,6,26,15,0.591549
2012,6,26,16,0.631599
2012,6,26,17,0.401529
2012,6,26,18,1.40852
2012,6,26,19,1.56262
2012,6,26,20,1.13733
2012,6,26,21,1.87207
2012,6,26,22,1.28319
2012,6,26,23,1.29165
2012,6,27,0,1.08835
2012,6,27,1,-0.273444
2012,6,27,2,0.197488
2012,6,27,3,0.737168
2012,6,27,4,0.394361
2012,6,27,5,0.50931
2012,6,27,6,0.847443
2012,6,27,7,0.501733
2012,6,27,8,NaN
2012,6,27,9,NaN
2012,6,27,10,NaN
2012,6,27,11,NaN
2012,6,27,12,NaN
2012,6,27,13,NaN
2012,6,27,14,NaN
2012,6,27,15,NaN
2012,6,27,16,NaN
2012,6,27,17,NaN
2012,6,27,18,-1.21046
2012,6,27,19,NaN
2012,6,27,20,NaN
2012,6,27,21,NaN
2012,6,27,22,NaN
2012,6,27,23,-0.217432
2012,6,28,0,-0.0830725
2012,6,28,1,-0.815507
2012,6,28,2,-1.00265
2012,6,28,3,-0.464362
2012,6,28,4,1.14149
2012,6,28,5,0.449095
2012,6,28,6,0.183163
2012,6,28,7,1.14189
2012,6,28,8,0.937413
2012,6,28,9,1.36186
2012,6,28,10,0.489367
2012,6,28,11,-0.717831
2012,6,28,12,-0.351899
2012,6,28,13,0.736525
2012,6,28,14,0.232505
2012,6,28,15,0.56963
2012,6,28,16,0.846157
2012,6,28,17,0.837907
2012,6,28,18,1.23365
2012,6,28,19,1.01548
2012,6,28,20,1.35356
2012,6,28,21,1.14944
2012,6,28,22,1.70747
2012,6,28,23,1.57524
2012,6,29,0,1.7411
2012,6,29,1,1.47985
2012,6,29,2,1.17402
2012,6,29,3,2.91616
2012,6,29,4,3.2946
2012,6,29,5,2.73229
2012,6,29,6,2.7922
2012,6,29,7,2.99733
2012,6,29,8,1.80353
2012,6,29,9,0.752744
2012,6,29,10,0.519326
2012,6,29,11,0.0224118
2012,6,29,12,0.0892027
2012,6,29,13,0.0795409
2012,6,29,14,0.0528262
2012,6,29,15,NaN
2012,6,29,16,NaN
2012,6,29,17,0.0508666
2012,6,29,18,0.0712991
2012,6,29,19,0.069828
2012,6,29,20,0.0769564
2012,6,29,21,0.0138096
2012,6,29,22,0.125364
2012,6,29,23,0.086955
2012,6,30,0,0.00349484
2012,6,30,1,0.0293838
2012,6,30,2,-0.063876
2012,6,30,3,0.0703019
2012,6,30,4,0.0748358
2012,6,30,5,0.185918
2012,6,30,6,0.561562
2012,6,30,7,-1.97514
2012,6,30,8,0.110074
2012,6,30,9,0.331447
2012,6,30,10,0.255693
2012,6,30,11,0.290946
2012,6,30,12,0.112477
2012,6,30,13,0.189228
2012,6,30,14,0.150907
2012,6,30,15,-0.0661426
2012,6,30,16,-0.0232646
2012,6,30,17,0.105872
2012,6,30,18,0.0412817
2012,6,30,19,0.0471815
2012,6,30,20,0.00063725
2012,6,30,21,0.0245237
2012,6,30,22,0.195775
2012,6,30,23,0.212957
2012,7,1,0,0.0460525
2012,7,1,1,-0.380656
2012,7,1,2,-0.0480838
2012,7,1,3,0.651705
2012,7,1,4,1.72962
2012,7,1,5,1.52478
2012,7,1,6,2.61914
2012,7,1,7,2.27339
2012,7,1,8,3.50438
2012,7,1,9,NaN
2012,7,1,10,1.44718
2012,7,1,11,-2.58047
2012,7,1,12,-0.165071
2012,7,1,13,0.0178842
2012,7,1,14,3.25731
2012,7,1,15,10.8293
2012,7,1,16,3.59477
2012,7,1,17,1.2267
2012,7,1,18,0.677012
2012,7,1,19,0.464932
2012,7,1,20,-0.342787
2012,7,1,21,0.245921
2012,7,1,22,-0.0128144
2012,7,1,23,-0.0120873
2012,7,2,0,0.0363341
2012,7,2,1,-0.139667
2012,7,2,2,-0.170402
2012,7,2,3,0.131085
2012,7,2,4,0.143099
2012,7,2,5,0.0663303
2012,7,2,6,0.144358
2012,7,2,7,1.13368
2012,7,2,8,1.28736
2012,7,2,9,1.06635
2012,7,2,10,0.584298
2012,7,2,11,0.440362
2012,7,2,12,0.24074
2012,7,2,13,0.0391741
2012,7,2,14,0.209367
2012,7,2,15,0.131405
2012,7,2,16,-0.0462758
2012,7,2,17,-0.394691
2012,7,2,18,0.329343
2012,7,2,19,0.141447
2012,7,2,20,0.0590521
2012,7,2,21,-0.13431
2012,7,2,22,-0.250711
2012,7,2,23,-0.190834
2012,7,3,0,0.0239298
2012,7,3,1,-0.509748
2012,7,3,2,-0.452194
2012,7,3,3,-0.0112948
2012,7,3,4,-0.0426831
2012,7,3,5,0.00883876
2012,7,3,6,0.0691347
2012,7,3,7,0.32461
2012,7,3,8,-0.258417
2012,7,3,9,0.850829
2012,7,3,10,1.19091
2012,7,3,11,0.178956
2012,7,3,12,0.928268
2012,7,3,13,0.34563
2012,7,3,14,0.383549
2012,7,3,15,0.499739
2012,7,3,16,0.875049
2012,7,3,17,0.679349
2012,7,3,18,0.0297042
2012,7,3,19,0.156042
2012,7,3,20,-0.00830919
2012,7,3,21,0.0534413
2012,7,3,22,0.0189931
2012,7,3,23,0.0049204
2012,7,4,0,0.0234236
2012,7,4,1,-0.0356675
2012,7,4,2,-0.0147716
2012,7,4,3,7.82E-05
2012,7,4,4,0.0228242
2012,7,4,5,0.048006
2012,7,4,6,0.444732
2012,7,4,7,-0.587112
2012,7,4,8,-0.191564
2012,7,4,9,NaN
2012,7,4,10,NaN
2012,7,4,11,0.0141507
2012,7,4,12,0.00680709
2012,7,4,13,0.00708861
2012,7,4,14,0.0128011
2012,7,4,15,0.00483914
2012,7,4,16,0.00672703
2012,7,4,17,-0.0390303
2012,7,4,18,-0.0460662
2012,7,4,19,-0.159863
2012,7,4,20,0.00241629
2012,7,4,21,0.00146071
2012,7,4,22,0.026502
2012,7,4,23,-0.00246256
2012,7,5,0,0.00766805
2012,7,5,1,-0.00767079
2012,7,5,2,-0.0114671
2012,7,5,3,-0.0235326
2012,7,5,4,0.00740779
2012,7,5,5,0.0006868
2012,7,5,6,-0.0361824
2012,7,5,7,0.10224
2012,7,5,8,0.245492
2012,7,5,9,0.257575
2012,7,5,10,0.0560612
2012,7,5,11,-0.00407755
2012,7,5,12,-0.0382529
2012,7,5,13,-0.0290713
2012,7,5,14,-0.0253701
2012,7,5,15,0.151994
2012,7,5,16,0.197508
2012,7,5,17,0.184089
2012,7,5,18,0.19038
2012,7,5,19,0.100283
2012,7,5,20,0.0113246
2012,7,5,21,0.0185808
2012,7,5,22,0.05636
2012,7,5,23,0.100083
2012,7,6,0,0.0619862
2012,7,6,1,0.0111509
2012,7,6,2,0.062179
2012,7,6,3,0.0126512
2012,7,6,4,0.0528543
2012,7,6,5,0.0416447
2012,7,6,6,0.018105
2012,7,6,7,0.0392348
2012,7,6,8,0.0201855
2012,7,6,9,0.00769499
2012,7,6,10,NaN
2012,7,6,11,NaN
2012,7,6,12,-0.00631821
2012,7,6,13,-0.000559384
2012,7,6,14,-0.000117252
2012,7,6,15,-0.056644
2012,7,6,16,-0.00977151
2012,7,6,17,-0.00828501
2012,7,6,18,-0.00114787
2012,7,6,19,NaN
2012,7,6,20,NaN
2012,7,6,21,NaN
2012,7,6,22,NaN
2012,7,6,23,-0.00412809
2012,7,7,0,-0.0309359
2012,7,7,1,-0.100846
2012,7,7,2,-0.0386665
2012,7,7,3,0.0223151
2012,7,7,4,0.0294967
2012,7,7,5,0.137063
2012,7,7,6,0.398129
2012,7,7,7,0.249059
2012,7,7,8,0.172757
2012,7,7,9,0.285428
2012,7,7,10,0.14883
2012,7,7,11,0.0349679
2012,7,7,12,-0.157555
2012,7,7,13,-0.338903
2012,7,7,14,-0.185597
2012,7,7,15,-0.134206
2012,7,7,16,-0.0821421
2012,7,7,17,0.71285
2012,7,7,18,1.35153
2012,7,7,19,2.35454
2012,7,7,20,NaN
2012,7,7,21,NaN
2012,7,7,22,NaN
2012,7,7,23,NaN
2012,7,8,0,0.209157
2012,7,8,1,-5.37036
2012,7,8,2,-0.601715
2012,7,8,3,0.00866834
2012,7,8,4,-0.141379
2012,7,8,5,-0.799579
2012,7,8,6,-0.407445
2012,7,8,7,-0.638567
2012,7,8,8,0.44837
2012,7,8,9,2.36813
2012,7,8,10,2.50242
2012,7,8,11,2.419
2012,7,8,12,1.75565
2012,7,8,13,1.91387
2012,7,8,14,1.5429
2012,7,8,15,3.20468
2012,7,8,16,2.88011
2012,7,8,17,0.0859745
2012,7,8,18,0.997541
2012,7,8,19,2.41069
2012,7,8,20,10.8139
2012,7,8,21,12.5186
2012,7,8,22,-9.07216
2012,7,8,23,-3.20775
2012,7,9,0,-0.000752176
2012,7,9,1,-1.56908
2012,7,9,2,0.459366
2012,7,9,3,0.995133
2012,7,9,4,1.09883
2012,7,9,5,1.2567
2012,7,9,6,2.26965
2012,7,9,7,1.83231
2012,7,9,8,0.827272
2012,7,9,9,1.30551
2012,7,9,10,2.08072
2012,7,9,11,1.09138
2012,7,9,12,0.71046
2012,7,9,13,0.334999
2012,7,9,14,-0.369877
2012,7,9,15,-0.0647855
2012,7,9,16,0.0788038
2012,7,9,17,1.00042
2012,7,9,18,2.1414
2012,7,9,19,1.89334
2012,7,9,20,1.32369
2012,7,9,21,5.71398
2012,7,9,22,16.0522
2012,7,9,23,4.41392
2012,7,10,0,2.43633
2012,7,10,1,0.0932711
2012,7,10,2,0.457526
2012,7,10,3,1.16057
2012,7,10,4,0.280799
2012,7,10,5,1.21582
2012,7,10,6,0.718389
2012,7,10,7,0.247425
2012,7,10,8,1.08894
2012,7,10,9,0.765906
2012,7,10,10,1.08097
2012,7,10,11,-0.13843
2012,7,10,12,0.00046068
2012,7,10,13,-0.59829
2012,7,10,14,0.110526
2012,7,10,15,0.284847
2012,7,10,16,-0.125112
2012,7,10,17,-0.0291054
2012,7,10,18,0.11935
2012,7,10,19,0.192088
2012,7,10,20,0.04895
2012,7,10,21,0.0261173
2012,7,10,22,0.0974429
2012,7,10,23,0.0799111
2012,7,11,0,-0.444892
2012,7,11,1,-1.47799
2012,7,11,2,-0.393206
2012,7,11,3,0.0672043
2012,7,11,4,0.207074
2012,7,11,5,-0.00286927
2012,7,11,6,0.124364
2012,7,11,7,-0.00132212
2012,7,11,8,0.0948816
2012,7,11,9,0.00934111
2012,7,11,10,-0.43452
2012,7,11,11,-1.22016
2012,7,11,12,-0.0594337
2012,7,11,13,-0.374128
2012,7,11,14,-0.466352
2012,7,11,15,-0.739376
2012,7,11,16,-0.49302
2012,7,11,17,0.108855
2012,7,11,18,0.570139
2012,7,11,19,0.145606
2012,7,11,20,0.914313
2012,7,11,21,-0.19053
2012,7,11,22,0.0348469
2012,7,11,23,-0.954853
2012,7,12,0,0.357417
2012,7,12,1,0.864817
2012,7,12,2,-1.39706
2012,7,12,3,-0.375999
2012,7,12,4,0.405657
2012,7,12,5,0.164074
2012,7,12,6,0.0871138
2012,7,12,7,0.497185
2012,7,12,8,-0.0254404
2012,7,12,9,0.0349639
2012,7,12,10,0.132415
2012,7,12,11,0.242425
2012,7,12,12,0.446667
2012,7,12,13,-0.467489
2012,7,12,14,-0.849117
2012,7,12,15,0.634907
2012,7,12,16,1.07305
2012,7,12,17,0.0332734
2012,7,12,18,0.370476
2012,7,12,19,-0.0501541
2012,7,12,20,0.038633
2012,7,12,21,-0.235707
2012,7,12,22,1.08302
2012,7,12,23,0.115663
2012,7,13,0,1.2581
2012,7,13,1,1.56994
2012,7,13,2,-1.26092
2012,7,13,3,0.0216861
2012,7,13,4,0.700893
2012,7,13,5,0.784309
2012,7,13,6,0.0745397
2012,7,13,7,-0.423932
2012,7,13,8,0.263617
2012,7,13,9,-0.332586
2012,7,13,10,0.301902
2012,7,13,11,0.458916
2012,7,13,12,0.11841
2012,7,13,13,0.0838236
2012,7,13,14,0.285659
2012,7,13,15,-0.00952015
2012,7,13,16,-0.0521191
2012,7,13,17,0.0561232
2012,7,13,18,-0.00859439
2012,7,13,19,0.131896
2012,7,13,20,0.0148513
2012,7,13,21,-0.000260899
2012,7,13,22,0.0182013
2012,7,13,23,-0.00592987
2012,7,14,0,0.00085704
2012,7,14,1,-0.000610699
2012,7,14,2,-0.0255056
2012,7,14,3,-0.00440672
2012,7,14,4,0.00122497
2012,7,14,5,0.0373828
2012,7,14,6,0.136561
2012,7,14,7,-0.0235675
2012,7,14,8,-0.000977007
2012,7,14,9,0.0404164
2012,7,14,10,0.0344194
2012,7,14,11,0.017445
2012,7,14,12,0.0312654
2012,7,14,13,0.00634873
2012,7,14,14,0.00716149
2012,7,14,15,-0.00823639
2012,7,14,16,-0.00134177
2012,7,14,17,0.00275274
2012,7,14,18,0.01086
2012,7,14,19,0.00725311
2012,7,14,20,0.000628185
2012,7,14,21,0.0021837
2012,7,14,22,0.00460755
2012,7,14,23,0.000979135
2012,7,15,0,0.00228005
2012,7,15,1,-0.00314766
2012,7,15,2,-0.00801177
2012,7,15,3,0.00806591
2012,7,15,4,-0.000596308
2012,7,15,5,0.00745953
2012,7,15,6,0.0343229
2012,7,15,7,0.0135332
2012,7,15,8,0.0136807
2012,7,15,9,0.0033989
2012,7,15,10,0.0751427
2012,7,15,11,0.0297451
2012,7,15,12,0.000788862
2012,7,15,13,-0.00789149
2012,7,15,14,0.0357747
2012,7,15,15,-0.162743
2012,7,15,16,-0.0341361
2012,7,15,17,0.011014
2012,7,15,18,0.000433805
2012,7,15,19,0.0109836
2012,7,15,20,0.000775107
2012,7,15,21,0.0173478
2012,7,15,22,0.00299292
2012,7,15,23,0.000199061
2012,7,16,0,0.00109401
2012,7,16,1,-0.0100377
2012,7,16,2,-0.000158543
2012,7,16,3,0.0503263
2012,7,16,4,0.0818555
2012,7,16,5,0.15145
2012,7,16,6,1.16807
2012,7,16,7,0.112711
2012,7,16,8,0.0810726
2012,7,16,9,0.0455667
2012,7,16,10,0.0242522
2012,7,16,11,0.0335369
2012,7,16,12,0.00346908
2012,7,16,13,0.00839484
2012,7,16,14,0.00934672
2012,7,16,15,-0.0919966
2012,7,16,16,-0.0215928
2012,7,16,17,0.063277
2012,7,16,18,0.0683151
2012,7,16,19,0.00447784
2012,7,16,20,-0.00195246
2012,7,16,21,-0.0405318
2012,7,16,22,0.504566
2012,7,16,23,0.833878
2012,7,17,0,0.588523
2012,7,17,1,0.430147
2012,7,17,2,0.377939
2012,7,17,3,0.312864
2012,7,17,4,0.401147
2012,7,17,5,0.646079
2012,7,17,6,2.00086
2012,7,17,7,0.714179
2012,7,17,8,0.880594
2012,7,17,9,1.07489
2012,7,17,10,NaN
2012,7,17,11,NaN
2012,7,17,12,1.32911
2012,7,17,13,1.43569
2012,7,17,14,2.05011
2012,7,17,15,-0.0851234
2012,7,17,16,1.33225
2012,7,17,17,2.70661
2012,7,17,18,1.96203
2012,7,17,19,1.63252
2012,7,17,20,1.35052
2012,7,17,21,0.253088
2012,7,17,22,0.0913279
2012,7,17,23,0.620696
2012,7,18,0,0.588006
2012,7,18,1,-0.693932
2012,7,18,2,0.0392528
2012,7,18,3,0.434056
2012,7,18,4,0.614607
2012,7,18,5,0.471838
2012,7,18,6,0.406857
2012,7,18,7,0.348136
2012,7,18,8,1.21588
2012,7,18,9,0.911534
2012,7,18,10,0.519829
2012,7,18,11,1.01294
2012,7,18,12,1.27505
2012,7,18,13,1.0948
2012,7,18,14,0.622252
2012,7,18,15,0.469262
2012,7,18,16,0.753805
2012,7,18,17,1.08992
2012,7,18,18,1.13339
2012,7,18,19,1.87043
2012,7,18,20,1.05577
2012,7,18,21,0.954175
2012,7,18,22,0.851402
2012,7,18,23,1.95371
2012,7,19,0,3.63475
2012,7,19,1,0.961327
2012,7,19,2,0.256929
2012,7,19,3,0.261114
2012,7,19,4,0.311599
2012,7,19,5,0.512754
2012,7,19,6,0.124785
2012,7,19,7,-0.00199777
2012,7,19,8,0.00249899
2012,7,19,9,0.0353472
2012,7,19,10,0.0327322
2012,7,19,11,0.0108074
2012,7,19,12,0.0914277
2012,7,19,13,0.0335806
2012,7,19,14,0.0940584
2012,7,19,15,0.0303479
2012,7,19,16,0.0231575
2012,7,19,17,0.0539479
2012,7,19,18,0.00322132
2012,7,19,19,0.18614
2012,7,19,20,0.0478903
2012,7,19,21,0.0218976
2012,7,19,22,0.0928734
2012,7,19,23,0.0859734
2012,7,20,0,0.0254669
2012,7,20,1,0.0235484
2012,7,20,2,0.0066513
2012,7,20,3,0.00549183
2012,7,20,4,0.00356984
2012,7,20,5,0.016397
2012,7,20,6,0.939172
2012,7,20,7,0.815482
2012,7,20,8,-0.0159327
2012,7,20,9,0.410831
2012,7,20,10,0.568514
2012,7,20,11,0.320076
2012,7,20,12,0.0245847
2012,7,20,13,0.142945
2012,7,20,14,0.125112
2012,7,20,15,0.435898
2012,7,20,16,1.57411
2012,7,20,17,0.3282
2012,7,20,18,0.166541
2012,7,20,19,-0.0104311
2012,7,20,20,0.0555687
2012,7,20,21,0.0178466
2012,7,20,22,0.052064
2012,7,20,23,-0.00837562
2012,7,21,0,0.0110675
2012,7,21,1,-0.0506924
2012,7,21,2,1.15969
2012,7,21,3,2.41745
2012,7,21,4,2.08237
2012,7,21,5,1.91386
2012,7,21,6,4.76925
2012,7,21,7,-0.457751
2012,7,21,8,0.844215
2012,7,21,9,3.43844
2012,7,21,10,3.86442
2012,7,21,11,6.79788
2012,7,21,12,12.3638
2012,7,21,13,-0.00379669
2012,7,21,14,3.20005
2012,7,21,15,19.1059
2012,7,21,16,14.6358
2012,7,21,17,6.19328
2012,7,21,18,-4.36484
2012,7,21,19,22.566
2012,7,21,20,9.05241
2012,7,21,21,4.18062
2012,7,21,22,6.14051
2012,7,21,23,8.56763
2012,7,22,0,4.94706
2012,7,22,1,-0.651181
2012,7,22,2,2.35861
2012,7,22,3,1.73701
2012,7,22,4,0.8848
2012,7,22,5,0.773475
2012,7,22,6,0.0781863
2012,7,22,7,-0.890147
2012,7,22,8,-0.809566
2012,7,22,9,-0.0226753
2012,7,22,10,-0.0310232
2012,7,22,11,-0.0928375
2012,7,22,12,-1.20459
2012,7,22,13,NaN
2012,7,22,14,NaN
2012,7,22,15,NaN
2012,7,22,16,NaN
2012,7,22,17,NaN
2012,7,22,18,NaN
2012,7,22,19,NaN
2012,7,22,20,NaN
2012,7,22,21,NaN
2012,7,22,22,NaN
2012,7,22,23,NaN
2012,7,23,0,NaN
2012,7,23,1,NaN
2012,7,23,2,NaN
2012,7,23,3,NaN
2012,7,23,4,NaN
2012,7,23,5,NaN
2012,7,23,6,NaN
2012,7,23,7,NaN
2012,7,23,8,NaN
2012,7,23,9,NaN
2012,7,23,10,NaN
2012,7,23,11,NaN
2012,7,23,12,NaN
2012,7,23,13,NaN
2012,7,23,14,NaN
2012,7,23,15,NaN
2012,7,23,16,NaN
2012,7,23,17,NaN
2012,7,23,18,NaN
2012,7,23,19,NaN
2012,7,23,20,1.90888
2012,7,23,21,-0.381184
2012,7,23,22,0.122553
2012,7,23,23,0.335553
2012,7,24,0,0.698563
2012,7,24,1,-0.281052
2012,7,24,2,-0.112661
2012,7,24,3,0.738004
2012,7,24,4,0.625582
2012,7,24,5,1.13697
2012,7,24,6,0.821526
2012,7,24,7,0.961425
2012,7,24,8,1.05128
2012,7,24,9,1.2913
2012,7,24,10,0.163935
2012,7,24,11,0.163022
2012,7,24,12,-0.0732716
2012,7,24,13,1.13951
2012,7,24,14,1.798
2012,7,24,15,1.72362
2012,7,24,16,0.362697
2012,7,24,17,1.28935
2012,7,24,18,1.79476
2012,7,24,19,0.865151
2012,7,24,20,0.793306
2012,7,24,21,1.00397
2012,7,24,22,0.406258
2012,7,24,23,3.16212
2012,7,25,0,3.8934
2012,7,25,1,0.716332
2012,7,25,2,-0.412659
2012,7,25,3,0.19943
2012,7,25,4,0.579653
2012,7,25,5,0.52014
2012,7,25,6,1.16646
2012,7,25,7,1.27391
2012,7,25,8,0.562938
2012,7,25,9,0.426787
2012,7,25,10,0.240457
2012,7,25,11,0.344856
2012,7,25,12,0.799303
2012,7,25,13,0.940365
2012,7,25,14,1.50377
2012,7,25,15,2.82952
2012,7,25,16,2.52589
2012,7,25,17,3.22414
2012,7,25,18,2.79151
2012,7,25,19,2.26964
2012,7,25,20,2.72963
2012,7,25,21,17.8295
2012,7,25,22,8.1992
2012,7,25,23,3.1795
2012,7,26,0,2.80056
2012,7,26,1,0.048011
2012,7,26,2,1.23056
2012,7,26,3,1.7252
2012,7,26,4,2.07608
2012,7,26,5,1.8217
2012,7,26,6,0.448629
2012,7,26,7,-0.632272
2012,7,26,8,0.212229
2012,7,26,9,0.170597
2012,7,26,10,0.862866
2012,7,26,11,1.7924
2012,7,26,12,2.48997
2012,7,26,13,2.05732
2012,7,26,14,1.51787
2012,7,26,15,1.77139
2012,7,26,16,1.81033
2012,7,26,17,NaN
2012,7,26,18,NaN
2012,7,26,19,NaN
2012,7,26,20,NaN
2012,7,26,21,NaN
2012,7,26,22,NaN
2012,7,26,23,NaN
2012,7,27,0,NaN
2012,7,27,1,3.63891
2012,7,27,2,-0.839214
2012,7,27,3,0.0711461
2012,7,27,4,0.0436589
2012,7,27,5,0.0241583
2012,7,27,6,-0.250343
2012,7,27,7,0.520601
2012,7,27,8,0.367438
2012,7,27,9,0.58649
2012,7,27,10,0.430527
2012,7,27,11,0.0471297
2012,7,27,12,0.00521459
2012,7,27,13,0.0211114
2012,7,27,14,0.0047601
2012,7,27,15,-0.0774895
2012,7,27,16,-0.119865
2012,7,27,17,0.117803
2012,7,27,18,0.0718396
2012,7,27,19,-0.020338
2012,7,27,20,0.000541947
2012,7,27,21,-0.148137
2012,7,27,22,-0.169425
2012,7,27,23,-0.0191179
2012,7,28,0,0.055203
2012,7,28,1,-0.166622
2012,7,28,2,-0.318279
2012,7,28,3,0.37136
2012,7,28,4,0.722768
2012,7,28,5,1.0763
2012,7,28,6,0.698682
2012,7,28,7,1.33832
2012,7,28,8,2.06701
2012,7,28,9,0.414538
2012,7,28,10,1.58141
2012,7,28,11,1.88544
2012,7,28,12,2.40197
2012,7,28,13,2.03764
2012,7,28,14,1.98722
2012,7,28,15,2.48387
2012,7,28,16,3.21768
2012,7,28,17,0.187908
2012,7,28,18,1.66601
2012,7,28,19,1.33053
2012,7,28,20,1.96555
2012,7,28,21,1.10869
2012,7,28,22,1.37711
2012,7,28,23,1.52301
2012,7,29,0,0.483121
2012,7,29,1,-0.111174
2012,7,29,2,0.0183432
2012,7,29,3,0.538036
2012,7,29,4,-0.40118
2012,7,29,5,0.146845
2012,7,29,6,0.120085
2012,7,29,7,0.0861611
2012,7,29,8,0.470722
2012,7,29,9,1.45407
2012,7,29,10,2.22475
2012,7,29,11,12.7084
2012,7,29,12,4.14045
2012,7,29,13,0.122748
2012,7,29,14,0.466692
2012,7,29,15,0.0729788
2012,7,29,16,0.47279
2012,7,29,17,0.534715
2012,7,29,18,-0.339843
2012,7,29,19,0.0834872
2012,7,29,20,0.107783
2012,7,29,21,0.233571
2012,7,29,22,-0.115747
2012,7,29,23,0.0639567
2012,7,30,0,-0.137354
2012,7,30,1,-0.684454
2012,7,30,2,-0.210507
2012,7,30,3,-0.0418688
2012,7,30,4,-0.11341
2012,7,30,5,0.0195716
2012,7,30,6,0.316805
2012,7,30,7,0.177301
2012,7,30,8,0.238293
2012,7,30,9,0.330301
2012,7,30,10,1.167
2012,7,30,11,0.636944
2012,7,30,12,0.378774
2012,7,30,13,0.0913408
2012,7,30,14,0.113582
2012,7,30,15,-0.102914
2012,7,30,16,-0.0583331
2012,7,30,17,-0.160884
2012,7,30,18,0.030891
2012,7,30,19,0.0176473
2012,7,30,20,-0.000134269
2012,7,30,21,0.00538954
2012,7,30,22,-0.0577436
2012,7,30,23,-0.0378481
2012,7,31,0,0.037675
2012,7,31,1,-0.0540801
2012,7,31,2,-0.0218935
2012,7,31,3,-0.00102994
2012,7,31,4,0.00125333
2012,7,31,5,0.00174526
2012,7,31,6,0.0952204
2012,7,31,7,-0.00709387
2012,7,31,8,0.00144347
2012,7,31,9,0.0173437
2012,7,31,10,0.0980552
2012,7,31,11,0.00629374
2012,7,31,12,0.00522077
2012,7,31,13,0.0409565
2012,7,31,14,0.0106627
2012,7,31,15,0.00439503
2012,7,31,16,0.0156929
2012,7,31,17,0.0382655
2012,7,31,18,-0.0196396
2012,7,31,19,-0.0350298
2012,7,31,20,-0.00904342
2012,7,31,21,-0.00309333
2012,7,31,22,0.00713527
2012,7,31,23,0.00249827
2012,8,1,0,0.000482984
2012,8,1,1,0.00275861
2012,8,1,2,-0.00901075
2012,8,1,3,0.0146828
2012,8,1,4,-0.00339015
2012,8,1,5,0.00110084
2012,8,1,6,0.00731824
2012,8,1,7,-0.00246413
2012,8,1,8,0.0150103
2012,8,1,9,0.00745628
2012,8,1,10,0.00726031
2012,8,1,11,0.189911
2012,8,1,12,0.0637602
2012,8,1,13,0.0375009
2012,8,1,14,0.00485427
2012,8,1,15,0.0406507
2012,8,1,16,0.0504643
2012,8,1,17,0.137577
2012,8,1,18,0.212077
2012,8,1,19,0.578375
2012,8,1,20,-0.0262183
2012,8,1,21,0.0149243
2012,8,1,22,0.0704876
2012,8,1,23,0.0133273
2012,8,2,0,0.0480162
2012,8,2,1,-0.1651
2012,8,2,2,-0.290152
2012,8,2,3,0.152192
2012,8,2,4,0.251365
2012,8,2,5,-0.0200658
2012,8,2,6,0.26872
2012,8,2,7,0.0948635
2012,8,2,8,-0.0644322
2012,8,2,9,-0.030371
2012,8,2,10,0.130756
2012,8,2,11,0.265424
2012,8,2,12,0.3035
2012,8,2,13,0.32318
2012,8,2,14,0.0534469
2012,8,2,15,0.0062077
2012,8,2,16,0.0292506
2012,8,2,17,0.034687
2012,8,2,18,0.0200304
2012,8,2,19,0.0613042
2012,8,2,20,0.0054672
2012,8,2,21,0.00572152
2012,8,2,22,-0.0140144
2012,8,2,23,-0.0158997
2012,8,3,0,0.00983262
2012,8,3,1,0.232348
2012,8,3,2,-0.00329219
2012,8,3,3,0.00846377
2012,8,3,4,-0.00342277
2012,8,3,5,-0.0872394
2012,8,3,6,0.00216308
2012,8,3,7,0.0753842
2012,8,3,8,-0.196752
2012,8,3,9,0.242015
2012,8,3,10,0.550117
2012,8,3,11,0.384249
2012,8,3,12,-0.0270688
2012,8,3,13,0.0234806
2012,8,3,14,-0.00020305
2012,8,3,15,0.0201888
2012,8,3,16,0.0562154
2012,8,3,17,0.025929
2012,8,3,18,0.333925
2012,8,3,19,0.0901606
2012,8,3,20,0.0129056
2012,8,3,21,0.0748427
2012,8,3,22,0.296654
2012,8,3,23,0.0352711
2012,8,4,0,0.159957
2012,8,4,1,-0.237224
2012,8,4,2,-0.0465256
2012,8,4,3,0.0168762
2012,8,4,4,0.0372748
2012,8,4,5,-0.00188752
2012,8,4,6,0.00373997
2012,8,4,7,-0.00523324
2012,8,4,8,0.000929239
2012,8,4,9,0.0241955
2012,8,4,10,0.00890041
2012,8,4,11,0.00871844
2012,8,4,12,-0.00812394
2012,8,4,13,0.000336331
2012,8,4,14,0.083536
2012,8,4,15,0.0678398
2012,8,4,16,-0.0985452
2012,8,4,17,0.0644793
2012,8,4,18,0.0252293
2012,8,4,19,-0.00551548
2012,8,4,20,0.000847778
2012,8,4,21,0.0002684
2012,8,4,22,-5.48E-05
2012,8,4,23,-0.000804216
2012,8,5,0,-0.00260162
2012,8,5,1,-0.0581198
2012,8,5,2,-0.0268993
2012,8,5,3,0.00141416
2012,8,5,4,-0.00397877
2012,8,5,5,0.0145285
2012,8,5,6,0.221279
2012,8,5,7,0.013833
2012,8,5,8,-0.00350192
2012,8,5,9,0.0162188
2012,8,5,10,0.144044
2012,8,5,11,0.0134426
2012,8,5,12,-0.0014714
2012,8,5,13,-0.0290035
2012,8,5,14,0.0146474
2012,8,5,15,-0.0565317
2012,8,5,16,-0.046412
2012,8,5,17,0.00853186
2012,8,5,18,0.109494
2012,8,5,19,0.00294679
2012,8,5,20,0.00736241
2012,8,5,21,0.00519
2012,8,5,22,-0.00140219
2012,8,5,23,0.00183266
2012,8,6,0,-0.000756949
2012,8,6,1,-0.0025654
2012,8,6,2,-0.0103406
2012,8,6,3,0.0222923
2012,8,6,4,-0.00689679
2012,8,6,5,-0.00153125
2012,8,6,6,0.0878325
2012,8,6,7,0.0202576
2012,8,6,8,-0.00786295
2012,8,6,9,0.0283369
2012,8,6,10,0.0922334
2012,8,6,11,0.0645117
2012,8,6,12,-9.73E-05
2012,8,6,13,0.0049971
2012,8,6,14,0.0046345
2012,8,6,15,-0.0782843
2012,8,6,16,-0.0830334
2012,8,6,17,0.0081613
2012,8,6,18,0.0487997
2012,8,6,19,0.0160242
2012,8,6,20,0.0386956
2012,8,6,21,0.0515115
2012,8,6,22,0.0641053
2012,8,6,23,0.0425755
2012,8,7,0,-0.0170352
2012,8,7,1,-0.149825
2012,8,7,2,-0.0787372
2012,8,7,3,0.15856
2012,8,7,4,0.144886
2012,8,7,5,0.178119
2012,8,7,6,0.250297
2012,8,7,7,0.559078
2012,8,7,8,0.463344
2012,8,7,9,0.356698
2012,8,7,10,0.188657
2012,8,7,11,0.123984
2012,8,7,12,0.159607
2012,8,7,13,0.0847556
2012,8,7,14,0.40404
2012,8,7,15,0.407757
2012,8,7,16,0.470935
2012,8,7,17,1.50458
2012,8,7,18,1.35267
2012,8,7,19,0.968662
2012,8,7,20,2.06435
2012,8,7,21,1.59729
2012,8,7,22,1.05876
2012,8,7,23,1.42501
2012,8,8,0,1.36211
2012,8,8,1,-1.63715
2012,8,8,2,1.55829
2012,8,8,3,2.11413
2012,8,8,4,1.24273
2012,8,8,5,1.35437
2012,8,8,6,0.600516
2012,8,8,7,1.85133
2012,8,8,8,1.51984
2012,8,8,9,1.24976
2012,8,8,10,0.251364
2012,8,8,11,0.435689
2012,8,8,12,1.68387
2012,8,8,13,-0.031305
2012,8,8,14,0.300524
2012,8,8,15,0.397811
2012,8,8,16,0.0514063
2012,8,8,17,0.048817
2012,8,8,18,0.0379059
2012,8,8,19,-0.0460655
2012,8,8,20,-0.00111131
2012,8,8,21,-0.00239928
2012,8,8,22,-0.0177898
2012,8,8,23,-0.0175914
2012,8,9,0,-0.000583699
2012,8,9,1,-0.0808845
2012,8,9,2,-0.112413
2012,8,9,3,0.0129825
2012,8,9,4,0.0173452
2012,8,9,5,0.00983522
2012,8,9,6,0.376272
2012,8,9,7,-0.12238
2012,8,9,8,-0.404475
2012,8,9,9,0.228721
2012,8,9,10,0.272012
2012,8,9,11,0.186712
2012,8,9,12,0.00956486
2012,8,9,13,-0.0134502
2012,8,9,14,0.0174937
2012,8,9,15,-0.032297
2012,8,9,16,0.00194888
2012,8,9,17,0.00329786
2012,8,9,18,-0.00432831
2012,8,9,19,0.0033296
2012,8,9,20,0.00161456
2012,8,9,21,0.000414334
2012,8,9,22,-0.00303121
2012,8,9,23,-0.0218489
2012,8,10,0,-0.0219628
2012,8,10,1,-0.101268
2012,8,10,2,-0.0674744
2012,8,10,3,0.0290884
2012,8,10,4,0.00311654
2012,8,10,5,0.0885148
2012,8,10,6,0.257026
2012,8,10,7,0.355121
2012,8,10,8,0.866487
2012,8,10,9,0.601047
2012,8,10,10,0.936722
2012,8,10,11,1.03595
2012,8,10,12,0.321104
2012,8,10,13,0.151149
2012,8,10,14,0.324883
2012,8,10,15,0.22897
2012,8,10,16,-0.022945
2012,8,10,17,0.13764
2012,8,10,18,0.090129
2012,8,10,19,0.0963267
2012,8,10,20,0.0658099
2012,8,10,21,-0.00182837
2012,8,10,22,0.00648155
2012,8,10,23,0.000346988
2012,8,11,0,-0.0498725
2012,8,11,1,-1.30823
2012,8,11,2,-0.225428
2012,8,11,3,0.024638
2012,8,11,4,0.0673939
2012,8,11,5,0.142341
2012,8,11,6,0.181105
2012,8,11,7,0.0400014
2012,8,11,8,-0.00251315
2012,8,11,9,0.000664095
2012,8,11,10,0.0471721
2012,8,11,11,0.00734927
2012,8,11,12,0.00183312
2012,8,11,13,0.057397
2012,8,11,14,0.0378407
2012,8,11,15,0.0634581
2012,8,11,16,-0.146691
2012,8,11,17,-0.0831891
2012,8,11,18,-0.322534
2012,8,11,19,0.0377552
2012,8,11,20,0.379728
2012,8,11,21,0.0857237
2012,8,11,22,0.0961483
2012,8,11,23,0.0532759
2012,8,12,0,0.0650302
2012,8,12,1,-0.147123
2012,8,12,2,-0.51171
2012,8,12,3,-0.112127
2012,8,12,4,0.0514028
2012,8,12,5,0.214372
2012,8,12,6,0.0922559
2012,8,12,7,0.0214007
2012,8,12,8,-0.0175257
2012,8,12,9,-0.0615926
2012,8,12,10,0.050425
2012,8,12,11,0.164488
2012,8,12,12,0.0967769
2012,8,12,13,0.207044
2012,8,12,14,0.125624
2012,8,12,15,0.0128327
2012,8,12,16,-0.0117863
2012,8,12,17,0.0780859
2012,8,12,18,0.222983
2012,8,12,19,0.0112781
2012,8,12,20,0.000518602
2012,8,12,21,7.13E-06
2012,8,12,22,0.000544438
2012,8,12,23,-0.00499671
2012,8,13,0,-0.0281173
2012,8,13,1,0.0738548
2012,8,13,2,-0.133505
2012,8,13,3,-0.0189462
2012,8,13,4,-0.0252675
2012,8,13,5,-7.94E-05
2012,8,13,6,0.232864
2012,8,13,7,0.61742
2012,8,13,8,0.10594
2012,8,13,9,1.0424
2012,8,13,10,1.2729
2012,8,13,11,0.273215
2012,8,13,12,0.071345
2012,8,13,13,0.0260664
2012,8,13,14,0.032121
2012,8,13,15,-0.135528
2012,8,13,16,-0.0931702
2012,8,13,17,-0.163142
2012,8,13,18,0.0214733
2012,8,13,19,0.00553928
2012,8,13,20,0.000254878
2012,8,13,21,0.000852322
2012,8,13,22,-0.0143023
2012,8,13,23,0.0115197
2012,8,14,0,0.160523
2012,8,14,1,0.149643
2012,8,14,2,-0.0729464
2012,8,14,3,-0.000309472
2012,8,14,4,0.031635
2012,8,14,5,0.119205
2012,8,14,6,0.110873
2012,8,14,7,0.254758
2012,8,14,8,0.692364
2012,8,14,9,1.58157
2012,8,14,10,1.32611
2012,8,14,11,1.56166
2012,8,14,12,0.607271
2012,8,14,13,0.441349
2012,8,14,14,0.344694
2012,8,14,15,0.26859
2012,8,14,16,0.443737
2012,8,14,17,0.886727
2012,8,14,18,0.41771
2012,8,14,19,0.0307584
2012,8,14,20,0.366463
2012,8,14,21,0.483634
2012,8,14,22,0.562803
2012,8,14,23,0.810403
2012,8,15,0,0.315452
2012,8,15,1,0.263449
2012,8,15,2,0.280662
2012,8,15,3,0.747229
2012,8,15,4,0.257522
2012,8,15,5,0.144457
2012,8,15,6,0.021621
2012,8,15,7,0.190966
2012,8,15,8,-0.0264301
2012,8,15,9,-0.0069894
2012,8,15,10,0.0188843
2012,8,15,11,0.0357009
2012,8,15,12,0.12545
2012,8,15,13,0.343216
2012,8,15,14,0.183663
2012,8,15,15,-0.0954945
2012,8,15,16,-0.3014
2012,8,15,17,0.0965853
2012,8,15,18,-0.00758864
2012,8,15,19,-0.000344035
2012,8,15,20,0.000138242
2012,8,15,21,0.00692006
2012,8,15,22,0.00792244
2012,8,15,23,-0.0242613
2012,8,16,0,0.137746
2012,8,16,1,0.0452209
2012,8,16,2,0.0352086
2012,8,16,3,0.106329
2012,8,16,4,0.0179371
2012,8,16,5,0.0187232
2012,8,16,6,0.0708922
2012,8,16,7,0.152216
2012,8,16,8,0.354948
2012,8,16,9,0.167823
2012,8,16,10,0.832255
2012,8,16,11,0.583265
2012,8,16,12,0.10557
2012,8,16,13,0.195385
2012,8,16,14,-0.0130008
2012,8,16,15,0.0341165
2012,8,16,16,-0.0142031
2012,8,16,17,0.431231
2012,8,16,18,0.464115
2012,8,16,19,1.30699
2012,8,16,20,0.637906
2012,8,16,21,1.06633
2012,8,16,22,1.18058
2012,8,16,23,1.34327
2012,8,17,0,1.28237
2012,8,17,1,0.917725
2012,8,17,2,0.278677
2012,8,17,3,1.65748
2012,8,17,4,1.12959
2012,8,17,5,1.26021
2012,8,17,6,1.14597
2012,8,17,7,1.88166
2012,8,17,8,2.87376
2012,8,17,9,2.32523
2012,8,17,10,1.88857
2012,8,17,11,1.67174
2012,8,17,12,0.906175
2012,8,17,13,2.13023
2012,8,17,14,3.44295
2012,8,17,15,2.31937
2012,8,17,16,4.34152
2012,8,17,17,16.2577
2012,8,17,18,10.0098
2012,8,17,19,4.3802
2012,8,17,20,2.60776
2012,8,17,21,2.17729
2012,8,17,22,-7.92834
2012,8,17,23,-7.00739
2012,8,18,0,-1.27274
2012,8,18,1,-0.883435
2012,8,18,2,0.418807
2012,8,18,3,1.19514
2012,8,18,4,1.48056
2012,8,18,5,1.46939
2012,8,18,6,1.2743
2012,8,18,7,0.603937
2012,8,18,8,0.531651
2012,8,18,9,0.434857
2012,8,18,10,0.0556454
2012,8,18,11,0.473888
2012,8,18,12,0.106735
2012,8,18,13,0.0267864
2012,8,18,14,0.042394
2012,8,18,15,0.123477
2012,8,18,16,0.081819
2012,8,18,17,0.104763
2012,8,18,18,0.116558
2012,8,18,19,0.0821162
2012,8,18,20,0.0308797
2012,8,18,21,0.0721983
2012,8,18,22,-0.0437675
2012,8,18,23,0.0108671
2012,8,19,0,-0.000116055
2012,8,19,1,-0.18823
2012,8,19,2,-0.0649343
2012,8,19,3,-0.00510706
2012,8,19,4,0.00643369
2012,8,19,5,-0.0903973
2012,8,19,6,0.0692655
2012,8,19,7,0.351826
2012,8,19,8,0.209871
2012,8,19,9,0.194842
2012,8,19,10,0.309345
2012,8,19,11,0.31107
2012,8,19,12,-0.0255513
2012,8,19,13,0.00254866
2012,8,19,14,0.0101913
2012,8,19,15,-0.00195947
2012,8,19,16,-0.0635179
2012,8,19,17,-0.0273301
2012,8,19,18,0.0195318
2012,8,19,19,0.00863797
2012,8,19,20,0.00104629
2012,8,19,21,0.0638638
2012,8,19,22,0.0306418
2012,8,19,23,0.308967
2012,8,20,0,0.132993
2012,8,20,1,-0.223661
2012,8,20,2,-0.360474
2012,8,20,3,0.296608
2012,8,20,4,0.357188
2012,8,20,5,0.619734
2012,8,20,6,0.166675
2012,8,20,7,0.957497
2012,8,20,8,0.738658
2012,8,20,9,0.962817
2012,8,20,10,1.75088
2012,8,20,11,1.5054
2012,8,20,12,0.561837
2012,8,20,13,0.581347
2012,8,20,14,0.971711
2012,8,20,15,0.565854
2012,8,20,16,0.100409
2012,8,20,17,0.10394
2012,8,20,18,0.078297
2012,8,20,19,-0.132148
2012,8,20,20,-0.113446
2012,8,20,21,0.0918731
2012,8,20,22,0.110419
2012,8,20,23,0.0760772
2012,8,21,0,0.0827672
2012,8,21,1,-0.0122086
2012,8,21,2,-0.12294
2012,8,21,3,-0.00079416
2012,8,21,4,-0.00519858
2012,8,21,5,0.0161356
2012,8,21,6,-0.00620849
2012,8,21,7,-0.00135304
2012,8,21,8,0.0311542
2012,8,21,9,0.00133289
2012,8,21,10,0.0466334
2012,8,21,11,0.0367256
2012,8,21,12,0.0067367
2012,8,21,13,0.00905574
2012,8,21,14,-0.000486933
2012,8,21,15,-0.0160731
2012,8,21,16,-0.0871236
2012,8,21,17,-0.017416
2012,8,21,18,-0.18747
2012,8,21,19,-0.0298382
2012,8,21,20,-0.45684
2012,8,21,21,-0.0429782
2012,8,21,22,0.0122748
2012,8,21,23,0.398594
2012,8,22,0,0.0592532
2012,8,22,1,-0.0426588
2012,8,22,2,-1.02235
2012,8,22,3,-0.638491
2012,8,22,4,-0.0776217
2012,8,22,5,0.18233
2012,8,22,6,0.451604
2012,8,22,7,1.30095
2012,8,22,8,2.10488
2012,8,22,9,1.50072
2012,8,22,10,1.02478
2012,8,22,11,0.343128
2012,8,22,12,0.177148
2012,8,22,13,0.133892
2012,8,22,14,0.0210627
2012,8,22,15,0.00519353
2012,8,22,16,-0.0973094
2012,8,22,17,-0.00807357
2012,8,22,18,-0.0649323
2012,8,22,19,0.0161155
2012,8,22,20,0.102176
2012,8,22,21,-0.0629849
2012,8,22,22,0.0819317
2012,8,22,23,0.0723828
2012,8,23,0,0.156709
2012,8,23,1,0.158182
2012,8,23,2,-0.199671
2012,8,23,3,0.416125
2012,8,23,4,0.969973
2012,8,23,5,0.7714
2012,8,23,6,0.287715
2012,8,23,7,0.776181
2012,8,23,8,0.864416
2012,8,23,9,1.51027
2012,8,23,10,1.47888
2012,8,23,11,1.16895
2012,8,23,12,0.934716
2012,8,23,13,0.92999
2012,8,23,14,1.18906
2012,8,23,15,0.651225
2012,8,23,16,0.513392
2012,8,23,17,0.997158
2012,8,23,18,2.76546
2012,8,23,19,1.61172
2012,8,23,20,2.36267
2012,8,23,21,2.19579
2012,8,23,22,1.73593
2012,8,23,23,1.35598
2012,8,24,0,1.73907
2012,8,24,1,1.25496
2012,8,24,2,0.100044
2012,8,24,3,1.57845
2012,8,24,4,2.4126
2012,8,24,5,2.08921
2012,8,24,6,NaN
2012,8,24,7,3.2431
2012,8,24,8,-0.0228787
2012,8,24,9,0.276249
2012,8,24,10,1.51618
2012,8,24,11,1.51622
2012,8,24,12,1.50818
2012,8,24,13,0.9142
2012,8,24,14,0.958846
2012,8,24,15,1.42313
2012,8,24,16,0.676098
2012,8,24,17,0.900593
2012,8,24,18,2.40093
2012,8,24,19,4.40111
2012,8,24,20,-0.0346791
2012,8,24,21,0.184924
2012,8,24,22,1.01756
2012,8,24,23,1.5099
2012,8,25,0,1.44296
2012,8,25,1,1.11082
2012,8,25,2,0.657185
2012,8,25,3,1.53545
2012,8,25,4,2.36112
2012,8,25,5,2.13511
2012,8,25,6,1.07465
2012,8,25,7,1.58408
2012,8,25,8,2.72028
2012,8,25,9,1.44714
2012,8,25,10,1.47436
2012,8,25,11,0.715705
2012,8,25,12,0.499176
2012,8,25,13,0.539964
2012,8,25,14,0.418501
2012,8,25,15,0.396763
2012,8,25,16,1.65222
2012,8,25,17,6.88195
2012,8,25,18,3.84885
2012,8,25,19,1.71795
2012,8,25,20,1.28057
2012,8,25,21,-0.861928
2012,8,25,22,-3.47873
2012,8,25,23,-0.0746438
2012,8,26,0,0.0430877
2012,8,26,1,-0.0673389
2012,8,26,2,0.319389
2012,8,26,3,0.59335
2012,8,26,4,0.359885
2012,8,26,5,0.560795
2012,8,26,6,1.05099
2012,8,26,7,0.41444
2012,8,26,8,-0.243487
2012,8,26,9,0.206655
2012,8,26,10,0.23848
2012,8,26,11,0.235281
2012,8,26,12,0.0946838
2012,8,26,13,0.334416
2012,8,26,14,1.81581
2012,8,26,15,3.04696
2012,8,26,16,2.43557
2012,8,26,17,-2.26428
2012,8,26,18,-5.15569
2012,8,26,19,-0.102264
2012,8,26,20,0.34573
2012,8,26,21,0.497222
2012,8,26,22,0.966054
2012,8,26,23,0.797557
2012,8,27,0,0.81951
2012,8,27,1,0.154723
2012,8,27,2,0.454299
2012,8,27,3,1.22272
2012,8,27,4,1.21747
2012,8,27,5,1.02154
2012,8,27,6,0.939906
2012,8,27,7,0.505261
2012,8,27,8,1.44317
2012,8,27,9,1.67589
2012,8,27,10,1.61979
2012,8,27,11,1.60764
2012,8,27,12,8.80911
2012,8,27,13,7.70602
2012,8,27,14,9.75972
2012,8,27,15,4.70709
2012,8,27,16,2.11964
2012,8,27,17,-5.72361
2012,8,27,18,-11.6045
2012,8,27,19,-1.70276
2012,8,27,20,-0.6252
2012,8,27,21,-0.333852
2012,8,27,22,0.0643066
2012,8,27,23,-0.0525544
2012,8,28,0,0.41077
2012,8,28,1,0.153021
2012,8,28,2,0.186745
2012,8,28,3,1.00189
2012,8,28,4,0.269842
2012,8,28,5,0.313975
2012,8,28,6,0.117275
2012,8,28,7,0.0750549
2012,8,28,8,0.0140148
2012,8,28,9,0.00158317
2012,8,28,10,0.0114453
2012,8,28,11,0.0453762
2012,8,28,12,0.0315502
2012,8,28,13,0.243579
2012,8,28,14,0.560345
2012,8,28,15,NaN
2012,8,28,16,NaN
2012,8,28,17,NaN
2012,8,28,18,NaN
2012,8,28,19,NaN
2012,8,28,20,NaN
2012,8,28,21,NaN
2012,8,28,22,NaN
2012,8,28,23,NaN
2012,8,29,0,NaN
2012,8,29,1,NaN
2012,8,29,2,NaN
2012,8,29,3,NaN
2012,8,29,4,NaN
2012,8,29,5,NaN
2012,8,29,6,NaN
2012,8,29,7,NaN
2012,8,29,8,NaN
2012,8,29,9,NaN
2012,8,29,10,NaN
2012,8,29,11,NaN
2012,8,29,12,NaN
2012,8,29,13,NaN
2012,8,29,14,NaN
2012,8,29,15,NaN
2012,8,29,16,NaN
2012,8,29,17,NaN
2012,8,29,18,NaN
2012,8,29,19,NaN
2012,8,29,20,NaN
2012,8,29,21,NaN
2012,8,29,22,NaN
2012,8,29,23,NaN
2012,8,30,0,NaN
2012,8,30,1,NaN
2012,8,30,2,NaN
2012,8,30,3,NaN
2012,8,30,4,NaN
2012,8,30,5,NaN
2012,8,30,6,NaN
2012,8,30,7,NaN
2012,8,30,8,NaN
2012,8,30,9,NaN
2012,8,30,10,NaN
2012,8,30,11,NaN
2012,8,30,12,NaN
2012,8,30,13,NaN
2012,8,30,14,NaN
2012,8,30,15,NaN
2012,8,30,16,NaN
2012,8,30,17,NaN
2012,8,30,18,NaN
2012,8,30,19,NaN
2012,8,30,20,NaN
2012,8,30,21,NaN
2012,8,30,22,NaN
2012,8,30,23,NaN
2012,8,31,0,NaN
2012,8,31,1,NaN
2012,8,31,2,NaN
2012,8,31,3,NaN
2012,8,31,4,NaN
2012,8,31,5,NaN
2012,8,31,6,NaN
2012,8,31,7,NaN
2012,8,31,8,NaN
2012,8,31,9,NaN
2012,8,31,10,NaN
2012,8,31,11,NaN
2012,8,31,12,NaN
2012,8,31,13,NaN
2012,8,31,14,NaN
2012,8,31,15,NaN
2012,8,31,16,NaN
2012,8,31,17,NaN
2012,8,31,18,NaN
2012,8,31,19,NaN
2012,8,31,20,NaN
2012,8,31,21,NaN
2012,8,31,22,NaN
2012,8,31,23,NaN
2012,9,1,0,NaN
