2011 08 01 00     -1.68286
2011 08 01 01     -3.02446
2011 08 01 02     0.779817
2011 08 01 03     0.587134
2011 08 01 04     0.388317
2011 08 01 05   -0.0620352
2011 08 01 06     -4.42603
2011 08 01 07     -3.30204
2011 08 01 08      1.66206
2011 08 01 09     0.197484
2011 08 01 10     0.913719
2011 08 01 11     0.718854
2011 08 01 12     0.721250
2011 08 01 13     0.790112
2011 08 01 14     0.391737
2011 08 01 15     0.367116
2011 08 01 16    -0.177433
2011 08 01 17     0.725825
2011 08 01 18     0.220371
2011 08 01 19    0.0110942
2011 08 01 20   0.00126673
2011 08 01 21   -0.0682393
2011 08 01 22    -0.183721
2011 08 01 23    -0.161277
2011 08 02 00    -0.189865
2011 08 02 01    -0.721294
2011 08 02 02     0.170584
2011 08 02 03 -0.000398727
2011 08 02 04  -0.00638531
2011 08 02 05     0.154376
2011 08 02 06    -0.422809
2011 08 02 07  -0.00807736
2011 08 02 08     0.247716
2011 08 02 09     0.142839
2011 08 02 10     0.411021
2011 08 02 11     0.171505
2011 08 02 12     0.126277
2011 08 02 13          NaN
2011 08 02 14          NaN
2011 08 02 15          NaN
2011 08 02 16          NaN
2011 08 02 17          NaN
2011 08 02 18          NaN
2011 08 02 19          NaN
2011 08 02 20          NaN
2011 08 02 21          NaN
2011 08 02 22          NaN
2011 08 02 23          NaN
2011 08 03 00          NaN
2011 08 03 01    -0.423792
2011 08 03 02    -0.140045
2011 08 03 03    -0.236426
2011 08 03 04     0.168329
2011 08 03 05     0.474753
2011 08 03 06    0.0368158
2011 08 03 07     -5.48389
2011 08 03 08     -4.53875
2011 08 03 09     -1.44329
2011 08 03 10     -1.16304
2011 08 03 11     -1.66224
2011 08 03 12     -5.88593
2011 08 03 13     -9.07896
2011 08 03 14          NaN
2011 08 03 15          NaN
2011 08 03 16          NaN
2011 08 03 17          NaN
2011 08 03 18          NaN
2011 08 03 19          NaN
2011 08 03 20     -2.27862
2011 08 03 21    -0.783512
2011 08 03 22    -0.539960
2011 08 03 23    -0.706044
2011 08 04 00   -0.0293190
2011 08 04 01     -3.90832
2011 08 04 02    -0.847648
2011 08 04 03     0.127420
2011 08 04 04    -0.490495
2011 08 04 05     0.363353
2011 08 04 06    -0.250115
2011 08 04 07     -3.34143
2011 08 04 08     0.596673
2011 08 04 09      1.19808
2011 08 04 10     0.184844
2011 08 04 11     0.165957
2011 08 04 12   0.00797060
2011 08 04 13     0.247862
2011 08 04 14     0.121558
2011 08 04 15   0.00576700
2011 08 04 16    0.0141371
2011 08 04 17   0.00676800
2011 08 04 18  0.000334027
2011 08 04 19    0.0115145
2011 08 04 20 -0.000693374
2011 08 04 21   -0.0966022
2011 08 04 22     0.621941
2011 08 04 23     -1.53007
2011 08 05 00    -0.183821
2011 08 05 01    -0.367520
2011 08 05 02     0.102853
2011 08 05 03     0.129088
2011 08 05 04     0.882457
2011 08 05 05      1.44810
2011 08 05 06      1.11319
2011 08 05 07    -0.731495
2011 08 05 08     -1.70664
2011 08 05 09    -0.120354
2011 08 05 10      1.04246
2011 08 05 11          NaN
2011 08 05 12     0.370300
2011 08 05 13    -0.115802
2011 08 05 14   -0.0374200
2011 08 05 15          NaN
2011 08 05 16          NaN
2011 08 05 17          NaN
2011 08 05 18          NaN
2011 08 05 19          NaN
2011 08 05 20          NaN
2011 08 05 21          NaN
2011 08 05 22          NaN
2011 08 05 23          NaN
2011 08 06 00          NaN
2011 08 06 01     -1.01877
2011 08 06 02     0.539302
2011 08 06 03     0.405485
2011 08 06 04      1.20344
2011 08 06 05      1.17814
2011 08 06 06     0.102021
2011 08 06 07     -2.27350
2011 08 06 08     -1.43206
2011 08 06 09      1.25418
2011 08 06 10      1.24954
2011 08 06 11      1.24594
2011 08 06 12      1.65150
2011 08 06 13      1.05543
2011 08 06 14     0.340406
2011 08 06 15      1.21037
2011 08 06 16     0.776329
2011 08 06 17     0.948270
2011 08 06 18     0.185763
2011 08 06 19     0.581843
2011 08 06 20   -0.0730313
2011 08 06 21   -0.0673545
2011 08 06 22     0.473442
2011 08 06 23      3.36602
2011 08 07 00      6.67887
2011 08 07 01    -0.629628
2011 08 07 02     0.497972
2011 08 07 03     0.350600
2011 08 07 04     0.549915
2011 08 07 05     0.776187
2011 08 07 06     0.497378
2011 08 07 07    -0.758083
2011 08 07 08      1.59417
2011 08 07 09      1.44934
2011 08 07 10      1.22561
2011 08 07 11   -0.0501343
2011 08 07 12    0.0118043
2011 08 07 13     0.169360
2011 08 07 14     0.557783
2011 08 07 15     0.468240
2011 08 07 16     0.535818
2011 08 07 17     0.140318
2011 08 07 18    -0.203224
2011 08 07 19    -0.186830
2011 08 07 20    -0.296949
2011 08 07 21   0.00615265
2011 08 07 22   -0.0747523
2011 08 07 23   -0.0747298
2011 08 08 00   -0.0145055
2011 08 08 01   -0.0539971
2011 08 08 02   0.00814232
2011 08 08 03   0.00501033
2011 08 08 04  -0.00156635
2011 08 08 05  -0.00199134
2011 08 08 06   -0.0428385
2011 08 08 07   -0.0654693
2011 08 08 08   -0.0725158
2011 08 08 09   0.00328431
2011 08 08 10    0.0221728
2011 08 08 11  0.000494360
2011 08 08 12    0.0836637
2011 08 08 13     0.340446
2011 08 08 14     0.268037
2011 08 08 15   -0.0220379
2011 08 08 16     0.184154
2011 08 08 17     0.470974
2011 08 08 18     0.334575
2011 08 08 19    -0.162293
2011 08 08 20    -0.505886
2011 08 08 21    -0.533342
2011 08 08 22    -0.110223
2011 08 08 23    -0.691550
2011 08 09 00    -0.102653
2011 08 09 01     -1.40738
2011 08 09 02     0.445489
2011 08 09 03     0.240014
2011 08 09 04    -0.158282
2011 08 09 05    -0.287268
2011 08 09 06    -0.336842
2011 08 09 07     0.153547
2011 08 09 08     0.740863
2011 08 09 09     0.633650
2011 08 09 10      1.33023
2011 08 09 11     0.530782
2011 08 09 12     0.745935
2011 08 09 13     0.507025
2011 08 09 14     0.340718
2011 08 09 15     0.108041
2011 08 09 16     0.275396
2011 08 09 17      4.25349
2011 08 09 18      2.95856
2011 08 09 19     0.127312
2011 08 09 20     0.123466
2011 08 09 21    0.0116842
2011 08 09 22   0.00333033
2011 08 09 23   0.00976372
2011 08 10 00   -0.0330805
2011 08 10 01    -0.149453
2011 08 10 02    0.0130018
2011 08 10 03   -0.0226925
2011 08 10 04    -0.137935
2011 08 10 05    -0.174118
2011 08 10 06    -0.119007
2011 08 10 07     0.312419
2011 08 10 08     0.701418
2011 08 10 09     0.389157
2011 08 10 10   -0.0598858
2011 08 10 11          NaN
2011 08 10 12          NaN
2011 08 10 13          NaN
2011 08 10 14          NaN
2011 08 10 15          NaN
2011 08 10 16          NaN
2011 08 10 17          NaN
2011 08 10 18          NaN
2011 08 10 19          NaN
2011 08 10 20          NaN
2011 08 10 21          NaN
2011 08 10 22          NaN
2011 08 10 23          NaN
2011 08 11 00          NaN
2011 08 11 01   -0.0211519
2011 08 11 02   0.00280374
2011 08 11 03   -0.0131434
2011 08 11 04   0.00143904
2011 08 11 05   0.00187158
2011 08 11 06   -0.0188086
2011 08 11 07   0.00768704
2011 08 11 08    0.0240785
2011 08 11 09    0.0203801
2011 08 11 10   0.00426075
2011 08 11 11   0.00196036
2011 08 11 12   0.00160942
2011 08 11 13    0.0336231
2011 08 11 14    0.0311122
2011 08 11 15    0.0183396
2011 08 11 16  -0.00466473
2011 08 11 17    0.0317900
2011 08 11 18    0.0115180
2011 08 11 19    0.0838194
2011 08 11 20    0.0545394
2011 08 11 21    -0.136431
2011 08 11 22   -0.0578852
2011 08 11 23   -0.0557160
2011 08 12 00    -0.175587
2011 08 12 01     -2.09430
2011 08 12 02     0.165047
2011 08 12 03     0.773822
2011 08 12 04     0.649208
2011 08 12 05     0.525524
2011 08 12 06    -0.175620
2011 08 12 07     -2.28244
2011 08 12 08      1.23863
2011 08 12 09     0.852729
2011 08 12 10     0.340979
2011 08 12 11    0.0992903
2011 08 12 12     0.219620
2011 08 12 13    0.0596981
2011 08 12 14     0.286527
2011 08 12 15     0.470766
2011 08 12 16     0.519300
2011 08 12 17     0.295990
2011 08 12 18     0.404620
2011 08 12 19     0.518524
2011 08 12 20      2.32135
2011 08 12 21      8.87681
2011 08 12 22          NaN
2011 08 12 23          NaN
2011 08 13 00          NaN
2011 08 13 01     -1.63877
2011 08 13 02      1.31570
2011 08 13 03      1.42715
2011 08 13 04     0.922649
2011 08 13 05    0.0736159
2011 08 13 06    -0.437306
2011 08 13 07     -2.17313
2011 08 13 08      1.89644
2011 08 13 09      1.76250
2011 08 13 10     0.446554
2011 08 13 11     0.225303
2011 08 13 12     0.409339
2011 08 13 13     0.883422
2011 08 13 14     0.286893
2011 08 13 15     0.540483
2011 08 13 16          NaN
2011 08 13 17          NaN
2011 08 13 18          NaN
2011 08 13 19          NaN
2011 08 13 20          NaN
2011 08 13 21          NaN
2011 08 13 22          NaN
2011 08 13 23          NaN
2011 08 14 00          NaN
2011 08 14 01     -3.53347
2011 08 14 02      1.36139
2011 08 14 03     0.277427
2011 08 14 04    -0.170155
2011 08 14 05    -0.281845
2011 08 14 06    -0.632610
2011 08 14 07    -0.505708
2011 08 14 08 -0.000377917
2011 08 14 09   -0.0173928
2011 08 14 10  -0.00304977
2011 08 14 11    0.0920028
2011 08 14 12     0.191622
2011 08 14 13  -0.00284935
2011 08 14 14   -0.0425392
2011 08 14 15   -0.0138708
2011 08 14 16    0.0674592
2011 08 14 17    0.0641119
2011 08 14 18     0.113296
2011 08 14 19    -0.155240
2011 08 14 20   -0.0304362
2011 08 14 21    -0.220483
2011 08 14 22    -0.400480
2011 08 14 23   -0.0368317
2011 08 15 00   -0.0590949
2011 08 15 01    -0.191291
2011 08 15 02  -0.00876689
2011 08 15 03   0.00869194
2011 08 15 04    0.0601506
2011 08 15 05    0.0392227
2011 08 15 06  -0.00870139
2011 08 15 07  -0.00571083
2011 08 15 08   0.00520037
2011 08 15 09  -0.00117719
2011 08 15 10  -0.00656737
2011 08 15 11    0.0123405
2011 08 15 12    0.0134084
2011 08 15 13   0.00365844
2011 08 15 14    0.0339377
2011 08 15 15   0.00345449
2011 08 15 16    0.0181196
2011 08 15 17  1.79673e-05
2011 08 15 18    0.0490537
2011 08 15 19    0.0335292
2011 08 15 20   -0.0485124
2011 08 15 21  -0.00771626
2011 08 15 22  -0.00975617
2011 08 15 23    0.0150369
2011 08 16 00  -0.00596649
2011 08 16 01   -0.0283609
2011 08 16 02   -0.0214121
2011 08 16 03  -0.00457595
2011 08 16 04    0.0417259
2011 08 16 05    0.0856729
2011 08 16 06 -0.000950770
2011 08 16 07   -0.0191338
2011 08 16 08    -0.335567
2011 08 16 09  -0.00623109
2011 08 16 10          NaN
2011 08 16 11          NaN
2011 08 16 12          NaN
2011 08 16 13          NaN
2011 08 16 14          NaN
2011 08 16 15          NaN
2011 08 16 16          NaN
2011 08 16 17          NaN
2011 08 16 18          NaN
2011 08 16 19          NaN
2011 08 16 20          NaN
2011 08 16 21          NaN
2011 08 16 22          NaN
2011 08 16 23          NaN
2011 08 17 00          NaN
2011 08 17 01   -0.0500789
2011 08 17 02   0.00836759
2011 08 17 03 -0.000533590
2011 08 17 04  3.38024e-06
2011 08 17 05    0.0298058
2011 08 17 06   0.00226741
2011 08 17 07    -0.133023
2011 08 17 08    0.0127076
2011 08 17 09     0.152251
2011 08 17 10     0.253329
2011 08 17 11    0.0859653
2011 08 17 12    0.0767000
2011 08 17 13     0.100230
2011 08 17 14 -0.000157726
2011 08 17 15    0.0218425
2011 08 17 16   0.00558518
2011 08 17 17    0.0295621
2011 08 17 18    0.0259017
2011 08 17 19  0.000347187
2011 08 17 20    -0.137499
2011 08 17 21    -0.368318
2011 08 17 22    -0.284136
2011 08 17 23   -0.0249833
2011 08 18 00   -0.0372521
2011 08 18 01    -0.206847
2011 08 18 02    -0.104165
2011 08 18 03   0.00380459
2011 08 18 04   -0.0424798
2011 08 18 05    -0.138546
2011 08 18 06   -0.0784624
2011 08 18 07    -0.751606
2011 08 18 08    0.0627689
2011 08 18 09     0.942014
2011 08 18 10      1.09568
2011 08 18 11     0.193000
2011 08 18 12    0.0513792
2011 08 18 13    0.0680555
2011 08 18 14    0.0193217
2011 08 18 15    0.0738763
2011 08 18 16   -0.0273524
2011 08 18 17   -0.0542004
2011 08 18 18    0.0788458
2011 08 18 19   0.00735162
2011 08 18 20  0.000316182
2011 08 18 21   -0.0276652
2011 08 18 22   -0.0765383
2011 08 18 23   -0.0556877
2011 08 19 00    -0.162930
2011 08 19 01    -0.824550
2011 08 19 02   -0.0148822
2011 08 19 03    0.0312257
2011 08 19 04   0.00663492
2011 08 19 05   -0.0699753
2011 08 19 06   -0.0960634
2011 08 19 07    0.0123017
2011 08 19 08     0.330880
2011 08 19 09     0.194043
2011 08 19 10   0.00162992
2011 08 19 11    0.0587882
2011 08 19 12     0.100188
2011 08 19 13    0.0587353
2011 08 19 14    0.0641595
2011 08 19 15    0.0447024
2011 08 19 16    -0.113892
2011 08 19 17     0.192903
2011 08 19 18   -0.0995923
2011 08 19 19   -0.0111003
2011 08 19 20    0.0217109
2011 08 19 21   -0.0239028
2011 08 19 22   -0.0560970
2011 08 19 23   -0.0483828
2011 08 20 00   -0.0277605
2011 08 20 01    -0.136279
2011 08 20 02    0.0449746
2011 08 20 03    0.0194616
2011 08 20 04   0.00212902
2011 08 20 05   -0.0698615
2011 08 20 06   -0.0847632
2011 08 20 07    0.0648348
2011 08 20 08     0.554859
2011 08 20 09     0.231936
2011 08 20 10    0.0644654
2011 08 20 11    0.0374076
2011 08 20 12    0.0485607
2011 08 20 13    0.0331834
2011 08 20 14    0.0293250
2011 08 20 15    0.0134334
2011 08 20 16   -0.0611187
2011 08 20 17    0.0387168
2011 08 20 18   0.00539603
2011 08 20 19  0.000225056
2011 08 20 20  -0.00453237
2011 08 20 21  -0.00668327
2011 08 20 22  -0.00719465
2011 08 20 23   -0.0109601
2011 08 21 00  -0.00424879
2011 08 21 01   -0.0949671
2011 08 21 02 -9.08149e-05
2011 08 21 03  -0.00117143
2011 08 21 04   -0.0113575
2011 08 21 05   -0.0239763
2011 08 21 06    0.0228567
2011 08 21 07    0.0992934
2011 08 21 08    0.0363308
2011 08 21 09    0.0355387
2011 08 21 10     0.132006
2011 08 21 11    0.0222699
2011 08 21 12    0.0583063
2011 08 21 13    0.0990801
2011 08 21 14     0.175459
2011 08 21 15    0.0260601
2011 08 21 16   -0.0611919
2011 08 21 17     0.333219
2011 08 21 18     0.404904
2011 08 21 19    0.0263861
2011 08 21 20  -0.00234274
2011 08 21 21    0.0138353
2011 08 21 22   -0.0535633
2011 08 21 23  -0.00542577
2011 08 22 00  -0.00117868
2011 08 22 01    -0.143212
2011 08 22 02    0.0297903
2011 08 22 03    0.0108906
2011 08 22 04    0.0112785
2011 08 22 05   0.00962828
2011 08 22 06    -0.116949
2011 08 22 07    0.0172240
2011 08 22 08     0.385544
2011 08 22 09     0.140888
2011 08 22 10    0.0265573
2011 08 22 11  0.000964118
2011 08 22 12    0.0109514
2011 08 22 13  0.000810535
2011 08 22 14   0.00928555
2011 08 22 15  -0.00443260
2011 08 22 16   -0.0704279
2011 08 22 17   0.00489595
2011 08 22 18     0.102055
2011 08 22 19   0.00875050
2011 08 22 20  0.000798579
2011 08 22 21   0.00937581
2011 08 22 22  0.000442240
2011 08 22 23   0.00186819
2011 08 23 00   -0.0337844
2011 08 23 01   -0.0150825
2011 08 23 02   0.00118109
2011 08 23 03   0.00166808
2011 08 23 04  4.83078e-05
2011 08 23 05   -0.0146737
2011 08 23 06   -0.0206929
2011 08 23 07   -0.0144255
2011 08 23 08   0.00572208
2011 08 23 09          NaN
2011 08 23 10          NaN
2011 08 23 11  -0.00355849
2011 08 23 12  -0.00239998
2011 08 23 13  0.000824707
2011 08 23 14   0.00325443
2011 08 23 15  0.000979917
2011 08 23 16   -0.0390171
2011 08 23 17    -0.105656
2011 08 23 18   -0.0109426
2011 08 23 19   0.00876194
2011 08 23 20   -0.0225160
2011 08 23 21   -0.0110729
2011 08 23 22    0.0129582
2011 08 23 23    -0.269177
2011 08 24 00    -0.148515
2011 08 24 01    -0.581929
2011 08 24 02   -0.0907686
2011 08 24 03    0.0369741
2011 08 24 04   0.00315768
2011 08 24 05   -0.0177762
2011 08 24 06    0.0389289
2011 08 24 07     0.184322
2011 08 24 08     0.578213
2011 08 24 09     0.688240
2011 08 24 10     0.661063
2011 08 24 11     0.281414
2011 08 24 12     0.299314
2011 08 24 13     0.193967
2011 08 24 14     0.209054
2011 08 24 15     0.129988
2011 08 24 16    -0.346420
2011 08 24 17     0.200258
2011 08 24 18    0.0141144
2011 08 24 19    0.0142950
2011 08 24 20    0.0198337
2011 08 24 21   -0.0248747
2011 08 24 22   -0.0747894
2011 08 24 23    0.0327163
2011 08 25 00  -0.00704894
2011 08 25 01    -0.117801
2011 08 25 02   -0.0101674
2011 08 25 03  -0.00605115
2011 08 25 04   -0.0344565
2011 08 25 05   -0.0310303
2011 08 25 06  -0.00541054
2011 08 25 07    -0.139461
2011 08 25 08     0.312356
2011 08 25 09     0.278159
2011 08 25 10     0.455150
2011 08 25 11     0.221999
2011 08 25 12    0.0694687
2011 08 25 13          NaN
2011 08 25 14          NaN
2011 08 25 15          NaN
2011 08 25 16          NaN
2011 08 25 17          NaN
2011 08 25 18          NaN
2011 08 25 19          NaN
2011 08 25 20          NaN
2011 08 25 21          NaN
2011 08 25 22          NaN
2011 08 25 23          NaN
2011 08 26 00          NaN
2011 08 26 01    -0.452548
2011 08 26 02    0.0240795
2011 08 26 03    0.0509216
2011 08 26 04    0.0821470
2011 08 26 05     0.123728
2011 08 26 06    -0.354598
2011 08 26 07     0.127129
2011 08 26 08      1.02077
2011 08 26 09      1.47247
2011 08 26 10     0.441888
2011 08 26 11     0.213024
2011 08 26 12     0.128439
2011 08 26 13     0.300305
2011 08 26 14     0.181280
2011 08 26 15     0.264028
2011 08 26 16     0.197135
2011 08 26 17     0.597421
2011 08 26 18      6.35963
2011 08 26 19      1.74863
2011 08 26 20     0.510625
2011 08 26 21          NaN
2011 08 26 22          NaN
2011 08 26 23          NaN
2011 08 27 00          NaN
2011 08 27 01    -0.501323
2011 08 27 02   -0.0271979
2011 08 27 03    0.0472330
2011 08 27 04     0.184830
2011 08 27 05   -0.0979188
2011 08 27 06   -0.0726593
2011 08 27 07     -1.06670
2011 08 27 08    0.0502612
2011 08 27 09     0.450005
2011 08 27 10     0.395940
2011 08 27 11      1.24958
2011 08 27 12     0.646881
2011 08 27 13     0.686995
2011 08 27 14     0.461787
2011 08 27 15      3.33685
2011 08 27 16      5.41266
2011 08 27 17      1.74990
2011 08 27 18    -0.424427
2011 08 27 19     -6.75321
2011 08 27 20     -1.52964
2011 08 27 21    -0.201904
2011 08 27 22    -0.145025
2011 08 27 23    -0.116073
2011 08 28 00   -0.0320560
2011 08 28 01    -0.372146
2011 08 28 02   0.00283492
2011 08 28 03    0.0168132
2011 08 28 04   0.00174055
2011 08 28 05  -0.00494665
2011 08 28 06   -0.0428312
2011 08 28 07    -0.210518
2011 08 28 08  -0.00656738
2011 08 28 09     0.532063
2011 08 28 10     0.241730
2011 08 28 11     0.239234
2011 08 28 12     0.234478
2011 08 28 13    0.0974642
2011 08 28 14    0.0242426
2011 08 28 15    0.0346507
2011 08 28 16    0.0575421
2011 08 28 17    -0.493177
2011 08 28 18    -0.183973
2011 08 28 19    -0.183993
2011 08 28 20   -0.0943009
2011 08 28 21    -0.154651
2011 08 28 22    -0.110775
2011 08 28 23    -0.273844
2011 08 29 00    -0.423452
2011 08 29 01     -1.92665
2011 08 29 02    -0.232163
2011 08 29 03     0.127496
2011 08 29 04    0.0909864
2011 08 29 05   -0.0417957
2011 08 29 06   -0.0837428
2011 08 29 07    -0.464053
2011 08 29 08    -0.126322
2011 08 29 09   0.00851060
2011 08 29 10    0.0667498
2011 08 29 11     0.254143
2011 08 29 12     0.195667
2011 08 29 13     0.128247
2011 08 29 14    0.0577443
2011 08 29 15    0.0754235
2011 08 29 16   -0.0795449
2011 08 29 17     0.194911
2011 08 29 18     0.353043
2011 08 29 19    -0.147590
2011 08 29 20     0.163179
2011 08 29 21    -0.193885
2011 08 29 22      1.17364
2011 08 29 23      3.55858
2011 08 30 00     -4.68215
2011 08 30 01     -4.28296
2011 08 30 02     0.240592
2011 08 30 03    0.0593282
2011 08 30 04     0.356723
2011 08 30 05     0.475707
2011 08 30 06     0.430199
2011 08 30 07          NaN
2011 08 30 08          NaN
2011 08 30 09          NaN
2011 08 30 10          NaN
2011 08 30 11          NaN
2011 08 30 12          NaN
2011 08 30 13          NaN
2011 08 30 14          NaN
2011 08 30 15          NaN
2011 08 30 16          NaN
2011 08 30 17          NaN
2011 08 30 18          NaN
2011 08 30 19          NaN
2011 08 30 20          NaN
2011 08 30 21          NaN
2011 08 30 22          NaN
2011 08 30 23          NaN
2011 08 31 00          NaN
2011 08 31 01     -6.88364
2011 08 31 02    -0.615519
2011 08 31 03    0.0362309
2011 08 31 04   -0.0653735
2011 08 31 05     0.124415
2011 08 31 06     -1.02452
2011 08 31 07     -5.55475
2011 08 31 08      1.21421
2011 08 31 09      3.48544
2011 08 31 10      2.98289
2011 08 31 11      3.01012
2011 08 31 12      4.92045
2011 08 31 13      7.75041
2011 08 31 14      15.4472
2011 08 31 15      7.46817
2011 08 31 16          NaN
2011 08 31 17          NaN
2011 08 31 18          NaN
2011 08 31 19          NaN
2011 08 31 20          NaN
2011 08 31 21          NaN
2011 08 31 22          NaN
2011 08 31 23          NaN
2011 09 01 00          NaN
2011 09 01 01    -0.250662
2011 09 01 02    0.0231885
2011 09 01 03   -0.0238761
2011 09 01 04   0.00811419
2011 09 01 05  -0.00865358
2011 09 01 06    -0.141574
2011 09 01 07     0.132489
2011 09 01 08     0.717516
2011 09 01 09     0.505410
2011 09 01 10     0.435707
2011 09 01 11     0.147368
2011 09 01 12    0.0486753
2011 09 01 13    0.0127797
2011 09 01 14   0.00617225
2011 09 01 15    0.0205582
2011 09 01 16    0.0542508
2011 09 01 17    -0.137396
2011 09 01 18          NaN
2011 09 01 19          NaN
2011 09 01 20          NaN
2011 09 01 21          NaN
2011 09 01 22          NaN
2011 09 01 23          NaN
2011 09 02 00          NaN
2011 09 02 01          NaN
2011 09 02 02          NaN
2011 09 02 03          NaN
2011 09 02 04          NaN
2011 09 02 05          NaN
2011 09 02 06          NaN
2011 09 02 07          NaN
2011 09 02 08          NaN
2011 09 02 09          NaN
2011 09 02 10          NaN
2011 09 02 11          NaN
2011 09 02 12          NaN
2011 09 02 13          NaN
2011 09 02 14          NaN
2011 09 02 15          NaN
2011 09 02 16          NaN
2011 09 02 17          NaN
2011 09 02 18          NaN
2011 09 02 19          NaN
2011 09 02 20          NaN
2011 09 02 21          NaN
2011 09 02 22          NaN
2011 09 02 23          NaN
2011 09 03 00          NaN
2011 09 03 01          NaN
2011 09 03 02          NaN
2011 09 03 03          NaN
2011 09 03 04          NaN
2011 09 03 05          NaN
2011 09 03 06          NaN
2011 09 03 07          NaN
2011 09 03 08          NaN
2011 09 03 09          NaN
2011 09 03 10          NaN
2011 09 03 11          NaN
2011 09 03 12          NaN
2011 09 03 13          NaN
2011 09 03 14          NaN
2011 09 03 15          NaN
2011 09 03 16          NaN
2011 09 03 17          NaN
2011 09 03 18          NaN
2011 09 03 19  -0.00656068
2011 09 03 20  0.000284755
2011 09 03 21   0.00689858
2011 09 03 22   0.00569196
2011 09 03 23   -0.0103665
2011 09 04 00  -0.00173878
2011 09 04 01   -0.0159412
2011 09 04 02   0.00117527
2011 09 04 03   -0.0273983
2011 09 04 04   -0.0830730
2011 09 04 05    0.0351899
2011 09 04 06    0.0202370
2011 09 04 07  0.000508040
2011 09 04 08    0.0400144
2011 09 04 09    0.0779682
2011 09 04 10    0.0109432
2011 09 04 11    0.0118518
2011 09 04 12     0.127898
2011 09 04 13    0.0374322
2011 09 04 14    0.0176754
2011 09 04 15  0.000319961
2011 09 04 16   -0.0340808
2011 09 04 17    0.0237168
2011 09 04 18    0.0415717
2011 09 04 19  0.000214778
2011 09 04 20  0.000171872
2011 09 04 21   0.00140906
2011 09 04 22    0.0298708
2011 09 04 23   0.00447364
2011 09 05 00  1.74995e-05
2011 09 05 01   -0.0230570
2011 09 05 02  -0.00713690
2011 09 05 03    -0.100953
2011 09 05 04   -0.0109912
2011 09 05 05   -0.0157952
2011 09 05 06  -0.00494119
2011 09 05 07    -0.273887
2011 09 05 08     0.509813
2011 09 05 09     0.195139
2011 09 05 10     0.119814
2011 09 05 11     0.154355
2011 09 05 12     0.145719
2011 09 05 13    0.0995436
2011 09 05 14    0.0556839
2011 09 05 15   0.00882732
2011 09 05 16   -0.0223763
2011 09 05 17   -0.0323569
2011 09 05 18   -0.0149702
2011 09 05 19  0.000659124
2011 09 05 20   0.00501896
2011 09 05 21   0.00237540
2011 09 05 22   0.00242494
2011 09 05 23   0.00409856
2011 09 06 00  -0.00259382
2011 09 06 01   -0.0248022
2011 09 06 02   0.00195662
2011 09 06 03   0.00473774
2011 09 06 04   0.00149868
2011 09 06 05 -1.75379e-05
2011 09 06 06   -0.0110082
2011 09 06 07    0.0628714
2011 09 06 08    0.0274559
2011 09 06 09    0.0853419
2011 09 06 10    0.0325250
2011 09 06 11   0.00803771
2011 09 06 12    0.0731607
2011 09 06 13     0.116139
2011 09 06 14    0.0580214
2011 09 06 15  8.13453e-05
2011 09 06 16   -0.0136982
2011 09 06 17  -0.00554828
2011 09 06 18    0.0744441
2011 09 06 19     0.248094
2011 09 06 20   -0.0657404
2011 09 06 21   0.00756541
2011 09 06 22   -0.0190625
2011 09 06 23    0.0911972
2011 09 07 00   -0.0725356
2011 09 07 01    -0.591500
2011 09 07 02     0.246269
2011 09 07 03    0.0794429
2011 09 07 04     0.214633
2011 09 07 05     0.519542
2011 09 07 06     0.216965
2011 09 07 07     0.996784
2011 09 07 08      2.11707
2011 09 07 09      2.19704
2011 09 07 10      1.10611
2011 09 07 11      3.58468
2011 09 07 12      1.53029
2011 09 07 13     0.194047
2011 09 07 14     0.430311
2011 09 07 15      1.30608
2011 09 07 16  -0.00312876
2011 09 07 17    -0.689467
2011 09 07 18    0.0191215
2011 09 07 19    0.0880413
2011 09 07 20     0.111495
2011 09 07 21     0.183597
2011 09 07 22     0.139751
2011 09 07 23    -0.158293
2011 09 08 00    -0.361648
2011 09 08 01    -0.704704
2011 09 08 02    -0.240117
2011 09 08 03    -0.202804
2011 09 08 04   -0.0868120
2011 09 08 05    -0.154629
2011 09 08 06    -0.163925
2011 09 08 07    -0.126663
2011 09 08 08    0.0831760
2011 09 08 09     0.184224
2011 09 08 10     0.141342
2011 09 08 11     0.143927
2011 09 08 12    0.0766615
2011 09 08 13    0.0737044
2011 09 08 14    0.0395468
2011 09 08 15    0.0381812
2011 09 08 16    0.0801322
2011 09 08 17   -0.0230983
2011 09 08 18   0.00951639
2011 09 08 19    0.0159471
2011 09 08 20  0.000616254
2011 09 08 21  1.10276e-07
2011 09 08 22 -1.25206e-05
2011 09 08 23 -0.000108950
2011 09 09 00   0.00653570
2011 09 09 01    0.0147400
2011 09 09 02 -0.000837134
2011 09 09 03   -0.0208955
2011 09 09 04   -0.0232873
2011 09 09 05   0.00977270
2011 09 09 06   -0.0823042
2011 09 09 07    -0.253772
2011 09 09 08          NaN
2011 09 09 09          NaN
2011 09 09 10          NaN
2011 09 09 11          NaN
2011 09 09 12          NaN
2011 09 09 13          NaN
2011 09 09 14          NaN
2011 09 09 15          NaN
2011 09 09 16     0.593493
2011 09 09 17     0.105437
2011 09 09 18    0.0465962
2011 09 09 19   0.00146240
2011 09 09 20  8.43063e-05
2011 09 09 21   0.00144993
2011 09 09 22   -0.0414017
2011 09 09 23    0.0218124
2011 09 10 00     0.112021
2011 09 10 01    0.0311752
2011 09 10 02   0.00122616
2011 09 10 03   -0.0863176
2011 09 10 04  -0.00126026
2011 09 10 05   -0.0150780
2011 09 10 06    0.0431530
2011 09 10 07     0.278891
2011 09 10 08     0.362408
2011 09 10 09     0.229966
2011 09 10 10     0.182058
2011 09 10 11     0.151472
2011 09 10 12     0.271614
2011 09 10 13     0.254353
2011 09 10 14     0.122730
2011 09 10 15     0.119827
2011 09 10 16   -0.0392503
2011 09 10 17    0.0628982
2011 09 10 18     0.200758
2011 09 10 19    0.0660318
2011 09 10 20    0.0470022
2011 09 10 21    -0.363025
2011 09 10 22     0.449271
2011 09 10 23    0.0698612
2011 09 11 00    -0.176473
2011 09 11 01     -1.31633
2011 09 11 02     0.166553
2011 09 11 03     0.259212
2011 09 11 04   -0.0556500
2011 09 11 05     0.164334
2011 09 11 06     0.524145
2011 09 11 07    -0.476988
2011 09 11 08     0.557083
2011 09 11 09     0.241320
2011 09 11 10      1.45315
2011 09 11 11     0.743511
2011 09 11 12     0.242054
2011 09 11 13     0.213322
2011 09 11 14     0.427724
2011 09 11 15     0.244580
2011 09 11 16  -0.00460917
2011 09 11 17    0.0113061
2011 09 11 18   0.00376893
2011 09 11 19 -0.000189685
2011 09 11 20    0.0115598
2011 09 11 21    -0.222530
2011 09 11 22     0.128175
2011 09 11 23  -0.00372919
2011 09 12 00    -0.464512
2011 09 12 01    -0.575751
2011 09 12 02   0.00982366
2011 09 12 03    0.0709543
2011 09 12 04     0.110904
2011 09 12 05   -0.0643113
2011 09 12 06   -0.0746444
2011 09 12 07     0.852993
2011 09 12 08      1.27754
2011 09 12 09      1.48924
2011 09 12 10     0.672910
2011 09 12 11     0.927899
2011 09 12 12     0.705403
2011 09 12 13     0.828941
2011 09 12 14     0.161918
2011 09 12 15    -0.650808
2011 09 12 16    -0.689867
2011 09 12 17     0.527344
2011 09 12 18    0.0290798
2011 09 12 19    -0.494353
2011 09 12 20    -0.995530
2011 09 12 21      1.07601
2011 09 12 22      1.02104
2011 09 12 23      1.15184
2011 09 13 00     0.531933
2011 09 13 01     -1.23856
2011 09 13 02     0.541402
2011 09 13 03     0.263954
2011 09 13 04    0.0599064
2011 09 13 05     0.674740
2011 09 13 06      1.15138
2011 09 13 07     0.919889
2011 09 13 08      3.01299
2011 09 13 09      2.98001
2011 09 13 10      3.63694
2011 09 13 11      2.26078
2011 09 13 12      1.48777
2011 09 13 13      1.28671
2011 09 13 14      1.39142
2011 09 13 15     0.446172
2011 09 13 16     0.658493
2011 09 13 17     0.250623
2011 09 13 18     0.450904
2011 09 13 19     0.406458
2011 09 13 20     0.890197
2011 09 13 21     0.926056
2011 09 13 22      6.44756
2011 09 13 23      1.39782
2011 09 14 00     -4.33210
2011 09 14 01     -1.32554
2011 09 14 02     0.434623
2011 09 14 03     0.289270
2011 09 14 04    0.0440645
2011 09 14 05    0.0604413
2011 09 14 06     0.573346
2011 09 14 07   -0.0417839
2011 09 14 08    -0.227706
2011 09 14 09     0.366332
2011 09 14 10    0.0974410
2011 09 14 11    0.0947962
2011 09 14 12     0.224991
2011 09 14 13     0.336647
2011 09 14 14     0.321119
2011 09 14 15     0.593805
2011 09 14 16      4.64567
2011 09 14 17      2.76468
2011 09 14 18      1.87792
2011 09 14 19          NaN
2011 09 14 20          NaN
2011 09 14 21          NaN
2011 09 14 22          NaN
2011 09 14 23          NaN
2011 09 15 00          NaN
2011 09 15 01     -1.90579
2011 09 15 02    -0.190774
2011 09 15 03    -0.119686
2011 09 15 04   -0.0682863
2011 09 15 05     0.129042
2011 09 15 06     0.270616
2011 09 15 07    -0.269106
2011 09 15 08    -0.245293
2011 09 15 09    0.0424922
2011 09 15 10    0.0454786
2011 09 15 11     0.228414
2011 09 15 12    0.0962683
2011 09 15 13     0.488897
2011 09 15 14     0.175695
2011 09 15 15    0.0791030
2011 09 15 16     0.214114
2011 09 15 17     0.291640
2011 09 15 18   -0.0718802
2011 09 15 19    -0.280001
2011 09 15 20  -0.00390936
2011 09 15 21     0.144778
2011 09 15 22   -0.0489737
2011 09 15 23    0.0139288
2011 09 16 00    -0.142263
2011 09 16 01    -0.457869
2011 09 16 02    -0.146254
2011 09 16 03    0.0654115
2011 09 16 04    -0.104091
2011 09 16 05    0.0206738
2011 09 16 06   0.00781392
2011 09 16 07   -0.0366595
2011 09 16 08    -0.191796
2011 09 16 09   -0.0823919
2011 09 16 10     0.528921
2011 09 16 11    0.0575947
2011 09 16 12     0.151322
2011 09 16 13     0.471158
2011 09 16 14     0.291951
2011 09 16 15     0.274737
2011 09 16 16    0.0275232
2011 09 16 17   0.00561535
2011 09 16 18     0.148854
2011 09 16 19   0.00139761
2011 09 16 20   0.00118882
2011 09 16 21    0.0109839
2011 09 16 22   0.00487290
2011 09 16 23   0.00318372
2011 09 17 00   0.00405852
2011 09 17 01     0.462257
2011 09 17 02     0.466528
2011 09 17 03    -0.104058
2011 09 17 04   -0.0688675
2011 09 17 05    0.0615566
2011 09 17 06    0.0195502
2011 09 17 07    -0.187149
2011 09 17 08    0.0751726
2011 09 17 09     0.577033
2011 09 17 10     0.652926
2011 09 17 11     0.427950
2011 09 17 12     0.583822
2011 09 17 13     0.437129
2011 09 17 14    0.0345683
2011 09 17 15    0.0461224
2011 09 17 16     0.177605
2011 09 17 17     0.118234
2011 09 17 18     0.139729
2011 09 17 19   -0.0131429
2011 09 17 20   0.00213262
2011 09 17 21    0.0157640
2011 09 17 22    0.0322816
2011 09 17 23   0.00222695
2011 09 18 00   -0.0476949
2011 09 18 01    -0.223037
2011 09 18 02    0.0680236
2011 09 18 03    -0.159152
2011 09 18 04   -0.0644809
2011 09 18 05   -0.0190346
2011 09 18 06    -0.154573
2011 09 18 07    -0.226782
2011 09 18 08   -0.0749051
2011 09 18 09     0.350968
2011 09 18 10     0.305212
2011 09 18 11    0.0946268
2011 09 18 12     0.339858
2011 09 18 13     0.477262
2011 09 18 14     0.262867
2011 09 18 15    0.0326189
2011 09 18 16    0.0265736
2011 09 18 17    -0.225656
2011 09 18 18    0.0488740
2011 09 18 19  0.000822910
2011 09 18 20  0.000486417
2011 09 18 21  0.000308318
2011 09 18 22   0.00697844
2011 09 18 23  0.000346413
2011 09 19 00    0.0498674
2011 09 19 01   0.00207642
2011 09 19 02 -0.000562567
2011 09 19 03  -0.00216359
2011 09 19 04  -0.00155597
2011 09 19 05  -0.00211629
2011 09 19 06   -0.0244192
2011 09 19 07   -0.0212241
2011 09 19 08   -0.0671852
2011 09 19 09    0.0489749
2011 09 19 10    0.0306572
2011 09 19 11    0.0474005
2011 09 19 12     0.410751
2011 09 19 13     0.190959
2011 09 19 14    0.0579961
2011 09 19 15    0.0158274
2011 09 19 16    0.0918889
2011 09 19 17      2.62642
2011 09 19 18     0.131019
2011 09 19 19   0.00445649
2011 09 19 20     0.151328
2011 09 19 21     0.127155
2011 09 19 22     0.246771
2011 09 19 23     0.100542
2011 09 20 00    0.0309362
2011 09 20 01   -0.0154495
2011 09 20 02   0.00234557
2011 09 20 03   -0.0490412
2011 09 20 04   -0.0280228
2011 09 20 05  -0.00697391
2011 09 20 06   0.00127161
2011 09 20 07   -0.0858574
2011 09 20 08    0.0470023
2011 09 20 09     0.120309
2011 09 20 10    0.0271373
2011 09 20 11    0.0308355
2011 09 20 12    0.0882232
2011 09 20 13    0.0569720
2011 09 20 14    0.0322148
2011 09 20 15    0.0112093
2011 09 20 16   -0.0131972
2011 09 20 17   -0.0124969
2011 09 20 18   0.00965692
2011 09 20 19  0.000240228
2011 09 20 20    0.0493312
2011 09 20 21    0.0452429
2011 09 20 22    0.0827430
2011 09 20 23    0.0678447
2011 09 21 00    0.0172183
2011 09 21 01  -0.00906789
2011 09 21 02  -0.00735973
2011 09 21 03   -0.0520181
2011 09 21 04  -0.00311019
2011 09 21 05  -0.00382171
2011 09 21 06  -0.00446911
2011 09 21 07    -0.129360
2011 09 21 08     0.206354
2011 09 21 09    0.0227380
2011 09 21 10    0.0332279
2011 09 21 11    0.0925130
2011 09 21 12     0.160560
2011 09 21 13     0.159214
2011 09 21 14    0.0509782
2011 09 21 15   0.00671144
2011 09 21 16   -0.0341405
2011 09 21 17    0.0610893
2011 09 21 18     0.954641
2011 09 21 19    0.0352646
2011 09 21 20     0.155484
2011 09 21 21     0.191942
2011 09 21 22    0.0494474
2011 09 21 23  -0.00806514
2011 09 22 00  -0.00118008
2011 09 22 01    -0.185799
2011 09 22 02    0.0571386
2011 09 22 03   -0.0927164
2011 09 22 04 -8.57834e-06
2011 09 22 05     0.126476
2011 09 22 06    -0.119494
2011 09 22 07     0.147542
2011 09 22 08     0.180759
2011 09 22 09    0.0889613
2011 09 22 10    0.0631651
2011 09 22 11     0.128475
2011 09 22 12     0.183445
2011 09 22 13     0.171762
2011 09 22 14     0.131740
2011 09 22 15    0.0575545
2011 09 22 16    -0.134502
2011 09 22 17   -0.0110717
2011 09 22 18    0.0776414
2011 09 22 19   0.00714522
2011 09 22 20    0.0129906
2011 09 22 21   0.00365762
2011 09 22 22    0.0159024
2011 09 22 23    0.0182374
2011 09 23 00    0.0247872
2011 09 23 01    0.0121572
2011 09 23 02     0.257627
2011 09 23 03   0.00898112
2011 09 23 04   -0.0806930
2011 09 23 05    0.0308191
2011 09 23 06    0.0114774
2011 09 23 07     0.213339
2011 09 23 08    0.0110179
2011 09 23 09     0.112823
2011 09 23 10     0.125202
2011 09 23 11    0.0774281
2011 09 23 12     0.118591
2011 09 23 13     0.249054
2011 09 23 14     0.312296
2011 09 23 15     0.209030
2011 09 23 16   -0.0592836
2011 09 23 17    0.0341970
2011 09 23 18   0.00304048
2011 09 23 19     0.539656
2011 09 23 20     0.156554
2011 09 23 21     0.338015
2011 09 23 22    -0.133018
2011 09 23 23     0.163879
2011 09 24 00     0.300475
2011 09 24 01    -0.189716
2011 09 24 02     0.318058
2011 09 24 03     0.365228
2011 09 24 04     0.413296
2011 09 24 05     0.200394
2011 09 24 06     0.380382
2011 09 24 07     0.864640
2011 09 24 08     0.860583
2011 09 24 09      1.13964
2011 09 24 10     0.485030
2011 09 24 11     0.934608
2011 09 24 12      1.32139
2011 09 24 13      1.54101
2011 09 24 14      1.48660
2011 09 24 15      1.27289
2011 09 24 16      2.38812
2011 09 24 17      1.31777
2011 09 24 18    0.0720947
2011 09 24 19   0.00140762
2011 09 24 20    0.0182666
2011 09 24 21     0.288638
2011 09 24 22     0.761192
2011 09 24 23   0.00691278
2011 09 25 00    0.0545448
2011 09 25 01     -1.00618
2011 09 25 02     0.292520
2011 09 25 03    0.0428349
2011 09 25 04     0.287559
2011 09 25 05    0.0487021
2011 09 25 06     0.156160
2011 09 25 07      1.12002
2011 09 25 08     0.753958
2011 09 25 09    0.0269340
2011 09 25 10    0.0366193
2011 09 25 11    0.0330266
2011 09 25 12    0.0510955
2011 09 25 13    0.0114820
2011 09 25 14    0.0278731
2011 09 25 15    0.0747559
2011 09 25 16    0.0255603
2011 09 25 17    0.0794628
2011 09 25 18  0.000815846
2011 09 25 19    0.0287454
2011 09 25 20   0.00575175
2011 09 25 21 -0.000808731
2011 09 25 22    0.0190560
2011 09 25 23 -0.000780181
2011 09 26 00   -0.0705890
2011 09 26 01   -0.0364243
2011 09 26 02     0.118264
2011 09 26 03   -0.0147347
2011 09 26 04   -0.0574039
2011 09 26 05  -0.00445401
2011 09 26 06    0.0396056
2011 09 26 07    0.0579645
2011 09 26 08     0.276232
2011 09 26 09     0.786124
2011 09 26 10      1.17369
2011 09 26 11      1.50217
2011 09 26 12      2.49607
2011 09 26 13      2.33609
2011 09 26 14      8.55914
2011 09 26 15          NaN
2011 09 26 16          NaN
2011 09 26 17          NaN
2011 09 26 18          NaN
2011 09 26 19          NaN
2011 09 26 20          NaN
2011 09 26 21          NaN
2011 09 26 22          NaN
2011 09 26 23          NaN
2011 09 27 00          NaN
2011 09 27 01     0.386122
2011 09 27 02      1.40182
2011 09 27 03      1.17510
2011 09 27 04      2.09393
2011 09 27 05     0.994866
2011 09 27 06     0.636935
2011 09 27 07      2.10142
2011 09 27 08      2.66315
2011 09 27 09      2.11666
2011 09 27 10      1.51123
2011 09 27 11      5.67021
2011 09 27 12      8.55786
2011 09 27 13          NaN
2011 09 27 14          NaN
2011 09 27 15          NaN
2011 09 27 16          NaN
2011 09 27 17          NaN
2011 09 27 18          NaN
2011 09 27 19          NaN
2011 09 27 20          NaN
2011 09 27 21          NaN
2011 09 27 22          NaN
2011 09 27 23          NaN
2011 09 28 00          NaN
2011 09 28 01    -0.342998
2011 09 28 02      1.27712
2011 09 28 03      1.26898
2011 09 28 04      1.58854
2011 09 28 05      1.34128
2011 09 28 06      1.05558
2011 09 28 07      1.08743
2011 09 28 08     0.252592
2011 09 28 09     0.228383
2011 09 28 10     0.564480
2011 09 28 11      1.14353
2011 09 28 12      1.50956
2011 09 28 13     0.980020
2011 09 28 14     0.981084
2011 09 28 15     0.858541
2011 09 28 16     0.574200
2011 09 28 17     0.275363
2011 09 28 18    -0.147330
2011 09 28 19     0.466006
2011 09 28 20      1.51732
2011 09 28 21      3.85973
2011 09 28 22      2.67956
2011 09 28 23     0.646348
2011 09 29 00     0.578060
2011 09 29 01   -0.0791609
2011 09 29 02     0.143992
2011 09 29 03    -0.161299
2011 09 29 04   -0.0970022
2011 09 29 05    -0.124822
2011 09 29 06   -0.0740470
2011 09 29 07    0.0681459
2011 09 29 08    0.0170648
2011 09 29 09   -0.0244433
2011 09 29 10    0.0139889
2011 09 29 11    0.0568721
2011 09 29 12    0.0610926
2011 09 29 13    0.0353263
2011 09 29 14    0.0271501
2011 09 29 15    0.0450806
2011 09 29 16    0.0820278
2011 09 29 17     0.256317
2011 09 29 18     0.232205
2011 09 29 19    -0.326503
2011 09 29 20     0.156634
2011 09 29 21     0.235912
2011 09 29 22     0.330008
2011 09 29 23     0.322030
2011 09 30 00 -0.000737315
2011 09 30 01   -0.0816079
2011 09 30 02 -0.000528028
2011 09 30 03   -0.0432573
2011 09 30 04   -0.0390769
2011 09 30 05    -0.191701
2011 09 30 06     0.162076
2011 09 30 07    -0.235053
2011 09 30 08  -0.00243365
2011 09 30 09     0.299181
2011 09 30 10    0.0516505
2011 09 30 11     0.223568
2011 09 30 12    0.0991083
2011 09 30 13    0.0901870
2011 09 30 14    0.0604421
2011 09 30 15    0.0214337
2011 09 30 16   0.00970740
2011 09 30 17    0.0448608
2011 09 30 18    0.0318166
2011 09 30 19    -0.399741
2011 09 30 20     -1.61301
2011 09 30 21     0.221855
2011 09 30 22    -0.618539
2011 09 30 23     0.178510
2011 10 01 00     -1.36506
2011 10 01 01     -3.11682
2011 10 01 02     0.322043
2011 10 01 03    -0.994652
2011 10 01 04    -0.332951
2011 10 01 05     0.138041
2011 10 01 06    -0.318735
2011 10 01 07     -1.08051
2011 10 01 08    0.0292398
2011 10 01 09     -1.61492
2011 10 01 10      1.57348
2011 10 01 11      2.69093
2011 10 01 12      1.70892
2011 10 01 13     0.507042
2011 10 01 14     0.715400
2011 10 01 15     0.658156
2011 10 01 16     0.187114
2011 10 01 17     0.400620
2011 10 01 18    0.0782101
2011 10 01 19    0.0200482
2011 10 01 20     0.193319
2011 10 01 21     0.403465
2011 10 01 22     0.132316
2011 10 01 23     0.164857
2011 10 02 00    0.0210565
2011 10 02 01   -0.0455688
2011 10 02 02     0.111940
2011 10 02 03    0.0227283
2011 10 02 04   -0.0474033
2011 10 02 05   0.00608300
2011 10 02 06   -0.0167853
2011 10 02 07    -0.253103
2011 10 02 08   -0.0698397
2011 10 02 09    -0.160888
2011 10 02 10   -0.0568645
2011 10 02 11     0.169759
2011 10 02 12     0.420662
2011 10 02 13     0.666982
2011 10 02 14     0.280160
2011 10 02 15     0.100367
2011 10 02 16  -0.00165440
2011 10 02 17     0.164159
2011 10 02 18    0.0254877
2011 10 02 19    0.0165381
2011 10 02 20   0.00973873
2011 10 02 21     0.199338
2011 10 02 22     0.105557
2011 10 02 23     0.109320
2011 10 03 00   -0.0165227
2011 10 03 01    0.0193961
2011 10 03 02    0.0875739
2011 10 03 03    0.0875459
2011 10 03 04   -0.0340213
2011 10 03 05   -0.0412877
2011 10 03 06   -0.0231306
2011 10 03 07   -0.0248242
2011 10 03 08    -0.151412
2011 10 03 09   -0.0683285
2011 10 03 10    0.0158690
2011 10 03 11     0.205084
2011 10 03 12     0.314203
2011 10 03 13     0.331349
2011 10 03 14     0.365629
2011 10 03 15     0.104410
2011 10 03 16  -0.00705299
2011 10 03 17    -0.105626
2011 10 03 18    0.0270087
2011 10 03 19   0.00556478
2011 10 03 20    0.0232922
2011 10 03 21     0.598036
2011 10 03 22     0.299132
2011 10 03 23     0.200174
2011 10 04 00  -0.00346407
2011 10 04 01     0.150164
2011 10 04 02     0.198591
2011 10 04 03    0.0380798
2011 10 04 04    0.0762270
2011 10 04 05   0.00791560
2011 10 04 06     0.130559
2011 10 04 07     0.270050
2011 10 04 08   -0.0367803
2011 10 04 09   -0.0118263
2011 10 04 10     0.207125
2011 10 04 11     0.448305
2011 10 04 12     0.526815
2011 10 04 13     0.751034
2011 10 04 14     0.596369
2011 10 04 15     0.109436
2011 10 04 16     0.155315
2011 10 04 17     0.130765
2011 10 04 18    0.0252784
2011 10 04 19     0.104382
2011 10 04 20     0.195593
2011 10 04 21     0.516141
2011 10 04 22     0.428486
2011 10 04 23     0.161885
2011 10 05 00     0.104877
2011 10 05 01   -0.0396967
2011 10 05 02     0.316506
2011 10 05 03   -0.0909877
2011 10 05 04    0.0496402
2011 10 05 05     0.338607
2011 10 05 06     0.187016
2011 10 05 07     0.860353
2011 10 05 08      2.37898
2011 10 05 09      1.45646
2011 10 05 10     0.926245
2011 10 05 11      1.03076
2011 10 05 12      1.96868
2011 10 05 13      1.54645
2011 10 05 14      1.26500
2011 10 05 15      1.14549
2011 10 05 16      1.61567
2011 10 05 17      3.33311
2011 10 05 18      8.33032
2011 10 05 19      16.8005
2011 10 05 20      5.35895
2011 10 05 21      3.32137
2011 10 05 22      2.09720
2011 10 05 23     0.447394
2011 10 06 00     -4.68694
2011 10 06 01     -2.39178
2011 10 06 02     0.153777
2011 10 06 03    -0.181892
2011 10 06 04     0.105959
2011 10 06 05   -0.0726825
2011 10 06 06   -0.0318392
2011 10 06 07     0.173436
2011 10 06 08    0.0525802
2011 10 06 09     0.244033
2011 10 06 10     0.254477
2011 10 06 11     0.125185
2011 10 06 12     0.231494
2011 10 06 13     0.301515
2011 10 06 14     0.325394
2011 10 06 15     0.242160
2011 10 06 16     0.185411
2011 10 06 17    0.0820589
2011 10 06 18 -0.000132408
2011 10 06 19   0.00603237
2011 10 06 20   0.00573680
2011 10 06 21     0.110143
2011 10 06 22     0.196364
2011 10 06 23     0.180922
2011 10 07 00     0.265602
2011 10 07 01   0.00923189
2011 10 07 02    0.0263006
2011 10 07 03   0.00116854
2011 10 07 04   -0.0102254
2011 10 07 05    0.0325789
2011 10 07 06    0.0126666
2011 10 07 07    0.0358017
2011 10 07 08     0.284452
2011 10 07 09     0.312031
2011 10 07 10     0.123507
2011 10 07 11    0.0133024
2011 10 07 12    0.0707903
2011 10 07 13   0.00625796
2011 10 07 14    0.0274109
2011 10 07 15    0.0168742
2011 10 07 16   0.00750827
2011 10 07 17  0.000393103
2011 10 07 18    0.0139848
2011 10 07 19    0.0210967
2011 10 07 20    0.0328762
2011 10 07 21     0.210527
2011 10 07 22     0.168757
2011 10 07 23    0.0659268
2011 10 08 00    0.0198927
2011 10 08 01     0.165851
2011 10 08 02     0.280759
2011 10 08 03    0.0882028
2011 10 08 04     0.335176
2011 10 08 05     0.378542
2011 10 08 06      1.08521
2011 10 08 07      1.06172
2011 10 08 08      1.26250
2011 10 08 09      2.20918
2011 10 08 10      2.66984
2011 10 08 11      2.02874
2011 10 08 12      2.63757
2011 10 08 13      4.29600
2011 10 08 14      10.5787
2011 10 08 15      7.72111
2011 10 08 16     -1.97056
2011 10 08 17     -4.84627
2011 10 08 18     0.701144
2011 10 08 19      2.41110
2011 10 08 20      4.95421
2011 10 08 21      17.5194
2011 10 08 22      7.69830
2011 10 08 23     -4.79159
2011 10 09 00     -1.15239
2011 10 09 01      1.23184
2011 10 09 02      3.62878
2011 10 09 03      1.74627
2011 10 09 04     0.402215
2011 10 09 05    0.0803675
2011 10 09 06    0.0423167
2011 10 09 07     0.588740
2011 10 09 08      1.08639
2011 10 09 09     0.786368
2011 10 09 10     0.532575
2011 10 09 11     0.838280
2011 10 09 12     0.402268
2011 10 09 13     0.422930
2011 10 09 14     0.268376
2011 10 09 15     0.328358
2011 10 09 16     0.570540
2011 10 09 17     0.246680
2011 10 09 18    0.0105022
2011 10 09 19  -0.00294341
2011 10 09 20   0.00309854
2011 10 09 21   0.00171552
2011 10 09 22   0.00368336
2011 10 09 23   0.00327109
2011 10 10 00   0.00374197
2011 10 10 01   -0.0502321
2011 10 10 02   0.00931521
2011 10 10 03    0.0247078
2011 10 10 04    0.0182174
2011 10 10 05    0.0690761
2011 10 10 06    0.0188290
2011 10 10 07    -0.124662
2011 10 10 08   -0.0903939
2011 10 10 09   -0.0313671
2011 10 10 10     0.147735
2011 10 10 11     0.209135
2011 10 10 12     0.434257
2011 10 10 13     0.449822
2011 10 10 14     0.148583
2011 10 10 15    0.0733258
2011 10 10 16   -0.0194273
2011 10 10 17   -0.0118589
2011 10 10 18  0.000241344
2011 10 10 19    0.0648847
2011 10 10 20     0.251139
2011 10 10 21     0.376919
2011 10 10 22    0.0800759
2011 10 10 23     0.379127
2011 10 11 00     0.231078
2011 10 11 01   -0.0893667
2011 10 11 02     0.150830
2011 10 11 03  -0.00784333
2011 10 11 04    -0.147682
2011 10 11 05   -0.0288996
2011 10 11 06    0.0787643
2011 10 11 07     0.258780
2011 10 11 08     0.551494
2011 10 11 09     0.501986
2011 10 11 10     0.865445
2011 10 11 11      1.22256
2011 10 11 12      1.40946
2011 10 11 13      1.56770
2011 10 11 14      1.12266
2011 10 11 15     0.375401
2011 10 11 16     0.152262
2011 10 11 17    0.0496161
2011 10 11 18   0.00773399
2011 10 11 19     0.181138
2011 10 11 20     0.472181
2011 10 11 21    0.0510693
2011 10 11 22    0.0302352
2011 10 11 23    0.0566716
2011 10 12 00    0.0276008
2011 10 12 01    0.0213496
2011 10 12 02    0.0227817
2011 10 12 03  -0.00873284
2011 10 12 04 -0.000125971
2011 10 12 05   0.00248868
2011 10 12 06    0.0158842
2011 10 12 07     0.129080
2011 10 12 08     0.201279
2011 10 12 09    0.0497887
2011 10 12 10     0.119267
2011 10 12 11    0.0117227
2011 10 12 12     0.155722
2011 10 12 13    0.0864924
2011 10 12 14     0.183713
2011 10 12 15     0.226383
2011 10 12 16     0.316972
2011 10 12 17    0.0712945
2011 10 12 18     0.102925
2011 10 12 19     0.363418
2011 10 12 20     0.415676
2011 10 12 21     0.219633
2011 10 12 22     0.227546
2011 10 12 23      1.51602
2011 10 13 00      3.24319
2011 10 13 01      1.12264
2011 10 13 02     0.872682
2011 10 13 03     0.888264
2011 10 13 04     0.672612
2011 10 13 05     0.538158
2011 10 13 06      1.02125
2011 10 13 07      1.69684
2011 10 13 08      2.06069
2011 10 13 09      1.79890
2011 10 13 10      5.42023
2011 10 13 11      6.81773
2011 10 13 12     -1.89143
2011 10 13 13    -0.216476
2011 10 13 14      1.66502
2011 10 13 15      1.75570
2011 10 13 16      4.08085
2011 10 13 17     0.297228
2011 10 13 18    -0.246728
2011 10 13 19     0.891679
2011 10 13 20      7.67161
2011 10 13 21      3.37992
2011 10 13 22     0.458245
2011 10 13 23     0.247635
2011 10 14 00     0.429209
2011 10 14 01    -0.179266
2011 10 14 02   -0.0386382
2011 10 14 03   -0.0949252
2011 10 14 04    0.0252119
2011 10 14 05     0.128605
2011 10 14 06     0.108386
2011 10 14 07    0.0252272
2011 10 14 08     -1.09422
2011 10 14 09    -0.199329
2011 10 14 10      3.85665
2011 10 14 11      2.77579
2011 10 14 12     0.936254
2011 10 14 13     0.752525
2011 10 14 14     0.623535
2011 10 14 15     0.562691
2011 10 14 16     0.732308
2011 10 14 17     0.672360
2011 10 14 18    0.0735582
2011 10 14 19    0.0687708
2011 10 14 20    0.0332942
2011 10 14 21    0.0778779
2011 10 14 22    0.0341915
2011 10 14 23     0.204804
2011 10 15 00     0.159314
2011 10 15 01     0.240813
2011 10 15 02     0.322894
2011 10 15 03   -0.0514668
2011 10 15 04    0.0291062
2011 10 15 05   -0.0535773
2011 10 15 06    0.0272687
2011 10 15 07    0.0352307
2011 10 15 08   -0.0373409
2011 10 15 09      1.16779
2011 10 15 10      1.47478
2011 10 15 11      1.94317
2011 10 15 12      1.60739
2011 10 15 13      1.71210
2011 10 15 14     0.514708
2011 10 15 15     0.465025
2011 10 15 16     0.215741
2011 10 15 17    -0.998544
2011 10 15 18    -0.548043
2011 10 15 19    0.0340045
2011 10 15 20    0.0344284
2011 10 15 21     0.540845
2011 10 15 22    -0.221043
2011 10 15 23     0.208268
2011 10 16 00    -0.251118
2011 10 16 01     -1.65211
2011 10 16 02    -0.187598
2011 10 16 03    -0.560323
2011 10 16 04    -0.522270
2011 10 16 05     0.600943
2011 10 16 06     0.872206
2011 10 16 07     0.507480
2011 10 16 08    0.0609640
2011 10 16 09     0.399310
2011 10 16 10      1.33821
2011 10 16 11      1.39504
2011 10 16 12     0.620496
2011 10 16 13      2.91542
2011 10 16 14      2.07262
2011 10 16 15     0.678511
2011 10 16 16      4.46011
2011 10 16 17      8.46458
2011 10 16 18      7.87502
2011 10 16 19      5.55044
2011 10 16 20      3.84092
2011 10 16 21      3.70579
2011 10 16 22      1.45621
2011 10 16 23     0.532302
2011 10 17 00     0.166180
2011 10 17 01   -0.0176584
2011 10 17 02     0.895568
2011 10 17 03     0.304918
2011 10 17 04     0.247333
2011 10 17 05     0.201364
2011 10 17 06     0.103011
2011 10 17 07     0.498728
2011 10 17 08    0.0410731
2011 10 17 09    0.0439713
2011 10 17 10   -0.0615821
2011 10 17 11    -0.357115
2011 10 17 12     0.425353
2011 10 17 13     0.522852
2011 10 17 14     0.246016
2011 10 17 15     0.226792
2011 10 17 16     0.138541
2011 10 17 17     0.802381
2011 10 17 18    0.0686236
2011 10 17 19    0.0142779
2011 10 17 20    0.0493576
2011 10 17 21     0.300933
2011 10 17 22     0.360387
2011 10 17 23     0.146897
2011 10 18 00    0.0935473
2011 10 18 01    -0.360212
2011 10 18 02     0.124342
2011 10 18 03    0.0665091
2011 10 18 04    0.0958222
2011 10 18 05   -0.0172973
2011 10 18 06   -0.0161808
2011 10 18 07   -0.0187069
2011 10 18 08    0.0795873
2011 10 18 09    0.0793160
2011 10 18 10    -0.122402
2011 10 18 11  -0.00370566
2011 10 18 12     0.181760
2011 10 18 13     0.567136
2011 10 18 14     0.619524
2011 10 18 15     0.186878
2011 10 18 16    0.0559330
2011 10 18 17    0.0681374
2011 10 18 18  -0.00134624
2011 10 18 19    0.0958598
2011 10 18 20     0.147442
2011 10 18 21     0.198915
2011 10 18 22     0.244247
2011 10 18 23     0.244842
2011 10 19 00     0.118303
2011 10 19 01   -0.0434553
2011 10 19 02     0.236241
2011 10 19 03     0.409120
2011 10 19 04     0.718615
2011 10 19 05      1.61459
2011 10 19 06     0.616156
2011 10 19 07     0.173126
2011 10 19 08     0.562520
2011 10 19 09      1.25483
2011 10 19 10     0.678863
2011 10 19 11     0.622355
2011 10 19 12      1.04365
2011 10 19 13      2.01467
2011 10 19 14      2.90561
2011 10 19 15      14.0751
2011 10 19 16      12.1246
2011 10 19 17      5.55199
2011 10 19 18     -5.40562
2011 10 19 19     -2.25452
2011 10 19 20      4.76110
2011 10 19 21      5.61366
2011 10 19 22      9.39244
2011 10 19 23      15.5728
2011 10 20 00      5.25613
2011 10 20 01     -3.11904
2011 10 20 02      1.85834
2011 10 20 03      1.94858
2011 10 20 04      3.60379
2011 10 20 05      3.11857
2011 10 20 06      4.45535
2011 10 20 07     0.181964
2011 10 20 08      2.12313
2011 10 20 09      3.94393
2011 10 20 10      7.34942
2011 10 20 11      26.2466
2011 10 20 12      1.04897
2011 10 20 13     -1.75435
2011 10 20 14      3.51292
2011 10 20 15      2.72042
2011 10 20 16      2.37508
2011 10 20 17      4.30342
2011 10 20 18      10.0060
2011 10 20 19      6.42161
2011 10 20 20      4.17908
2011 10 20 21      3.21925
2011 10 20 22     0.269525
2011 10 20 23     -5.33226
2011 10 21 00    -0.969653
2011 10 21 01      1.32319
2011 10 21 02      2.15046
2011 10 21 03      1.24591
2011 10 21 04      1.43087
2011 10 21 05      1.30496
2011 10 21 06      1.14524
2011 10 21 07      2.26249
2011 10 21 08      4.07823
2011 10 21 09      13.8746
2011 10 21 10      1.56629
2011 10 21 11    -0.222955
2011 10 21 12     0.642976
2011 10 21 13     0.405942
2011 10 21 14     0.384784
2011 10 21 15     0.369300
2011 10 21 16      2.34803
2011 10 21 17      7.38693
2011 10 21 18      5.31311
2011 10 21 19      2.88434
2011 10 21 20     -1.24940
2011 10 21 21     -1.08729
2011 10 21 22    -0.231474
2011 10 21 23    -0.127697
2011 10 22 00    -0.110400
2011 10 22 01   -0.0992103
2011 10 22 02     0.113927
2011 10 22 03    0.0105321
2011 10 22 04    0.0896126
2011 10 22 05     0.754163
2011 10 22 06     0.505413
2011 10 22 07     0.153627
2011 10 22 08     0.191608
2011 10 22 09     0.325351
2011 10 22 10     0.953087
2011 10 22 11  -0.00169821
2011 10 22 12    -0.128063
2011 10 22 13   -0.0706226
2011 10 22 14    0.0330856
2011 10 22 15    0.0549569
2011 10 22 16    0.0166186
2011 10 22 17     0.235533
2011 10 22 18     0.191259
2011 10 22 19     0.263742
2011 10 22 20   -0.0257513
2011 10 22 21   -0.0151667
2011 10 22 22     -1.16201
2011 10 22 23  7.18967e-05
2011 10 23 00     0.762973
2011 10 23 01     0.312945
2011 10 23 02     0.273292
2011 10 23 03      7.35457
2011 10 23 04      3.67047
2011 10 23 05      2.49839
2011 10 23 06     0.932475
2011 10 23 07  -0.00330127
2011 10 23 08   -0.0359502
2011 10 23 09    0.0660300
2011 10 23 10    -0.125344
2011 10 23 11    -0.669659
2011 10 23 12    -0.198573
2011 10 23 13     -1.19015
2011 10 23 14     0.632845
2011 10 23 15     0.440561
2011 10 23 16     0.404546
2011 10 23 17      1.18700
2011 10 23 18     0.153620
2011 10 23 19     0.219522
2011 10 23 20     0.108350
2011 10 23 21    -0.174346
2011 10 23 22     0.191231
2011 10 23 23    0.0923431
2011 10 24 00     0.230755
2011 10 24 01    -0.112939
2011 10 24 02    0.0710521
2011 10 24 03    0.0973672
2011 10 24 04   -0.0632558
2011 10 24 05    0.0242733
2011 10 24 06    0.0378017
2011 10 24 07    -0.418003
2011 10 24 08   -0.0536636
2011 10 24 09     0.177832
2011 10 24 10     0.175412
2011 10 24 11     0.452150
2011 10 24 12     0.719712
2011 10 24 13     0.303905
2011 10 24 14      1.00059
2011 10 24 15     0.335231
2011 10 24 16     0.587321
2011 10 24 17     0.128068
2011 10 24 18    0.0473040
2011 10 24 19    0.0926767
2011 10 24 20     0.115766
2011 10 24 21    0.0346770
2011 10 24 22   -0.0127835
2011 10 24 23     0.121013
2011 10 25 00 -5.57716e-05
2011 10 25 01    -0.142269
2011 10 25 02   -0.0354186
2011 10 25 03    0.0753935
2011 10 25 04   0.00507594
2011 10 25 05   -0.0113552
2011 10 25 06   -0.0946593
2011 10 25 07   -0.0146790
2011 10 25 08    0.0688637
2011 10 25 09     0.811523
2011 10 25 10     0.246273
2011 10 25 11     0.216588
2011 10 25 12     0.124209
2011 10 25 13     0.495581
2011 10 25 14     0.652676
2011 10 25 15     0.219063
2011 10 25 16    -0.163835
2011 10 25 17    0.0395507
2011 10 25 18 -0.000240318
2011 10 25 19     0.232499
2011 10 25 20     0.849922
2011 10 25 21     0.557438
2011 10 25 22     0.453300
2011 10 25 23     0.171593
2011 10 26 00   -0.0186164
2011 10 26 01   -0.0169470
2011 10 26 02    0.0331569
2011 10 26 03   -0.0361259
2011 10 26 04   -0.0503239
2011 10 26 05    0.0464243
2011 10 26 06  -0.00296448
2011 10 26 07   0.00611996
2011 10 26 08     0.180591
2011 10 26 09    0.0188002
2011 10 26 10     0.239630
2011 10 26 11    0.0294081
2011 10 26 12   0.00540368
2011 10 26 13    0.0108205
2011 10 26 14    0.0365828
2011 10 26 15    0.0190350
2011 10 26 16     0.380961
2011 10 26 17     0.186354
2011 10 26 18    0.0903224
2011 10 26 19     0.107325
2011 10 26 20     0.176242
2011 10 26 21     0.546767
2011 10 26 22     0.161545
2011 10 26 23     0.349491
2011 10 27 00     0.462103
2011 10 27 01     0.738680
2011 10 27 02     0.746453
2011 10 27 03     0.310108
2011 10 27 04     0.592339
2011 10 27 05     0.387483
2011 10 27 06     0.340524
2011 10 27 07      1.00711
2011 10 27 08      1.07706
2011 10 27 09      1.37991
2011 10 27 10     0.442898
2011 10 27 11      1.24604
2011 10 27 12      1.16335
2011 10 27 13      1.60571
2011 10 27 14     0.621620
2011 10 27 15     0.524110
2011 10 27 16     0.574604
2011 10 27 17   -0.0698347
2011 10 27 18    0.0203156
2011 10 27 19   0.00121187
2011 10 27 20    0.0804807
2011 10 27 21    0.0534900
2011 10 27 22     0.192676
2011 10 27 23     0.397586
2011 10 28 00   -0.0187314
2011 10 28 01   -0.0631875
2011 10 28 02    0.0407566
2011 10 28 03    0.0819626
2011 10 28 04  -0.00156686
2011 10 28 05    0.0235971
2011 10 28 06   -0.0442731
2011 10 28 07   -0.0495271
2011 10 28 08   -0.0618876
2011 10 28 09     0.772843
2011 10 28 10      1.03027
2011 10 28 11     0.281900
2011 10 28 12     0.229521
2011 10 28 13     0.164377
2011 10 28 14     0.102519
2011 10 28 15    0.0274099
2011 10 28 16    0.0723857
2011 10 28 17  -0.00539515
2011 10 28 18  0.000853028
2011 10 28 19     0.111363
2011 10 28 20     0.382859
2011 10 28 21     0.206148
2011 10 28 22     0.139418
2011 10 28 23     0.160611
2011 10 29 00    0.0461098
2011 10 29 01     0.123900
2011 10 29 02     0.494174
2011 10 29 03     0.157752
2011 10 29 04    0.0223857
2011 10 29 05    0.0287915
2011 10 29 06     0.118893
2011 10 29 07     0.137383
2011 10 29 08     0.543723
2011 10 29 09     0.876475
2011 10 29 10     0.276484
2011 10 29 11     0.301112
2011 10 29 12     0.364150
2011 10 29 13     0.412501
2011 10 29 14     0.571417
2011 10 29 15      3.32195
2011 10 29 16      4.76090
2011 10 29 17      1.42101
2011 10 29 18     0.721601
2011 10 29 19    -0.825670
2011 10 29 20     -1.00514
2011 10 29 21   -0.0820218
2011 10 29 22     0.291416
2011 10 29 23      1.16988
2011 10 30 00      3.58827
2011 10 30 01      3.36000
2011 10 30 02      1.04063
2011 10 30 03     0.725086
2011 10 30 04     0.560750
2011 10 30 05     0.454501
2011 10 30 06     0.832490
2011 10 30 07     0.396651
2011 10 30 08      1.98651
2011 10 30 09      4.29437
2011 10 30 10      21.5617
2011 10 30 11      32.0680
2011 10 30 12     0.742466
2011 10 30 13      1.58342
2011 10 30 14      1.74101
2011 10 30 15      1.12380
2011 10 30 16      1.51030
2011 10 30 17      5.65193
2011 10 30 18      3.10311
2011 10 30 19      3.73720
2011 10 30 20      3.04017
2011 10 30 21      1.17909
2011 10 30 22      1.40201
2011 10 30 23    0.0165570
2011 10 31 00     -1.71175
2011 10 31 01    -0.541854
2011 10 31 02     0.205175
2011 10 31 03     0.324210
2011 10 31 04     0.436975
2011 10 31 05     0.969139
2011 10 31 06      1.20661
2011 10 31 07      1.78127
2011 10 31 08      5.76705
2011 10 31 09      1.00306
2011 10 31 10     0.245927
2011 10 31 11     0.916128
2011 10 31 12      3.08937
2011 10 31 13      4.14999
2011 10 31 14      2.90317
2011 10 31 15      1.91234
2011 10 31 16      1.69481
2011 10 31 17      2.11698
2011 10 31 18      9.91424
2011 10 31 19      5.84005
2011 10 31 20      3.41640
2011 10 31 21      4.38914
2011 10 31 22     -7.20153
2011 10 31 23     -11.2330
2011 11 01 00     -4.94661
2011 11 01 01     -1.52306
2011 11 01 02     0.887028
2011 11 01 03    0.0372374
2011 11 01 04     0.783915
2011 11 01 05      15.3799
2011 11 01 06      14.2746
2011 11 01 07      1.34092
2011 11 01 08      6.40794
2011 11 01 09      7.18573
2011 11 01 10      4.41698
2011 11 01 11      5.92855
2011 11 01 12      6.41821
2011 11 01 13     -1.55132
2011 11 01 14     -11.5473
2011 11 01 15     -3.42009
2011 11 01 16    -0.641203
2011 11 01 17    -0.686350
2011 11 01 18    -0.544031
2011 11 01 19    -0.569398
2011 11 01 20    -0.715402
2011 11 01 21    -0.191513
2011 11 01 22    -0.203734
2011 11 01 23    -0.175730
2011 11 02 00    0.0598871
2011 11 02 01   -0.0195976
2011 11 02 02    0.0531487
2011 11 02 03      1.56385
2011 11 02 04      4.35241
2011 11 02 05      2.08371
2011 11 02 06     0.288131
2011 11 02 07    0.0199068
2011 11 02 08     0.395707
2011 11 02 09     0.476642
2011 11 02 10     0.250968
2011 11 02 11     0.118040
2011 11 02 12     0.126804
2011 11 02 13    0.0786942
2011 11 02 14    0.0595117
2011 11 02 15  -0.00510711
2011 11 02 16   0.00115153
2011 11 02 17   0.00225576
2011 11 02 18    0.0364128
2011 11 02 19    0.0801391
2011 11 02 20     0.231994
2011 11 02 21     0.114095
2011 11 02 22    0.0765274
2011 11 02 23    0.0926812
2011 11 03 00    0.0283248
2011 11 03 01    0.0855467
2011 11 03 02     0.131668
2011 11 03 03   -0.0114440
2011 11 03 04    0.0741566
2011 11 03 05    0.0634818
2011 11 03 06     0.152804
2011 11 03 07    0.0986449
2011 11 03 08   0.00451849
2011 11 03 09     0.281459
2011 11 03 10     0.127282
2011 11 03 11   0.00753601
2011 11 03 12    0.0401455
2011 11 03 13     0.464046
2011 11 03 14     0.802458
2011 11 03 15     0.866104
2011 11 03 16     0.855741
2011 11 03 17      1.07268
2011 11 03 18      1.22325
2011 11 03 19      1.10340
2011 11 03 20      6.04664
2011 11 03 21      8.23391
2011 11 03 22     0.823973
2011 11 03 23     -3.21537
2011 11 04 00     -1.11442
2011 11 04 01    -0.347610
2011 11 04 02     0.912635
2011 11 04 03      6.79806
2011 11 04 04      59.7598
2011 11 04 05      21.0048
2011 11 04 06      7.16664
2011 11 04 07      3.95308
2011 11 04 08      4.00807
2011 11 04 09      3.04900
2011 11 04 10      2.11846
2011 11 04 11      1.04481
2011 11 04 12     -5.16493
2011 11 04 13     -3.37148
2011 11 04 14     -1.25844
2011 11 04 15    -0.588973
2011 11 04 16     -1.42544
2011 11 04 17    -0.431768
2011 11 04 18     0.674061
2011 11 04 19      1.70681
2011 11 04 20      9.37837
2011 11 04 21      6.38073
2011 11 04 22      2.82929
2011 11 04 23      1.09449
2011 11 05 00     0.530498
2011 11 05 01     0.478103
2011 11 05 02     0.560573
2011 11 05 03    0.0717295
2011 11 05 04    -0.367147
2011 11 05 05    -0.407911
2011 11 05 06    -0.126096
2011 11 05 07    -0.479304
2011 11 05 08    -0.260630
2011 11 05 09   0.00645505
2011 11 05 10    0.0817030
2011 11 05 11     0.215575
2011 11 05 12      1.44128
2011 11 05 13     0.351062
2011 11 05 14     0.368556
2011 11 05 15     0.232862
2011 11 05 16     0.472426
2011 11 05 17    0.0800122
2011 11 05 18    0.0302900
2011 11 05 19    0.0446851
2011 11 05 20    0.0116454
2011 11 05 21   0.00827185
2011 11 05 22   0.00633391
2011 11 05 23 -0.000278519
2011 11 06 00  -0.00337278
2011 11 06 01  -0.00222873
2011 11 06 02   0.00401580
2011 11 06 03    0.0429997
2011 11 06 04    0.0284522
2011 11 06 05   0.00185443
2011 11 06 06   0.00102368
2011 11 06 07   0.00237396
2011 11 06 08   -0.0364849
2011 11 06 09   0.00751238
2011 11 06 10    0.0875497
2011 11 06 11     0.493844
2011 11 06 12      1.45282
2011 11 06 13     0.187768
2011 11 06 14     0.132611
2011 11 06 15     0.135576
2011 11 06 16     0.105579
2011 11 06 17    0.0566374
2011 11 06 18    0.0131060
2011 11 06 19  8.03634e-05
2011 11 06 20   0.00148381
2011 11 06 21    0.0100164
2011 11 06 22   0.00352764
2011 11 06 23 -0.000706583
2011 11 07 00    0.0260168
2011 11 07 01    0.0326457
2011 11 07 02   0.00135486
2011 11 07 03   0.00173643
2011 11 07 04   -0.0317067
2011 11 07 05    0.0598648
2011 11 07 06    0.0502028
2011 11 07 07   -0.0386145
2011 11 07 08    0.0758269
2011 11 07 09     0.423745
2011 11 07 10     0.166913
2011 11 07 11    0.0724735
2011 11 07 12     0.405217
2011 11 07 13     0.468708
2011 11 07 14     0.244471
2011 11 07 15     0.193058
2011 11 07 16    0.0399980
2011 11 07 17   -0.0499725
2011 11 07 18    0.0169870
2011 11 07 19    0.0750676
2011 11 07 20    0.0176804
2011 11 07 21    0.0131563
2011 11 07 22    0.0113530
2011 11 07 23 -0.000768357
2011 11 08 00  -0.00394290
2011 11 08 01   -0.0283643
2011 11 08 02    0.0380106
2011 11 08 03   -0.0107239
2011 11 08 04   -0.0233713
2011 11 08 05  -0.00428390
2011 11 08 06  -0.00229743
2011 11 08 07   -0.0147312
2011 11 08 08   -0.0601547
2011 11 08 09    0.0903469
2011 11 08 10     0.376717
2011 11 08 11   0.00769225
2011 11 08 12     0.137395
2011 11 08 13     0.165549
2011 11 08 14     0.150602
2011 11 08 15    0.0873032
2011 11 08 16   -0.0805757
2011 11 08 17  -0.00172344
2011 11 08 18   0.00514608
2011 11 08 19    0.0109169
2011 11 08 20   0.00216401
2011 11 08 21 -9.10585e-07
2011 11 08 22  -0.00399835
2011 11 08 23   -0.0135599
2011 11 09 00  -0.00578530
2011 11 09 01  -0.00138630
2011 11 09 02   0.00653417
2011 11 09 03   0.00507677
2011 11 09 04   0.00489337
2011 11 09 05   0.00994426
2011 11 09 06    0.0111088
2011 11 09 07   0.00510316
2011 11 09 08   -0.0244582
2011 11 09 09     0.382318
2011 11 09 10     0.468108
2011 11 09 11   -0.0889905
2011 11 09 12     0.117682
2011 11 09 13     0.291987
2011 11 09 14     0.329956
2011 11 09 15    0.0856098
2011 11 09 16    0.0962530
2011 11 09 17   0.00510966
2011 11 09 18  -0.00594343
2011 11 09 19    0.0670233
2011 11 09 20    0.0844470
2011 11 09 21     0.219119
2011 11 09 22     0.217152
2011 11 09 23     0.130529
2011 11 10 00     0.218526
2011 11 10 01     0.133703
2011 11 10 02     0.226820
2011 11 10 03    0.0940642
2011 11 10 04   -0.0275214
2011 11 10 05     0.153405
2011 11 10 06    0.0399877
2011 11 10 07    0.0793934
2011 11 10 08    0.0174870
2011 11 10 09     0.294353
2011 11 10 10     0.194932
2011 11 10 11  -0.00408193
2011 11 10 12     0.288623
2011 11 10 13     0.143296
2011 11 10 14     0.655134
2011 11 10 15     0.339895
2011 11 10 16     0.134065
2011 11 10 17    0.0464103
2011 11 10 18     0.314575
2011 11 10 19      1.21442
2011 11 10 20     0.501330
2011 11 10 21     0.249026
2011 11 10 22     0.292476
2011 11 10 23     0.799460
2011 11 11 00     0.459857
2011 11 11 01    0.0705336
2011 11 11 02     0.286963
2011 11 11 03     0.207002
2011 11 11 04    0.0871257
2011 11 11 05    0.0218018
2011 11 11 06    0.0149614
2011 11 11 07  -0.00403384
2011 11 11 08   -0.0325466
2011 11 11 09     0.235220
2011 11 11 10     0.156761
2011 11 11 11   0.00713059
2011 11 11 12     0.140526
2011 11 11 13     0.368404
2011 11 11 14     0.430682
2011 11 11 15     0.747041
2011 11 11 16     0.526183
2011 11 11 17    0.0556517
2011 11 11 18     0.278108
2011 11 11 19     0.657207
2011 11 11 20     0.725530
2011 11 11 21     0.489586
2011 11 11 22     0.901902
2011 11 11 23     0.893414
2011 11 12 00      6.43409
2011 11 12 01      4.64143
2011 11 12 02      1.14998
2011 11 12 03     0.394313
2011 11 12 04    -0.201696
2011 11 12 05    0.0388374
2011 11 12 06     0.574132
2011 11 12 07     0.201962
2011 11 12 08     0.157276
2011 11 12 09    0.0149723
2011 11 12 10    0.0484181
2011 11 12 11    0.0526795
2011 11 12 12     0.571722
2011 11 12 13      1.29405
2011 11 12 14     0.787688
2011 11 12 15      5.67079
2011 11 12 16      36.9065
2011 11 12 17      1.44532
2011 11 12 18     0.337808
2011 11 12 19    0.0649420
2011 11 12 20    0.0927643
2011 11 12 21     0.182320
2011 11 12 22      2.03965
2011 11 12 23      13.0818
2011 11 13 00      6.73519
2011 11 13 01    -0.644913
2011 11 13 02      1.92877
2011 11 13 03     -1.33771
2011 11 13 04     0.243085
2011 11 13 05     0.113604
2011 11 13 06   -0.0117547
2011 11 13 07   -0.0479058
2011 11 13 08    0.0481633
2011 11 13 09     0.402942
2011 11 13 10     0.334079
2011 11 13 11     0.684568
2011 11 13 12    0.0130328
2011 11 13 13     0.426380
2011 11 13 14     0.261510
2011 11 13 15     0.740519
2011 11 13 16   -0.0591379
2011 11 13 17     0.399574
2011 11 13 18    0.0527797
2011 11 13 19    0.0120009
2011 11 13 20  0.000696881
2011 11 13 21    0.0297533
2011 11 13 22   0.00417999
2011 11 13 23   -0.0356155
2011 11 14 00   0.00105849
2011 11 14 01  -0.00603889
2011 11 14 02    0.0107639
2011 11 14 03   0.00228472
2011 11 14 04  -0.00116162
2011 11 14 05  -0.00138837
2011 11 14 06  -0.00718752
2011 11 14 07 -0.000255400
2011 11 14 08  0.000367786
2011 11 14 09   0.00838911
2011 11 14 10    0.0716345
2011 11 14 11    0.0132799
2011 11 14 12    0.0449751
2011 11 14 13    0.0109771
2011 11 14 14    0.0274245
2011 11 14 15   0.00308472
2011 11 14 16   0.00285501
2011 11 14 17    0.0290374
2011 11 14 18     0.250237
2011 11 14 19    0.0950617
2011 11 14 20    0.0307715
2011 11 14 21    0.0659244
2011 11 14 22     0.145040
2011 11 14 23    0.0611331
2011 11 15 00    0.0785953
2011 11 15 01   -0.0256850
2011 11 15 02     0.102269
2011 11 15 03    0.0105191
2011 11 15 04   -0.0238305
2011 11 15 05    -0.234348
2011 11 15 06    0.0534339
2011 11 15 07    0.0161076
2011 11 15 08     0.118032
2011 11 15 09     0.911726
2011 11 15 10      4.12642
2011 11 15 11     0.272973
2011 11 15 12    0.0874782
2011 11 15 13     0.118250
2011 11 15 14    0.0159674
2011 11 15 15     0.307827
2011 11 15 16      1.33229
2011 11 15 17      1.18921
2011 11 15 18     0.159122
2011 11 15 19     0.545552
2011 11 15 20      1.65865
2011 11 15 21      7.26226
2011 11 15 22     0.283707
2011 11 15 23      1.63631
2011 11 16 00      1.28794
2011 11 16 01     0.966712
2011 11 16 02     0.308101
2011 11 16 03   -0.0987829
2011 11 16 04   0.00154340
2011 11 16 05    0.0702560
2011 11 16 06    0.0113344
2011 11 16 07   0.00915656
2011 11 16 08 -0.000638318
2011 11 16 09  0.000931821
2011 11 16 10    0.0115985
2011 11 16 11     0.312305
2011 11 16 12     0.505246
2011 11 16 13  0.000128049
2011 11 16 14    0.0160722
2011 11 16 15          NaN
2011 11 16 16          NaN
2011 11 16 17          NaN
2011 11 16 18    0.0700480
2011 11 16 19    0.0200705
2011 11 16 20   0.00637806
2011 11 16 21  -0.00523849
2011 11 16 22    -0.116156
2011 11 16 23    -0.136106
2011 11 17 00    -0.211162
2011 11 17 01     0.140229
2011 11 17 02     0.114726
2011 11 17 03     0.462593
2011 11 17 04     0.804512
2011 11 17 05     0.106689
2011 11 17 06    0.0329857
2011 11 17 07    0.0321970
2011 11 17 08    0.0181399
2011 11 17 09    0.0245524
2011 11 17 10     0.121124
2011 11 17 11    0.0218445
2011 11 17 12    0.0421148
2011 11 17 13    0.0977102
2011 11 17 14     0.329384
2011 11 17 15     0.636289
2011 11 17 16      1.99760
2011 11 17 17      7.94085
2011 11 17 18      8.75740
2011 11 17 19     -2.27103
2011 11 17 20     -2.41172
2011 11 17 21     -1.07861
2011 11 17 22   -0.0119074
2011 11 17 23    -0.413533
2011 11 18 00    -0.371860
2011 11 18 01     -1.41005
2011 11 18 02      3.29054
2011 11 18 03      14.8705
2011 11 18 04     0.476792
2011 11 18 05      1.47907
2011 11 18 06      1.48290
2011 11 18 07      1.35497
2011 11 18 08      9.22767
2011 11 18 09   -0.0366629
2011 11 18 10          NaN
2011 11 18 11          NaN
2011 11 18 12          NaN
2011 11 18 13          NaN
2011 11 18 14          NaN
2011 11 18 15          NaN
2011 11 18 16    0.0435055
2011 11 18 17          NaN
2011 11 18 18     0.159013
2011 11 18 19    0.0631897
2011 11 18 20  -0.00156471
2011 11 18 21  0.000890269
2011 11 18 22  -0.00721188
2011 11 18 23   -0.0133999
2011 11 19 00   -0.0121976
2011 11 19 01    0.0510439
2011 11 19 02    -0.118850
2011 11 19 03   0.00137326
2011 11 19 04  -0.00754218
2011 11 19 05 -0.000452058
2011 11 19 06  0.000204929
2011 11 19 07    0.0506807
2011 11 19 08    -0.393051
2011 11 19 09    0.0612931
2011 11 19 10     0.832562
2011 11 19 11     0.315855
2011 11 19 12     0.162527
2011 11 19 13    0.0531586
2011 11 19 14   -0.0309158
2011 11 19 15     0.110654
2011 11 19 16     0.385747
2011 11 19 17      1.00299
2011 11 19 18     0.745395
2011 11 19 19     0.270399
2011 11 19 20     0.171253
2011 11 19 21     0.188020
2011 11 19 22  -0.00320599
2011 11 19 23     0.132027
2011 11 20 00  -0.00332646
2011 11 20 01   -0.0174798
2011 11 20 02     0.290810
2011 11 20 03    -0.245193
2011 11 20 04     0.228232
2011 11 20 05    0.0921528
2011 11 20 06    0.0288649
2011 11 20 07    0.0947115
2011 11 20 08    0.0941481
2011 11 20 09     0.153582
2011 11 20 10      1.74782
2011 11 20 11      1.22838
2011 11 20 12      1.55324
2011 11 20 13     0.232601
2011 11 20 14      1.06610
2011 11 20 15      1.51208
2011 11 20 16      1.73032
2011 11 20 17     0.467264
2011 11 20 18     0.278977
2011 11 20 19     0.116105
2011 11 20 20   -0.0350435
2011 11 20 21    0.0147923
2011 11 20 22    0.0205054
2011 11 20 23  -0.00191780
2011 11 21 00   0.00320270
2011 11 21 01  -0.00521491
2011 11 21 02    0.0693903
2011 11 21 03   -0.0104323
2011 11 21 04   0.00548244
2011 11 21 05   0.00861839
2011 11 21 06    0.0125854
2011 11 21 07    0.0987523
2011 11 21 08    0.0606090
2011 11 21 09     0.201447
2011 11 21 10     0.174259
2011 11 21 11     0.212179
2011 11 21 12    0.0270962
2011 11 21 13    0.0130780
2011 11 21 14    -0.109221
2011 11 21 15     0.125536
2011 11 21 16    0.0632694
2011 11 21 17  0.000278062
2011 11 21 18     0.127876
2011 11 21 19    0.0893443
2011 11 21 20     0.106433
2011 11 21 21   -0.0676841
2011 11 21 22  -0.00897102
2011 11 21 23   -0.0291055
2011 11 22 00    0.0316592
2011 11 22 01 -0.000555912
2011 11 22 02  0.000953049
2011 11 22 03   0.00641324
2011 11 22 04    0.0102773
2011 11 22 05    0.0237151
2011 11 22 06     0.145191
2011 11 22 07    0.0377649
2011 11 22 08     0.569868
2011 11 22 09    0.0426672
2011 11 22 10    0.0398402
2011 11 22 11     0.160958
2011 11 22 12     0.270550
2011 11 22 13     0.170289
2011 11 22 14     0.686202
2011 11 22 15      1.77341
2011 11 22 16     0.200788
2011 11 22 17     0.105234
2011 11 22 18     0.245820
2011 11 22 19    0.0530414
2011 11 22 20    -0.189024
2011 11 22 21     0.339841
2011 11 22 22  -0.00432553
2011 11 22 23     0.416222
2011 11 23 00   -0.0715490
2011 11 23 01     0.141172
2011 11 23 02     0.213283
2011 11 23 03    0.0234656
2011 11 23 04     0.176492
2011 11 23 05     0.190181
2011 11 23 06    0.0344834
2011 11 23 07     0.155137
2011 11 23 08    -0.157082
2011 11 23 09    0.0609989
2011 11 23 10     0.349287
2011 11 23 11     0.555283
2011 11 23 12      1.04286
2011 11 23 13     0.455387
2011 11 23 14   -0.0144181
2011 11 23 15   -0.0600352
2011 11 23 16   -0.0889251
2011 11 23 17   0.00510761
2011 11 23 18   -0.0213407
2011 11 23 19  -0.00446896
2011 11 23 20    -0.245095
2011 11 23 21    -0.262596
2011 11 23 22    -0.183944
2011 11 23 23     0.114625
2011 11 24 00  -0.00435030
2011 11 24 01   -0.0723927
2011 11 24 02  -0.00844785
2011 11 24 03    0.0818781
2011 11 24 04   0.00342949
2011 11 24 05   0.00748136
2011 11 24 06   -0.0160178
2011 11 24 07    0.0385043
2011 11 24 08    0.0720388
2011 11 24 09    0.0348550
2011 11 24 10    0.0104350
2011 11 24 11    0.0127312
2011 11 24 12    0.0113797
2011 11 24 13   0.00562991
2011 11 24 14   0.00512840
2011 11 24 15  -0.00974607
2011 11 24 16   -0.0103068
2011 11 24 17 -0.000266217
2011 11 24 18 -0.000934755
2011 11 24 19 -0.000823979
2011 11 24 20 -9.27274e-05
2011 11 24 21  -0.00564420
2011 11 24 22   0.00273701
2011 11 24 23  -0.00896878
2011 11 25 00  -0.00495625
2011 11 25 01          NaN
2011 11 25 02          NaN
2011 11 25 03          NaN
2011 11 25 04          NaN
2011 11 25 05          NaN
2011 11 25 06          NaN
2011 11 25 07          NaN
2011 11 25 08          NaN
2011 11 25 09          NaN
2011 11 25 10          NaN
2011 11 25 11          NaN
2011 11 25 12          NaN
2011 11 25 13          NaN
2011 11 25 14          NaN
2011 11 25 15          NaN
2011 11 25 16          NaN
2011 11 25 17          NaN
2011 11 25 18          NaN
2011 11 25 19          NaN
2011 11 25 20          NaN
2011 11 25 21          NaN
2011 11 25 22          NaN
2011 11 25 23          NaN
2011 11 26 00          NaN
2011 11 26 01     0.831685
2011 11 26 02      1.62504
2011 11 26 03    0.0473646
2011 11 26 04     0.102209
2011 11 26 05     0.112295
2011 11 26 06    0.0234351
2011 11 26 07   0.00390638
2011 11 26 08   -0.0550889
2011 11 26 09    -0.108966
2011 11 26 10   -0.0123227
2011 11 26 11    -0.100394
2011 11 26 12     0.179435
2011 11 26 13     0.381181
2011 11 26 14     0.125345
2011 11 26 15     0.246236
2011 11 26 16    0.0137242
2011 11 26 17  4.17428e-05
2011 11 26 18  -0.00117077
2011 11 26 19    0.0209802
2011 11 26 20    0.0460150
2011 11 26 21    0.0312080
2011 11 26 22     0.223991
2011 11 26 23     0.160991
2011 11 27 00    0.0396006
2011 11 27 01    0.0108766
2011 11 27 02     0.106111
2011 11 27 03    0.0109674
2011 11 27 04   0.00958704
2011 11 27 05    0.0216479
2011 11 27 06   0.00133293
2011 11 27 07   0.00192740
2011 11 27 08   -0.0123366
2011 11 27 09    -0.177511
2011 11 27 10    0.0127444
2011 11 27 11     0.885909
2011 11 27 12      1.30432
2011 11 27 13    0.0481097
2011 11 27 14     0.285753
2011 11 27 15     0.292910
2011 11 27 16    0.0595042
2011 11 27 17     0.261171
2011 11 27 18    -0.304200
2011 11 27 19     0.382794
2011 11 27 20     0.768289
2011 11 27 21     0.142188
2011 11 27 22     0.409036
2011 11 27 23     0.130485
2011 11 28 00     0.225434
2011 11 28 01      1.60650
2011 11 28 02      1.00652
2011 11 28 03     0.516013
2011 11 28 04     0.951134
2011 11 28 05      1.11132
2011 11 28 06  -0.00418858
2011 11 28 07    0.0656618
2011 11 28 08   0.00658979
2011 11 28 09    0.0736915
2011 11 28 10    0.0569956
2011 11 28 11    0.0876032
2011 11 28 12    0.0970031
2011 11 28 13     0.161316
2011 11 28 14    -0.175547
2011 11 28 15     0.236294
2011 11 28 16     0.287890
2011 11 28 17    0.0245661
2011 11 28 18    0.0248962
2011 11 28 19    0.0242691
2011 11 28 20    0.0982926
2011 11 28 21  0.000568961
2011 11 28 22    0.0893505
2011 11 28 23   0.00113929
2011 11 29 00    0.0120789
2011 11 29 01   0.00565264
2011 11 29 02   0.00218233
2011 11 29 03   0.00800643
2011 11 29 04  0.000996795
2011 11 29 05   0.00535033
2011 11 29 06  0.000859105
2011 11 29 07   0.00692111
2011 11 29 08     0.158146
2011 11 29 09    0.0116919
2011 11 29 10    0.0381382
2011 11 29 11    0.0328783
2011 11 29 12    0.0714966
2011 11 29 13    0.0688380
2011 11 29 14   -0.0299200
2011 11 29 15    0.0430757
2011 11 29 16    0.0310501
2011 11 29 17    0.0829058
2011 11 29 18    0.0338441
2011 11 29 19   0.00717629
2011 11 29 20 -0.000979946
2011 11 29 21  -0.00108843
2011 11 29 22 -0.000248092
2011 11 29 23  -0.00950104
2011 11 30 00   -0.0625125
2011 11 30 01    0.0168947
2011 11 30 02    0.0857878
2011 11 30 03   0.00252735
2011 11 30 04   -0.0204884
2011 11 30 05   0.00981060
2011 11 30 06  -0.00555690
2011 11 30 07    0.0138936
2011 11 30 08    -0.175704
2011 11 30 09    -0.126629
2011 11 30 10    0.0295715
2011 11 30 11     0.331417
2011 11 30 12     0.235263
2011 11 30 13    0.0134058
2011 11 30 14    0.0817865
2011 11 30 15   0.00225436
2011 11 30 16    0.0369615
2011 11 30 17   0.00116959
2011 11 30 18  -0.00827632
2011 11 30 19    0.0389749
2011 11 30 20     0.276573
2011 11 30 21     0.204626
2011 11 30 22  -0.00395405
2011 11 30 23   -0.0485135
2011 12 01 00   -0.0513929
2011 12 01 01          NaN
2011 12 01 02          NaN
2011 12 01 03          NaN
2011 12 01 04          NaN
2011 12 01 05          NaN
2011 12 01 06          NaN
2011 12 01 07          NaN
2011 12 01 08          NaN
2011 12 01 09          NaN
2011 12 01 10          NaN
2011 12 01 11          NaN
2011 12 01 12          NaN
2011 12 01 13          NaN
2011 12 01 14          NaN
2011 12 01 15          NaN
2011 12 01 16          NaN
2011 12 01 17          NaN
2011 12 01 18          NaN
2011 12 01 19          NaN
2011 12 01 20          NaN
2011 12 01 21          NaN
2011 12 01 22          NaN
2011 12 01 23          NaN
2011 12 02 00          NaN
2011 12 02 01     0.420535
2011 12 02 02     0.341110
2011 12 02 03     0.260496
2011 12 02 04     0.157284
2011 12 02 05     0.113248
2011 12 02 06     0.149616
2011 12 02 07     0.184814
2011 12 02 08     0.210751
2011 12 02 09     0.136217
2011 12 02 10    0.0330174
2011 12 02 11    0.0580420
2011 12 02 12     0.148996
2011 12 02 13    0.0479822
2011 12 02 14    0.0140548
2011 12 02 15    0.0922676
2011 12 02 16     0.815246
2011 12 02 17    0.0510103
2011 12 02 18     0.100727
2011 12 02 19     0.342363
2011 12 02 20    0.0980274
2011 12 02 21    0.0212147
2011 12 02 22    0.0218581
2011 12 02 23    0.0126382
2011 12 03 00 -0.000737185
2011 12 03 01    0.0244186
2011 12 03 02    0.0475745
2011 12 03 03     0.164803
2011 12 03 04     0.217368
2011 12 03 05    0.0186819
2011 12 03 06    0.0485575
2011 12 03 07    0.0317299
2011 12 03 08    -0.234217
2011 12 03 09   -0.0139926
2011 12 03 10     0.164117
2011 12 03 11     0.449080
2011 12 03 12     0.329079
2011 12 03 13     0.121797
2011 12 03 14   -0.0221708
2011 12 03 15     0.163281
2011 12 03 16   -0.0562645
2011 12 03 17    0.0273331
2011 12 03 18  0.000416833
2011 12 03 19     0.275212
2011 12 03 20    0.0792958
2011 12 03 21    0.0104087
2011 12 03 22  -0.00248957
2011 12 03 23    0.0210318
2011 12 04 00  -0.00875651
2011 12 04 01          NaN
2011 12 04 02          NaN
2011 12 04 03          NaN
2011 12 04 04          NaN
2011 12 04 05          NaN
2011 12 04 06          NaN
2011 12 04 07          NaN
2011 12 04 08          NaN
2011 12 04 09          NaN
2011 12 04 10          NaN
2011 12 04 11          NaN
2011 12 04 12          NaN
2011 12 04 13          NaN
2011 12 04 14          NaN
2011 12 04 15          NaN
2011 12 04 16          NaN
2011 12 04 17          NaN
2011 12 04 18          NaN
2011 12 04 19          NaN
2011 12 04 20          NaN
2011 12 04 21          NaN
2011 12 04 22          NaN
2011 12 04 23          NaN
2011 12 05 00          NaN
2011 12 05 01          NaN
2011 12 05 02          NaN
2011 12 05 03          NaN
2011 12 05 04          NaN
2011 12 05 05          NaN
2011 12 05 06          NaN
2011 12 05 07          NaN
2011 12 05 08          NaN
2011 12 05 09          NaN
2011 12 05 10          NaN
2011 12 05 11          NaN
2011 12 05 12          NaN
2011 12 05 13          NaN
2011 12 05 14          NaN
2011 12 05 15          NaN
2011 12 05 16          NaN
2011 12 05 17          NaN
2011 12 05 18          NaN
2011 12 05 19          NaN
2011 12 05 20          NaN
2011 12 05 21          NaN
2011 12 05 22          NaN
2011 12 05 23          NaN
2011 12 06 00          NaN
2011 12 06 01          NaN
2011 12 06 02          NaN
2011 12 06 03          NaN
2011 12 06 04          NaN
2011 12 06 05          NaN
2011 12 06 06          NaN
2011 12 06 07          NaN
2011 12 06 08          NaN
2011 12 06 09          NaN
2011 12 06 10          NaN
2011 12 06 11          NaN
2011 12 06 12          NaN
2011 12 06 13          NaN
2011 12 06 14          NaN
2011 12 06 15          NaN
2011 12 06 16          NaN
2011 12 06 17          NaN
2011 12 06 18          NaN
2011 12 06 19          NaN
2011 12 06 20          NaN
2011 12 06 21          NaN
2011 12 06 22          NaN
2011 12 06 23          NaN
2011 12 07 00          NaN
2011 12 07 01          NaN
2011 12 07 02          NaN
2011 12 07 03          NaN
2011 12 07 04          NaN
2011 12 07 05          NaN
2011 12 07 06          NaN
2011 12 07 07          NaN
2011 12 07 08          NaN
2011 12 07 09          NaN
2011 12 07 10          NaN
2011 12 07 11          NaN
2011 12 07 12          NaN
2011 12 07 13          NaN
2011 12 07 14          NaN
2011 12 07 15          NaN
2011 12 07 16          NaN
2011 12 07 17          NaN
2011 12 07 18          NaN
2011 12 07 19          NaN
2011 12 07 20          NaN
2011 12 07 21          NaN
2011 12 07 22          NaN
2011 12 07 23          NaN
2011 12 08 00          NaN
2011 12 08 01          NaN
2011 12 08 02          NaN
2011 12 08 03          NaN
2011 12 08 04          NaN
2011 12 08 05          NaN
2011 12 08 06          NaN
2011 12 08 07          NaN
2011 12 08 08          NaN
2011 12 08 09          NaN
2011 12 08 10          NaN
2011 12 08 11          NaN
2011 12 08 12          NaN
2011 12 08 13          NaN
2011 12 08 14          NaN
2011 12 08 15          NaN
2011 12 08 16          NaN
2011 12 08 17          NaN
2011 12 08 18          NaN
2011 12 08 19          NaN
2011 12 08 20          NaN
2011 12 08 21          NaN
2011 12 08 22          NaN
2011 12 08 23          NaN
2011 12 09 00          NaN
2011 12 09 01          NaN
2011 12 09 02          NaN
2011 12 09 03          NaN
2011 12 09 04          NaN
2011 12 09 05          NaN
2011 12 09 06          NaN
2011 12 09 07          NaN
2011 12 09 08          NaN
2011 12 09 09          NaN
2011 12 09 10          NaN
2011 12 09 11          NaN
2011 12 09 12          NaN
2011 12 09 13          NaN
2011 12 09 14          NaN
2011 12 09 15          NaN
2011 12 09 16          NaN
2011 12 09 17          NaN
2011 12 09 18          NaN
2011 12 09 19          NaN
2011 12 09 20          NaN
2011 12 09 21          NaN
2011 12 09 22          NaN
2011 12 09 23          NaN
2011 12 10 00          NaN
2011 12 10 01          NaN
2011 12 10 02          NaN
2011 12 10 03          NaN
2011 12 10 04          NaN
2011 12 10 05          NaN
2011 12 10 06          NaN
2011 12 10 07          NaN
2011 12 10 08          NaN
2011 12 10 09          NaN
2011 12 10 10          NaN
2011 12 10 11          NaN
2011 12 10 12          NaN
2011 12 10 13          NaN
2011 12 10 14          NaN
2011 12 10 15          NaN
2011 12 10 16          NaN
2011 12 10 17          NaN
2011 12 10 18          NaN
2011 12 10 19          NaN
2011 12 10 20          NaN
2011 12 10 21          NaN
2011 12 10 22          NaN
2011 12 10 23          NaN
2011 12 11 00          NaN
2011 12 11 01      2.06090
2011 12 11 02     0.456573
2011 12 11 03     0.392041
2011 12 11 04    -0.425500
2011 12 11 05     0.388083
2011 12 11 06    0.0983573
2011 12 11 07   -0.0210830
2011 12 11 08   -0.0543434
2011 12 11 09    0.0478158
2011 12 11 10     0.580253
2011 12 11 11      2.20408
2011 12 11 12      2.51299
2011 12 11 13     0.854114
2011 12 11 14     0.529578
2011 12 11 15     0.455825
2011 12 11 16     0.259328
2011 12 11 17   -0.0166926
2011 12 11 18    0.0844391
2011 12 11 19    -0.107560
2011 12 11 20    -0.125844
2011 12 11 21    -0.225361
2011 12 11 22  -0.00730020
2011 12 11 23    -0.387015
2011 12 12 00   -0.0773998
2011 12 12 01     0.214589
2011 12 12 02    0.0321574
2011 12 12 03  -0.00610357
2011 12 12 04   -0.0341078
2011 12 12 05    -0.112356
2011 12 12 06    0.0133921
2011 12 12 07   0.00632633
2011 12 12 08   -0.0814392
2011 12 12 09    0.0508802
2011 12 12 10     0.479632
2011 12 12 11      1.38082
2011 12 12 12      1.96578
2011 12 12 13     0.362990
2011 12 12 14     0.242030
2011 12 12 15     0.104850
2011 12 12 16    0.0772142
2011 12 12 17   0.00437258
2011 12 12 18     0.104285
2011 12 12 19     0.230857
2011 12 12 20     0.299180
2011 12 12 21     0.365024
2011 12 12 22   -0.0297400
2011 12 12 23    -0.232983
2011 12 13 00    0.0239364
2011 12 13 01     0.947104
2011 12 13 02    0.0547631
2011 12 13 03     0.535212
2011 12 13 04     0.507365
2011 12 13 05     0.669855
2011 12 13 06     0.531784
2011 12 13 07     0.795728
2011 12 13 08     0.944598
2011 12 13 09     0.984254
2011 12 13 10      1.75275
2011 12 13 11      1.59560
2011 12 13 12      1.95662
2011 12 13 13      1.78244
2011 12 13 14      2.48488
2011 12 13 15          NaN
2011 12 13 16          NaN
2011 12 13 17          NaN
2011 12 13 18          NaN
2011 12 13 19          NaN
2011 12 13 20          NaN
2011 12 13 21          NaN
2011 12 13 22          NaN
2011 12 13 23          NaN
2011 12 14 00          NaN
2011 12 14 01          NaN
2011 12 14 02          NaN
2011 12 14 03          NaN
2011 12 14 04          NaN
2011 12 14 05          NaN
2011 12 14 06          NaN
2011 12 14 07          NaN
2011 12 14 08          NaN
2011 12 14 09          NaN
2011 12 14 10      2.18388
2011 12 14 11      1.18984
2011 12 14 12      1.94993
2011 12 14 13     0.310425
2011 12 14 14     0.799740
2011 12 14 15     0.129344
2011 12 14 16     0.202167
2011 12 14 17     0.220293
2011 12 14 18    -0.266129
2011 12 14 19     0.409152
2011 12 14 20    -0.194447
2011 12 14 21   -0.0146912
2011 12 14 22   0.00368579
2011 12 14 23   -0.0473088
2011 12 15 00   -0.0196064
2011 12 15 01     0.134026
2011 12 15 02     0.218461
2011 12 15 03     0.252582
2011 12 15 04     0.151342
2011 12 15 05     0.108264
2011 12 15 06     0.562219
2011 12 15 07    0.0488985
2011 12 15 08    -0.439388
2011 12 15 09    -0.158237
2011 12 15 10     0.181264
2011 12 15 11     0.893294
2011 12 15 12      2.12603
2011 12 15 13     0.962303
2011 12 15 14      1.14647
2011 12 15 15     0.500764
2011 12 15 16     0.966413
2011 12 15 17      1.17424
2011 12 15 18      1.84216
2011 12 15 19      1.22457
2011 12 15 20     0.532674
2011 12 15 21     0.939010
2011 12 15 22     0.333260
2011 12 15 23      1.27470
2011 12 16 00      1.72000
2011 12 16 01      5.04469
2011 12 16 02      1.51775
2011 12 16 03      2.22758
2011 12 16 04      1.82442
2011 12 16 05      2.07540
2011 12 16 06      1.57778
2011 12 16 07     0.581541
2011 12 16 08     0.792368
2011 12 16 09      1.06990
2011 12 16 10      2.92162
2011 12 16 11      2.24482
2011 12 16 12      2.09125
2011 12 16 13      2.60621
2011 12 16 14      2.05988
2011 12 16 15      2.36581
2011 12 16 16      2.02030
2011 12 16 17      1.78338
2011 12 16 18      1.02599
2011 12 16 19     0.918479
2011 12 16 20     0.586506
2011 12 16 21    -0.192847
2011 12 16 22   -0.0726215
2011 12 16 23   -0.0160669
2011 12 17 00    0.0376836
2011 12 17 01          NaN
2011 12 17 02          NaN
2011 12 17 03          NaN
2011 12 17 04          NaN
2011 12 17 05          NaN
2011 12 17 06          NaN
2011 12 17 07          NaN
2011 12 17 08          NaN
2011 12 17 09          NaN
2011 12 17 10          NaN
2011 12 17 11          NaN
2011 12 17 12          NaN
2011 12 17 13          NaN
2011 12 17 14          NaN
2011 12 17 15          NaN
2011 12 17 16          NaN
2011 12 17 17          NaN
2011 12 17 18          NaN
2011 12 17 19          NaN
2011 12 17 20          NaN
2011 12 17 21          NaN
2011 12 17 22          NaN
2011 12 17 23          NaN
2011 12 18 00          NaN
2011 12 18 01          NaN
2011 12 18 02          NaN
2011 12 18 03          NaN
2011 12 18 04          NaN
2011 12 18 05          NaN
2011 12 18 06          NaN
2011 12 18 07          NaN
2011 12 18 08          NaN
2011 12 18 09          NaN
2011 12 18 10          NaN
2011 12 18 11          NaN
2011 12 18 12          NaN
2011 12 18 13          NaN
2011 12 18 14          NaN
2011 12 18 15          NaN
2011 12 18 16          NaN
2011 12 18 17          NaN
2011 12 18 18          NaN
2011 12 18 19          NaN
2011 12 18 20          NaN
2011 12 18 21          NaN
2011 12 18 22          NaN
2011 12 18 23          NaN
2011 12 19 00          NaN
2011 12 19 01          NaN
2011 12 19 02          NaN
2011 12 19 03          NaN
2011 12 19 04          NaN
2011 12 19 05          NaN
2011 12 19 06          NaN
2011 12 19 07          NaN
2011 12 19 08          NaN
2011 12 19 09          NaN
2011 12 19 10          NaN
2011 12 19 11          NaN
2011 12 19 12          NaN
2011 12 19 13          NaN
2011 12 19 14          NaN
2011 12 19 15          NaN
2011 12 19 16          NaN
2011 12 19 17          NaN
2011 12 19 18          NaN
2011 12 19 19          NaN
2011 12 19 20          NaN
2011 12 19 21          NaN
2011 12 19 22          NaN
2011 12 19 23          NaN
2011 12 20 00          NaN
2011 12 20 01   -0.0465792
2011 12 20 02    0.0128858
2011 12 20 03    0.0784603
2011 12 20 04   -0.0528409
2011 12 20 05    0.0210527
2011 12 20 06    0.0212317
2011 12 20 07     0.247793
2011 12 20 08     0.199017
2011 12 20 09     0.258133
2011 12 20 10     0.250506
2011 12 20 11      2.18030
2011 12 20 12      1.61335
2011 12 20 13      1.44135
2011 12 20 14     0.597401
2011 12 20 15      1.63385
2011 12 20 16    -0.235268
2011 12 20 17    -0.159592
2011 12 20 18   0.00248078
2011 12 20 19   -0.0362948
2011 12 20 20    -0.112974
2011 12 20 21   -0.0906520
2011 12 20 22     0.373075
2011 12 20 23   -0.0211441
2011 12 21 00     0.280247
2011 12 21 01   -0.0524342
2011 12 21 02    0.0298578
2011 12 21 03   -0.0545294
2011 12 21 04   0.00308930
2011 12 21 05   -0.0809397
2011 12 21 06     0.332757
2011 12 21 07      1.11027
2011 12 21 08      2.01430
2011 12 21 09      1.21327
2011 12 21 10     0.776954
2011 12 21 11     0.419910
2011 12 21 12      2.94256
2011 12 21 13      2.88993
2011 12 21 14      3.27750
2011 12 21 15      2.61196
2011 12 21 16      5.34724
2011 12 21 17      4.29323
2011 12 21 18      1.11496
2011 12 21 19     0.262584
2011 12 21 20     0.338547
2011 12 21 21    -0.189440
2011 12 21 22     0.452057
2011 12 21 23     0.241463
2011 12 22 00     0.184921
2011 12 22 01      1.39649
2011 12 22 02     0.416172
2011 12 22 03     0.141609
2011 12 22 04   0.00763224
2011 12 22 05   0.00571461
2011 12 22 06    0.0130812
2011 12 22 07   0.00956860
2011 12 22 08    0.0436574
2011 12 22 09     0.115814
2011 12 22 10     0.163783
2011 12 22 11     0.682986
2011 12 22 12      1.37488
2011 12 22 13     0.746389
2011 12 22 14     0.894586
2011 12 22 15    0.0322954
2011 12 22 16    -0.264231
2011 12 22 17  -0.00668227
2011 12 22 18    0.0315569
2011 12 22 19     0.101235
2011 12 22 20     0.258123
2011 12 22 21     0.661967
2011 12 22 22     0.155058
2011 12 22 23    0.0502955
2011 12 23 00     0.106788
2011 12 23 01    0.0572454
2011 12 23 02    0.0843054
2011 12 23 03     0.174583
2011 12 23 04    0.0344884
2011 12 23 05    0.0236286
2011 12 23 06    0.0965313
2011 12 23 07    0.0608982
2011 12 23 08     0.120750
2011 12 23 09  -0.00429716
2011 12 23 10     0.166267
2011 12 23 11     0.501911
2011 12 23 12     0.808173
2011 12 23 13     0.414386
2011 12 23 14     0.425062
2011 12 23 15     0.122593
2011 12 23 16    -0.477794
2011 12 23 17    0.0357788
2011 12 23 18    0.0219223
2011 12 23 19   0.00815824
2011 12 23 20  -0.00993314
2011 12 23 21   0.00676342
2011 12 23 22   -0.0542594
2011 12 23 23   -0.0235344
2011 12 24 00  -0.00363096
2011 12 24 01 -0.000910667
2011 12 24 02    0.0115405
2011 12 24 03  6.75604e-05
2011 12 24 04  -0.00112482
2011 12 24 05   0.00496951
2011 12 24 06  0.000222617
2011 12 24 07   0.00387925
2011 12 24 08   0.00106433
2011 12 24 09 -0.000234207
2011 12 24 10    -0.133290
2011 12 24 11    0.0751456
2011 12 24 12    0.0907176
2011 12 24 13    0.0126598
2011 12 24 14    0.0146979
2011 12 24 15   0.00291857
2011 12 24 16   0.00373855
2011 12 24 17   0.00263670
2011 12 24 18  -0.00638707
2011 12 24 19    0.0175451
2011 12 24 20    0.0156544
2011 12 24 21   0.00647026
2011 12 24 22   0.00235464
2011 12 24 23   0.00784102
2011 12 25 00   0.00344156
2011 12 25 01   0.00839724
2011 12 25 02    0.0479161
2011 12 25 03  0.000280366
2011 12 25 04   0.00244194
2011 12 25 05    0.0169099
2011 12 25 06    0.0568582
2011 12 25 07    0.0226003
2011 12 25 08  -0.00295968
2011 12 25 09   -0.0155481
2011 12 25 10    -0.187760
2011 12 25 11     0.115079
2011 12 25 12     0.134378
2011 12 25 13     0.153555
2011 12 25 14    0.0441918
2011 12 25 15    0.0188935
2011 12 25 16    0.0121196
2011 12 25 17   0.00756959
2011 12 25 18    0.0156146
2011 12 25 19    0.0250392
2011 12 25 20    0.0587263
2011 12 25 21   0.00299521
2011 12 25 22   0.00116298
2011 12 25 23    0.0120246
2011 12 26 00    0.0175896
2011 12 26 01    0.0271376
2011 12 26 02     0.229793
2011 12 26 03     0.179486
2011 12 26 04    0.0146130
2011 12 26 05    0.0200342
2011 12 26 06   0.00761816
2011 12 26 07   0.00250327
2011 12 26 08    0.0388261
2011 12 26 09    -0.380353
2011 12 26 10   -0.0471637
2011 12 26 11     0.358882
2011 12 26 12     0.321582
2011 12 26 13     0.235806
2011 12 26 14     0.201530
2011 12 26 15     0.165289
2011 12 26 16    0.0996974
2011 12 26 17    0.0253490
2011 12 26 18    0.0605955
2011 12 26 19     0.193097
2011 12 26 20     0.156655
2011 12 26 21     0.241547
2011 12 26 22     0.104540
2011 12 26 23     0.114464
2011 12 27 00      1.23165
2011 12 27 01          NaN
2011 12 27 02          NaN
2011 12 27 03          NaN
2011 12 27 04          NaN
2011 12 27 05          NaN
2011 12 27 06          NaN
2011 12 27 07          NaN
2011 12 27 08          NaN
2011 12 27 09          NaN
2011 12 27 10          NaN
2011 12 27 11          NaN
2011 12 27 12          NaN
2011 12 27 13          NaN
2011 12 27 14          NaN
2011 12 27 15          NaN
2011 12 27 16          NaN
2011 12 27 17          NaN
2011 12 27 18          NaN
2011 12 27 19          NaN
2011 12 27 20          NaN
2011 12 27 21          NaN
2011 12 27 22          NaN
2011 12 27 23          NaN
2011 12 28 00          NaN
2011 12 28 01   0.00271828
2011 12 28 02  0.000290005
2011 12 28 03   -0.0227031
2011 12 28 04    0.0148456
2011 12 28 05    0.0328285
2011 12 28 06  0.000606154
2011 12 28 07    0.0103858
2011 12 28 08 -0.000329381
2011 12 28 09   -0.0317157
2011 12 28 10     0.115269
2011 12 28 11     0.327542
2011 12 28 12     0.442457
2011 12 28 13     0.436991
2011 12 28 14     0.487293
2011 12 28 15    0.0549588
2011 12 28 16     0.105627
2011 12 28 17    0.0122150
2011 12 28 18   0.00345626
2011 12 28 19  -0.00315740
2011 12 28 20  -0.00462158
2011 12 28 21    0.0315110
2011 12 28 22   0.00681832
2011 12 28 23   -0.0216745
2011 12 29 00  0.000322503
2011 12 29 01  -0.00296028
2011 12 29 02   0.00324888
2011 12 29 03   0.00320023
2011 12 29 04   0.00691878
2011 12 29 05   0.00412974
2011 12 29 06   0.00489776
2011 12 29 07   0.00543333
2011 12 29 08    0.0251896
2011 12 29 09    -0.184941
2011 12 29 10    -0.107499
2011 12 29 11    0.0680794
2011 12 29 12     0.168698
2011 12 29 13     0.153338
2011 12 29 14   0.00512337
2011 12 29 15   0.00424144
2011 12 29 16  -0.00502826
2011 12 29 17 -0.000405732
2011 12 29 18    0.0652996
2011 12 29 19     0.111263
2011 12 29 20    0.0606016
2011 12 29 21    0.0656109
2011 12 29 22    0.0211871
2011 12 29 23    0.0677127
2011 12 30 00     0.143938
2011 12 30 01    0.0666945
2011 12 30 02     0.204377
2011 12 30 03  -0.00129985
2011 12 30 04    0.0109465
2011 12 30 05    0.0218027
2011 12 30 06    0.0119267
2011 12 30 07   0.00920693
2011 12 30 08     0.152598
2011 12 30 09     0.216768
2011 12 30 10     0.212730
2011 12 30 11    0.0826037
2011 12 30 12    0.0881409
2011 12 30 13     0.120086
2011 12 30 14    0.0936882
2011 12 30 15    0.0762256
2011 12 30 16    0.0626244
2011 12 30 17    0.0400137
2011 12 30 18  -0.00273745
2011 12 30 19   -0.0574007
2011 12 30 20     0.109561
2011 12 30 21     0.168483
2011 12 30 22    0.0240680
2011 12 30 23    0.0764897
2011 12 31 00 -0.000868997
2011 12 31 01     0.210503
2011 12 31 02     0.539510
2011 12 31 03    0.0321116
2011 12 31 04    0.0343227
2011 12 31 05    0.0607767
2011 12 31 06   -0.0332199
2011 12 31 07    0.0158359
2011 12 31 08    0.0180515
2011 12 31 09     0.408850
2011 12 31 10    0.0553404
2011 12 31 11   0.00736500
2011 12 31 12   0.00770612
2011 12 31 13   0.00246709
2011 12 31 14   -0.0140841
2011 12 31 15   -0.0391831
2011 12 31 16    -0.220326
2011 12 31 17    0.0186444
2011 12 31 18    0.0544745
2011 12 31 19    0.0608649
2011 12 31 20   -0.0155801
2011 12 31 21  -0.00271495
2011 12 31 22  -0.00713387
2011 12 31 23   -0.0141088
2012 01 01 00   -0.0210997
2012 01 01 01          NaN
2012 01 01 02          NaN
2012 01 01 03          NaN
2012 01 01 04          NaN
2012 01 01 05          NaN
2012 01 01 06          NaN
2012 01 01 07          NaN
2012 01 01 08          NaN
2012 01 01 09          NaN
2012 01 01 10          NaN
2012 01 01 11          NaN
2012 01 01 12          NaN
2012 01 01 13          NaN
2012 01 01 14          NaN
2012 01 01 15          NaN
2012 01 01 16    -0.857406
2012 01 01 17          NaN
2012 01 01 18          NaN
2012 01 01 19          NaN
2012 01 01 20   0.00119222
2012 01 01 21  -0.00720290
2012 01 01 22   -0.0225661
2012 01 01 23    0.0197360
2012 01 02 00    0.0679985
2012 01 02 01          NaN
2012 01 02 02          NaN
2012 01 02 03          NaN
2012 01 02 04          NaN
2012 01 02 05          NaN
2012 01 02 06          NaN
2012 01 02 07          NaN
2012 01 02 08          NaN
2012 01 02 09          NaN
2012 01 02 10          NaN
2012 01 02 11          NaN
2012 01 02 12          NaN
2012 01 02 13          NaN
2012 01 02 14          NaN
2012 01 02 15          NaN
2012 01 02 16          NaN
2012 01 02 17          NaN
2012 01 02 18          NaN
2012 01 02 19          NaN
2012 01 02 20          NaN
2012 01 02 21          NaN
2012 01 02 22          NaN
2012 01 02 23          NaN
2012 01 03 00          NaN
2012 01 03 01          NaN
2012 01 03 02          NaN
2012 01 03 03          NaN
2012 01 03 04          NaN
2012 01 03 05          NaN
2012 01 03 06          NaN
2012 01 03 07          NaN
2012 01 03 08          NaN
2012 01 03 09          NaN
2012 01 03 10          NaN
2012 01 03 11          NaN
2012 01 03 12          NaN
2012 01 03 13          NaN
2012 01 03 14          NaN
2012 01 03 15          NaN
2012 01 03 16          NaN
2012 01 03 17          NaN
2012 01 03 18          NaN
2012 01 03 19          NaN
2012 01 03 20          NaN
2012 01 03 21          NaN
2012 01 03 22          NaN
2012 01 03 23          NaN
2012 01 04 00          NaN
2012 01 04 01          NaN
2012 01 04 02          NaN
2012 01 04 03          NaN
2012 01 04 04          NaN
2012 01 04 05          NaN
2012 01 04 06          NaN
2012 01 04 07          NaN
2012 01 04 08          NaN
2012 01 04 09          NaN
2012 01 04 10          NaN
2012 01 04 11          NaN
2012 01 04 12          NaN
2012 01 04 13          NaN
2012 01 04 14          NaN
2012 01 04 15          NaN
2012 01 04 16          NaN
2012 01 04 17          NaN
2012 01 04 18          NaN
2012 01 04 19          NaN
2012 01 04 20          NaN
2012 01 04 21          NaN
2012 01 04 22          NaN
2012 01 04 23          NaN
2012 01 05 00          NaN
2012 01 05 01          NaN
2012 01 05 02          NaN
2012 01 05 03          NaN
2012 01 05 04          NaN
2012 01 05 05          NaN
2012 01 05 06          NaN
2012 01 05 07          NaN
2012 01 05 08          NaN
2012 01 05 09          NaN
2012 01 05 10          NaN
2012 01 05 11          NaN
2012 01 05 12          NaN
2012 01 05 13          NaN
2012 01 05 14          NaN
2012 01 05 15          NaN
2012 01 05 16          NaN
2012 01 05 17          NaN
2012 01 05 18          NaN
2012 01 05 19          NaN
2012 01 05 20          NaN
2012 01 05 21          NaN
2012 01 05 22          NaN
2012 01 05 23          NaN
2012 01 06 00          NaN
2012 01 06 01          NaN
2012 01 06 02          NaN
2012 01 06 03          NaN
2012 01 06 04          NaN
2012 01 06 05          NaN
2012 01 06 06          NaN
2012 01 06 07          NaN
2012 01 06 08          NaN
2012 01 06 09          NaN
2012 01 06 10          NaN
2012 01 06 11          NaN
2012 01 06 12          NaN
2012 01 06 13          NaN
2012 01 06 14          NaN
2012 01 06 15          NaN
2012 01 06 16          NaN
2012 01 06 17          NaN
2012 01 06 18          NaN
2012 01 06 19          NaN
2012 01 06 20          NaN
2012 01 06 21          NaN
2012 01 06 22          NaN
2012 01 06 23          NaN
2012 01 07 00          NaN
2012 01 07 01          NaN
2012 01 07 02          NaN
2012 01 07 03          NaN
2012 01 07 04          NaN
2012 01 07 05          NaN
2012 01 07 06          NaN
2012 01 07 07          NaN
2012 01 07 08          NaN
2012 01 07 09          NaN
2012 01 07 10          NaN
2012 01 07 11          NaN
2012 01 07 12          NaN
2012 01 07 13          NaN
2012 01 07 14          NaN
2012 01 07 15          NaN
2012 01 07 16          NaN
2012 01 07 17          NaN
2012 01 07 18          NaN
2012 01 07 19          NaN
2012 01 07 20          NaN
2012 01 07 21          NaN
2012 01 07 22          NaN
2012 01 07 23          NaN
2012 01 08 00          NaN
2012 01 08 01          NaN
2012 01 08 02          NaN
2012 01 08 03          NaN
2012 01 08 04          NaN
2012 01 08 05          NaN
2012 01 08 06          NaN
2012 01 08 07          NaN
2012 01 08 08          NaN
2012 01 08 09          NaN
2012 01 08 10          NaN
2012 01 08 11          NaN
2012 01 08 12          NaN
2012 01 08 13          NaN
2012 01 08 14          NaN
2012 01 08 15          NaN
2012 01 08 16          NaN
2012 01 08 17          NaN
2012 01 08 18          NaN
2012 01 08 19          NaN
2012 01 08 20          NaN
2012 01 08 21          NaN
2012 01 08 22          NaN
2012 01 08 23          NaN
2012 01 09 00          NaN
2012 01 09 01          NaN
2012 01 09 02          NaN
2012 01 09 03          NaN
2012 01 09 04          NaN
2012 01 09 05          NaN
2012 01 09 06          NaN
2012 01 09 07          NaN
2012 01 09 08          NaN
2012 01 09 09          NaN
2012 01 09 10          NaN
2012 01 09 11          NaN
2012 01 09 12          NaN
2012 01 09 13          NaN
2012 01 09 14          NaN
2012 01 09 15          NaN
2012 01 09 16          NaN
2012 01 09 17          NaN
2012 01 09 18          NaN
2012 01 09 19          NaN
2012 01 09 20          NaN
2012 01 09 21          NaN
2012 01 09 22          NaN
2012 01 09 23          NaN
2012 01 10 00          NaN
2012 01 10 01          NaN
2012 01 10 02          NaN
2012 01 10 03          NaN
2012 01 10 04          NaN
2012 01 10 05          NaN
2012 01 10 06          NaN
2012 01 10 07          NaN
2012 01 10 08          NaN
2012 01 10 09          NaN
2012 01 10 10          NaN
2012 01 10 11          NaN
2012 01 10 12          NaN
2012 01 10 13          NaN
2012 01 10 14          NaN
2012 01 10 15          NaN
2012 01 10 16          NaN
2012 01 10 17          NaN
2012 01 10 18          NaN
2012 01 10 19          NaN
2012 01 10 20          NaN
2012 01 10 21          NaN
2012 01 10 22          NaN
2012 01 10 23          NaN
2012 01 11 00          NaN
2012 01 11 01          NaN
2012 01 11 02          NaN
2012 01 11 03          NaN
2012 01 11 04          NaN
2012 01 11 05          NaN
2012 01 11 06          NaN
2012 01 11 07          NaN
2012 01 11 08          NaN
2012 01 11 09          NaN
2012 01 11 10          NaN
2012 01 11 11          NaN
2012 01 11 12          NaN
2012 01 11 13          NaN
2012 01 11 14          NaN
2012 01 11 15          NaN
2012 01 11 16          NaN
2012 01 11 17          NaN
2012 01 11 18          NaN
2012 01 11 19          NaN
2012 01 11 20          NaN
2012 01 11 21          NaN
2012 01 11 22          NaN
2012 01 11 23          NaN
2012 01 12 00          NaN
2012 01 12 01          NaN
2012 01 12 02          NaN
2012 01 12 03          NaN
2012 01 12 04          NaN
2012 01 12 05          NaN
2012 01 12 06          NaN
2012 01 12 07          NaN
2012 01 12 08          NaN
2012 01 12 09          NaN
2012 01 12 10          NaN
2012 01 12 11          NaN
2012 01 12 12          NaN
2012 01 12 13          NaN
2012 01 12 14          NaN
2012 01 12 15          NaN
2012 01 12 16          NaN
2012 01 12 17          NaN
2012 01 12 18          NaN
2012 01 12 19          NaN
2012 01 12 20          NaN
2012 01 12 21          NaN
2012 01 12 22          NaN
2012 01 12 23          NaN
2012 01 13 00          NaN
2012 01 13 01          NaN
2012 01 13 02          NaN
2012 01 13 03          NaN
2012 01 13 04          NaN
2012 01 13 05          NaN
2012 01 13 06          NaN
2012 01 13 07          NaN
2012 01 13 08          NaN
2012 01 13 09          NaN
2012 01 13 10          NaN
2012 01 13 11          NaN
2012 01 13 12          NaN
2012 01 13 13          NaN
2012 01 13 14          NaN
2012 01 13 15          NaN
2012 01 13 16          NaN
2012 01 13 17          NaN
2012 01 13 18          NaN
2012 01 13 19          NaN
2012 01 13 20          NaN
2012 01 13 21          NaN
2012 01 13 22          NaN
2012 01 13 23          NaN
2012 01 14 00          NaN
2012 01 14 01          NaN
2012 01 14 02          NaN
2012 01 14 03          NaN
2012 01 14 04          NaN
2012 01 14 05          NaN
2012 01 14 06          NaN
2012 01 14 07          NaN
2012 01 14 08          NaN
2012 01 14 09          NaN
2012 01 14 10          NaN
2012 01 14 11          NaN
2012 01 14 12          NaN
2012 01 14 13          NaN
2012 01 14 14          NaN
2012 01 14 15          NaN
2012 01 14 16          NaN
2012 01 14 17          NaN
2012 01 14 18          NaN
2012 01 14 19          NaN
2012 01 14 20          NaN
2012 01 14 21          NaN
2012 01 14 22          NaN
2012 01 14 23          NaN
2012 01 15 00          NaN
2012 01 15 01          NaN
2012 01 15 02          NaN
2012 01 15 03          NaN
2012 01 15 04          NaN
2012 01 15 05          NaN
2012 01 15 06          NaN
2012 01 15 07          NaN
2012 01 15 08          NaN
2012 01 15 09          NaN
2012 01 15 10          NaN
2012 01 15 11          NaN
2012 01 15 12          NaN
2012 01 15 13          NaN
2012 01 15 14          NaN
2012 01 15 15          NaN
2012 01 15 16          NaN
2012 01 15 17          NaN
2012 01 15 18          NaN
2012 01 15 19          NaN
2012 01 15 20          NaN
2012 01 15 21          NaN
2012 01 15 22          NaN
2012 01 15 23          NaN
2012 01 16 00          NaN
2012 01 16 01          NaN
2012 01 16 02          NaN
2012 01 16 03          NaN
2012 01 16 04          NaN
2012 01 16 05          NaN
2012 01 16 06          NaN
2012 01 16 07          NaN
2012 01 16 08          NaN
2012 01 16 09          NaN
2012 01 16 10          NaN
2012 01 16 11          NaN
2012 01 16 12          NaN
2012 01 16 13          NaN
2012 01 16 14          NaN
2012 01 16 15          NaN
2012 01 16 16          NaN
2012 01 16 17          NaN
2012 01 16 18          NaN
2012 01 16 19          NaN
2012 01 16 20          NaN
2012 01 16 21          NaN
2012 01 16 22          NaN
2012 01 16 23          NaN
2012 01 17 00          NaN
2012 01 17 01          NaN
2012 01 17 02          NaN
2012 01 17 03          NaN
2012 01 17 04          NaN
2012 01 17 05          NaN
2012 01 17 06          NaN
2012 01 17 07          NaN
2012 01 17 08          NaN
2012 01 17 09          NaN
2012 01 17 10          NaN
2012 01 17 11          NaN
2012 01 17 12          NaN
2012 01 17 13          NaN
2012 01 17 14          NaN
2012 01 17 15          NaN
2012 01 17 16          NaN
2012 01 17 17          NaN
2012 01 17 18          NaN
2012 01 17 19          NaN
2012 01 17 20          NaN
2012 01 17 21          NaN
2012 01 17 22          NaN
2012 01 17 23          NaN
2012 01 18 00          NaN
2012 01 18 01          NaN
2012 01 18 02          NaN
2012 01 18 03          NaN
2012 01 18 04          NaN
2012 01 18 05          NaN
2012 01 18 06          NaN
2012 01 18 07          NaN
2012 01 18 08          NaN
2012 01 18 09          NaN
2012 01 18 10          NaN
2012 01 18 11          NaN
2012 01 18 12          NaN
2012 01 18 13          NaN
2012 01 18 14          NaN
2012 01 18 15          NaN
2012 01 18 16          NaN
2012 01 18 17          NaN
2012 01 18 18          NaN
2012 01 18 19          NaN
2012 01 18 20          NaN
2012 01 18 21          NaN
2012 01 18 22          NaN
2012 01 18 23          NaN
2012 01 19 00          NaN
2012 01 19 01          NaN
2012 01 19 02          NaN
2012 01 19 03          NaN
2012 01 19 04          NaN
2012 01 19 05          NaN
2012 01 19 06          NaN
2012 01 19 07          NaN
2012 01 19 08          NaN
2012 01 19 09          NaN
2012 01 19 10          NaN
2012 01 19 11          NaN
2012 01 19 12          NaN
2012 01 19 13          NaN
2012 01 19 14          NaN
2012 01 19 15          NaN
2012 01 19 16          NaN
2012 01 19 17          NaN
2012 01 19 18          NaN
2012 01 19 19          NaN
2012 01 19 20          NaN
2012 01 19 21          NaN
2012 01 19 22          NaN
2012 01 19 23          NaN
2012 01 20 00          NaN
2012 01 20 01          NaN
2012 01 20 02          NaN
2012 01 20 03          NaN
2012 01 20 04          NaN
2012 01 20 05          NaN
2012 01 20 06          NaN
2012 01 20 07          NaN
2012 01 20 08          NaN
2012 01 20 09          NaN
2012 01 20 10          NaN
2012 01 20 11          NaN
2012 01 20 12          NaN
2012 01 20 13          NaN
2012 01 20 14          NaN
2012 01 20 15          NaN
2012 01 20 16          NaN
2012 01 20 17          NaN
2012 01 20 18          NaN
2012 01 20 19          NaN
2012 01 20 20          NaN
2012 01 20 21          NaN
2012 01 20 22          NaN
2012 01 20 23          NaN
2012 01 21 00          NaN
2012 01 21 01          NaN
2012 01 21 02          NaN
2012 01 21 03          NaN
2012 01 21 04          NaN
2012 01 21 05          NaN
2012 01 21 06          NaN
2012 01 21 07          NaN
2012 01 21 08          NaN
2012 01 21 09          NaN
2012 01 21 10          NaN
2012 01 21 11          NaN
2012 01 21 12          NaN
2012 01 21 13          NaN
2012 01 21 14          NaN
2012 01 21 15          NaN
2012 01 21 16          NaN
2012 01 21 17          NaN
2012 01 21 18          NaN
2012 01 21 19          NaN
2012 01 21 20          NaN
2012 01 21 21          NaN
2012 01 21 22          NaN
2012 01 21 23          NaN
2012 01 22 00          NaN
2012 01 22 01          NaN
2012 01 22 02          NaN
2012 01 22 03          NaN
2012 01 22 04          NaN
2012 01 22 05          NaN
2012 01 22 06          NaN
2012 01 22 07          NaN
2012 01 22 08          NaN
2012 01 22 09          NaN
2012 01 22 10          NaN
2012 01 22 11          NaN
2012 01 22 12          NaN
2012 01 22 13          NaN
2012 01 22 14          NaN
2012 01 22 15          NaN
2012 01 22 16          NaN
2012 01 22 17          NaN
2012 01 22 18          NaN
2012 01 22 19          NaN
2012 01 22 20          NaN
2012 01 22 21          NaN
2012 01 22 22          NaN
2012 01 22 23          NaN
2012 01 23 00          NaN
2012 01 23 01          NaN
2012 01 23 02          NaN
2012 01 23 03          NaN
2012 01 23 04          NaN
2012 01 23 05          NaN
2012 01 23 06          NaN
2012 01 23 07          NaN
2012 01 23 08          NaN
2012 01 23 09          NaN
2012 01 23 10          NaN
2012 01 23 11          NaN
2012 01 23 12          NaN
2012 01 23 13          NaN
2012 01 23 14          NaN
2012 01 23 15          NaN
2012 01 23 16          NaN
2012 01 23 17          NaN
2012 01 23 18          NaN
2012 01 23 19          NaN
2012 01 23 20          NaN
2012 01 23 21          NaN
2012 01 23 22          NaN
2012 01 23 23          NaN
2012 01 24 00          NaN
2012 01 24 01          NaN
2012 01 24 02          NaN
2012 01 24 03          NaN
2012 01 24 04          NaN
2012 01 24 05          NaN
2012 01 24 06          NaN
2012 01 24 07          NaN
2012 01 24 08          NaN
2012 01 24 09          NaN
2012 01 24 10          NaN
2012 01 24 11          NaN
2012 01 24 12          NaN
2012 01 24 13          NaN
2012 01 24 14          NaN
2012 01 24 15          NaN
2012 01 24 16          NaN
2012 01 24 17          NaN
2012 01 24 18          NaN
2012 01 24 19          NaN
2012 01 24 20          NaN
2012 01 24 21          NaN
2012 01 24 22          NaN
2012 01 24 23          NaN
2012 01 25 00          NaN
2012 01 25 01          NaN
2012 01 25 02          NaN
2012 01 25 03          NaN
2012 01 25 04          NaN
2012 01 25 05          NaN
2012 01 25 06          NaN
2012 01 25 07          NaN
2012 01 25 08          NaN
2012 01 25 09          NaN
2012 01 25 10          NaN
2012 01 25 11          NaN
2012 01 25 12          NaN
2012 01 25 13          NaN
2012 01 25 14          NaN
2012 01 25 15          NaN
2012 01 25 16          NaN
2012 01 25 17          NaN
2012 01 25 18          NaN
2012 01 25 19          NaN
2012 01 25 20          NaN
2012 01 25 21          NaN
2012 01 25 22          NaN
2012 01 25 23          NaN
2012 01 26 00          NaN
2012 01 26 01          NaN
2012 01 26 02          NaN
2012 01 26 03          NaN
2012 01 26 04          NaN
2012 01 26 05          NaN
2012 01 26 06          NaN
2012 01 26 07          NaN
2012 01 26 08          NaN
2012 01 26 09          NaN
2012 01 26 10          NaN
2012 01 26 11          NaN
2012 01 26 12          NaN
2012 01 26 13          NaN
2012 01 26 14          NaN
2012 01 26 15          NaN
2012 01 26 16          NaN
2012 01 26 17          NaN
2012 01 26 18          NaN
2012 01 26 19          NaN
2012 01 26 20          NaN
2012 01 26 21          NaN
2012 01 26 22          NaN
2012 01 26 23          NaN
2012 01 27 00          NaN
2012 01 27 01          NaN
2012 01 27 02          NaN
2012 01 27 03          NaN
2012 01 27 04          NaN
2012 01 27 05          NaN
2012 01 27 06          NaN
2012 01 27 07          NaN
2012 01 27 08          NaN
2012 01 27 09          NaN
2012 01 27 10          NaN
2012 01 27 11          NaN
2012 01 27 12          NaN
2012 01 27 13          NaN
2012 01 27 14          NaN
2012 01 27 15          NaN
2012 01 27 16          NaN
2012 01 27 17          NaN
2012 01 27 18          NaN
2012 01 27 19          NaN
2012 01 27 20          NaN
2012 01 27 21          NaN
2012 01 27 22          NaN
2012 01 27 23          NaN
2012 01 28 00          NaN
2012 01 28 01          NaN
2012 01 28 02          NaN
2012 01 28 03          NaN
2012 01 28 04          NaN
2012 01 28 05          NaN
2012 01 28 06          NaN
2012 01 28 07          NaN
2012 01 28 08          NaN
2012 01 28 09          NaN
2012 01 28 10          NaN
2012 01 28 11          NaN
2012 01 28 12          NaN
2012 01 28 13          NaN
2012 01 28 14          NaN
2012 01 28 15          NaN
2012 01 28 16          NaN
2012 01 28 17          NaN
2012 01 28 18          NaN
2012 01 28 19          NaN
2012 01 28 20          NaN
2012 01 28 21          NaN
2012 01 28 22          NaN
2012 01 28 23          NaN
2012 01 29 00          NaN
2012 01 29 01          NaN
2012 01 29 02          NaN
2012 01 29 03          NaN
2012 01 29 04          NaN
2012 01 29 05          NaN
2012 01 29 06          NaN
2012 01 29 07          NaN
2012 01 29 08          NaN
2012 01 29 09          NaN
2012 01 29 10          NaN
2012 01 29 11          NaN
2012 01 29 12          NaN
2012 01 29 13          NaN
2012 01 29 14          NaN
2012 01 29 15          NaN
2012 01 29 16          NaN
2012 01 29 17          NaN
2012 01 29 18          NaN
2012 01 29 19          NaN
2012 01 29 20          NaN
2012 01 29 21          NaN
2012 01 29 22          NaN
2012 01 29 23          NaN
2012 01 30 00          NaN
2012 01 30 01          NaN
2012 01 30 02          NaN
2012 01 30 03          NaN
2012 01 30 04          NaN
2012 01 30 05          NaN
2012 01 30 06          NaN
2012 01 30 07          NaN
2012 01 30 08          NaN
2012 01 30 09          NaN
2012 01 30 10          NaN
2012 01 30 11          NaN
2012 01 30 12          NaN
2012 01 30 13          NaN
2012 01 30 14          NaN
2012 01 30 15          NaN
2012 01 30 16          NaN
2012 01 30 17          NaN
2012 01 30 18          NaN
2012 01 30 19          NaN
2012 01 30 20          NaN
2012 01 30 21          NaN
2012 01 30 22          NaN
2012 01 30 23          NaN
2012 01 31 00          NaN
2012 01 31 01          NaN
2012 01 31 02          NaN
2012 01 31 03          NaN
2012 01 31 04          NaN
2012 01 31 05          NaN
2012 01 31 06          NaN
2012 01 31 07          NaN
2012 01 31 08          NaN
2012 01 31 09          NaN
2012 01 31 10          NaN
2012 01 31 11          NaN
2012 01 31 12          NaN
2012 01 31 13          NaN
2012 01 31 14          NaN
2012 01 31 15          NaN
2012 01 31 16          NaN
2012 01 31 17          NaN
2012 01 31 18          NaN
2012 01 31 19          NaN
2012 01 31 20          NaN
2012 01 31 21          NaN
2012 01 31 22          NaN
2012 01 31 23          NaN
2012 02 01 00          NaN
2012 02 01 01          NaN
2012 02 01 02          NaN
2012 02 01 03          NaN
2012 02 01 04          NaN
2012 02 01 05          NaN
2012 02 01 06          NaN
2012 02 01 07          NaN
2012 02 01 08          NaN
2012 02 01 09          NaN
2012 02 01 10          NaN
2012 02 01 11          NaN
2012 02 01 12          NaN
2012 02 01 13          NaN
2012 02 01 14          NaN
2012 02 01 15          NaN
2012 02 01 16          NaN
2012 02 01 17          NaN
2012 02 01 18          NaN
2012 02 01 19          NaN
2012 02 01 20          NaN
2012 02 01 21          NaN
2012 02 01 22          NaN
2012 02 01 23          NaN
2012 02 02 00          NaN
2012 02 02 01          NaN
2012 02 02 02          NaN
2012 02 02 03          NaN
2012 02 02 04          NaN
2012 02 02 05          NaN
2012 02 02 06          NaN
2012 02 02 07          NaN
2012 02 02 08          NaN
2012 02 02 09          NaN
2012 02 02 10          NaN
2012 02 02 11          NaN
2012 02 02 12          NaN
2012 02 02 13          NaN
2012 02 02 14          NaN
2012 02 02 15          NaN
2012 02 02 16          NaN
2012 02 02 17          NaN
2012 02 02 18          NaN
2012 02 02 19          NaN
2012 02 02 20          NaN
2012 02 02 21          NaN
2012 02 02 22          NaN
2012 02 02 23          NaN
2012 02 03 00          NaN
2012 02 03 01          NaN
2012 02 03 02          NaN
2012 02 03 03          NaN
2012 02 03 04          NaN
2012 02 03 05          NaN
2012 02 03 06          NaN
2012 02 03 07          NaN
2012 02 03 08          NaN
2012 02 03 09          NaN
2012 02 03 10          NaN
2012 02 03 11          NaN
2012 02 03 12          NaN
2012 02 03 13          NaN
2012 02 03 14          NaN
2012 02 03 15          NaN
2012 02 03 16          NaN
2012 02 03 17          NaN
2012 02 03 18          NaN
2012 02 03 19          NaN
2012 02 03 20          NaN
2012 02 03 21          NaN
2012 02 03 22          NaN
2012 02 03 23          NaN
2012 02 04 00          NaN
2012 02 04 01          NaN
2012 02 04 02          NaN
2012 02 04 03          NaN
2012 02 04 04          NaN
2012 02 04 05          NaN
2012 02 04 06          NaN
2012 02 04 07          NaN
2012 02 04 08          NaN
2012 02 04 09          NaN
2012 02 04 10          NaN
2012 02 04 11          NaN
2012 02 04 12          NaN
2012 02 04 13          NaN
2012 02 04 14          NaN
2012 02 04 15          NaN
2012 02 04 16          NaN
2012 02 04 17          NaN
2012 02 04 18          NaN
2012 02 04 19          NaN
2012 02 04 20          NaN
2012 02 04 21          NaN
2012 02 04 22          NaN
2012 02 04 23          NaN
2012 02 05 00          NaN
2012 02 05 01          NaN
2012 02 05 02          NaN
2012 02 05 03          NaN
2012 02 05 04          NaN
2012 02 05 05          NaN
2012 02 05 06          NaN
2012 02 05 07          NaN
2012 02 05 08          NaN
2012 02 05 09          NaN
2012 02 05 10          NaN
2012 02 05 11          NaN
2012 02 05 12          NaN
2012 02 05 13          NaN
2012 02 05 14          NaN
2012 02 05 15          NaN
2012 02 05 16          NaN
2012 02 05 17          NaN
2012 02 05 18          NaN
2012 02 05 19          NaN
2012 02 05 20          NaN
2012 02 05 21          NaN
2012 02 05 22          NaN
2012 02 05 23          NaN
2012 02 06 00          NaN
2012 02 06 01          NaN
2012 02 06 02          NaN
2012 02 06 03          NaN
2012 02 06 04          NaN
2012 02 06 05          NaN
2012 02 06 06          NaN
2012 02 06 07          NaN
2012 02 06 08          NaN
2012 02 06 09          NaN
2012 02 06 10          NaN
2012 02 06 11          NaN
2012 02 06 12          NaN
2012 02 06 13          NaN
2012 02 06 14          NaN
2012 02 06 15          NaN
2012 02 06 16          NaN
2012 02 06 17          NaN
2012 02 06 18          NaN
2012 02 06 19          NaN
2012 02 06 20          NaN
2012 02 06 21          NaN
2012 02 06 22          NaN
2012 02 06 23          NaN
2012 02 07 00          NaN
2012 02 07 01          NaN
2012 02 07 02          NaN
2012 02 07 03          NaN
2012 02 07 04          NaN
2012 02 07 05          NaN
2012 02 07 06          NaN
2012 02 07 07          NaN
2012 02 07 08          NaN
2012 02 07 09          NaN
2012 02 07 10          NaN
2012 02 07 11          NaN
2012 02 07 12          NaN
2012 02 07 13          NaN
2012 02 07 14          NaN
2012 02 07 15          NaN
2012 02 07 16          NaN
2012 02 07 17          NaN
2012 02 07 18          NaN
2012 02 07 19          NaN
2012 02 07 20          NaN
2012 02 07 21          NaN
2012 02 07 22          NaN
2012 02 07 23          NaN
2012 02 08 00          NaN
2012 02 08 01          NaN
2012 02 08 02          NaN
2012 02 08 03          NaN
2012 02 08 04          NaN
2012 02 08 05          NaN
2012 02 08 06          NaN
2012 02 08 07          NaN
2012 02 08 08          NaN
2012 02 08 09          NaN
2012 02 08 10          NaN
2012 02 08 11          NaN
2012 02 08 12          NaN
2012 02 08 13          NaN
2012 02 08 14          NaN
2012 02 08 15          NaN
2012 02 08 16          NaN
2012 02 08 17          NaN
2012 02 08 18          NaN
2012 02 08 19          NaN
2012 02 08 20          NaN
2012 02 08 21          NaN
2012 02 08 22          NaN
2012 02 08 23          NaN
2012 02 09 00          NaN
2012 02 09 01          NaN
2012 02 09 02          NaN
2012 02 09 03          NaN
2012 02 09 04          NaN
2012 02 09 05          NaN
2012 02 09 06          NaN
2012 02 09 07          NaN
2012 02 09 08          NaN
2012 02 09 09          NaN
2012 02 09 10          NaN
2012 02 09 11          NaN
2012 02 09 12          NaN
2012 02 09 13          NaN
2012 02 09 14          NaN
2012 02 09 15          NaN
2012 02 09 16          NaN
2012 02 09 17          NaN
2012 02 09 18          NaN
2012 02 09 19          NaN
2012 02 09 20          NaN
2012 02 09 21          NaN
2012 02 09 22          NaN
2012 02 09 23          NaN
2012 02 10 00          NaN
2012 02 10 01          NaN
2012 02 10 02          NaN
2012 02 10 03          NaN
2012 02 10 04          NaN
2012 02 10 05          NaN
2012 02 10 06          NaN
2012 02 10 07          NaN
2012 02 10 08          NaN
2012 02 10 09          NaN
2012 02 10 10          NaN
2012 02 10 11          NaN
2012 02 10 12          NaN
2012 02 10 13          NaN
2012 02 10 14          NaN
2012 02 10 15          NaN
2012 02 10 16          NaN
2012 02 10 17          NaN
2012 02 10 18          NaN
2012 02 10 19          NaN
2012 02 10 20          NaN
2012 02 10 21          NaN
2012 02 10 22          NaN
2012 02 10 23          NaN
2012 02 11 00          NaN
2012 02 11 01          NaN
2012 02 11 02          NaN
2012 02 11 03          NaN
2012 02 11 04          NaN
2012 02 11 05          NaN
2012 02 11 06          NaN
2012 02 11 07          NaN
2012 02 11 08          NaN
2012 02 11 09          NaN
2012 02 11 10          NaN
2012 02 11 11          NaN
2012 02 11 12          NaN
2012 02 11 13          NaN
2012 02 11 14          NaN
2012 02 11 15          NaN
2012 02 11 16          NaN
2012 02 11 17          NaN
2012 02 11 18          NaN
2012 02 11 19          NaN
2012 02 11 20          NaN
2012 02 11 21          NaN
2012 02 11 22          NaN
2012 02 11 23          NaN
2012 02 12 00          NaN
2012 02 12 01          NaN
2012 02 12 02          NaN
2012 02 12 03          NaN
2012 02 12 04          NaN
2012 02 12 05          NaN
2012 02 12 06          NaN
2012 02 12 07          NaN
2012 02 12 08          NaN
2012 02 12 09          NaN
2012 02 12 10          NaN
2012 02 12 11          NaN
2012 02 12 12          NaN
2012 02 12 13          NaN
2012 02 12 14          NaN
2012 02 12 15          NaN
2012 02 12 16          NaN
2012 02 12 17          NaN
2012 02 12 18          NaN
2012 02 12 19          NaN
2012 02 12 20          NaN
2012 02 12 21          NaN
2012 02 12 22          NaN
2012 02 12 23          NaN
2012 02 13 00          NaN
2012 02 13 01          NaN
2012 02 13 02          NaN
2012 02 13 03          NaN
2012 02 13 04          NaN
2012 02 13 05          NaN
2012 02 13 06          NaN
2012 02 13 07          NaN
2012 02 13 08          NaN
2012 02 13 09          NaN
2012 02 13 10          NaN
2012 02 13 11          NaN
2012 02 13 12          NaN
2012 02 13 13          NaN
2012 02 13 14          NaN
2012 02 13 15          NaN
2012 02 13 16          NaN
2012 02 13 17          NaN
2012 02 13 18          NaN
2012 02 13 19          NaN
2012 02 13 20          NaN
2012 02 13 21          NaN
2012 02 13 22          NaN
2012 02 13 23          NaN
2012 02 14 00          NaN
2012 02 14 01          NaN
2012 02 14 02          NaN
2012 02 14 03          NaN
2012 02 14 04          NaN
2012 02 14 05          NaN
2012 02 14 06          NaN
2012 02 14 07          NaN
2012 02 14 08          NaN
2012 02 14 09          NaN
2012 02 14 10          NaN
2012 02 14 11          NaN
2012 02 14 12          NaN
2012 02 14 13          NaN
2012 02 14 14          NaN
2012 02 14 15          NaN
2012 02 14 16          NaN
2012 02 14 17          NaN
2012 02 14 18          NaN
2012 02 14 19          NaN
2012 02 14 20          NaN
2012 02 14 21          NaN
2012 02 14 22          NaN
2012 02 14 23          NaN
2012 02 15 00          NaN
2012 02 15 01          NaN
2012 02 15 02          NaN
2012 02 15 03          NaN
2012 02 15 04          NaN
2012 02 15 05          NaN
2012 02 15 06          NaN
2012 02 15 07          NaN
2012 02 15 08          NaN
2012 02 15 09          NaN
2012 02 15 10          NaN
2012 02 15 11          NaN
2012 02 15 12          NaN
2012 02 15 13          NaN
2012 02 15 14          NaN
2012 02 15 15          NaN
2012 02 15 16          NaN
2012 02 15 17          NaN
2012 02 15 18          NaN
2012 02 15 19          NaN
2012 02 15 20          NaN
2012 02 15 21          NaN
2012 02 15 22          NaN
2012 02 15 23          NaN
2012 02 16 00          NaN
2012 02 16 01          NaN
2012 02 16 02          NaN
2012 02 16 03          NaN
2012 02 16 04          NaN
2012 02 16 05          NaN
2012 02 16 06          NaN
2012 02 16 07          NaN
2012 02 16 08          NaN
2012 02 16 09          NaN
2012 02 16 10          NaN
2012 02 16 11          NaN
2012 02 16 12          NaN
2012 02 16 13          NaN
2012 02 16 14          NaN
2012 02 16 15          NaN
2012 02 16 16          NaN
2012 02 16 17          NaN
2012 02 16 18          NaN
2012 02 16 19          NaN
2012 02 16 20          NaN
2012 02 16 21          NaN
2012 02 16 22          NaN
2012 02 16 23          NaN
2012 02 17 00          NaN
2012 02 17 01          NaN
2012 02 17 02          NaN
2012 02 17 03          NaN
2012 02 17 04          NaN
2012 02 17 05          NaN
2012 02 17 06          NaN
2012 02 17 07          NaN
2012 02 17 08          NaN
2012 02 17 09          NaN
2012 02 17 10          NaN
2012 02 17 11          NaN
2012 02 17 12          NaN
2012 02 17 13          NaN
2012 02 17 14          NaN
2012 02 17 15          NaN
2012 02 17 16          NaN
2012 02 17 17          NaN
2012 02 17 18          NaN
2012 02 17 19          NaN
2012 02 17 20          NaN
2012 02 17 21          NaN
2012 02 17 22          NaN
2012 02 17 23          NaN
2012 02 18 00          NaN
2012 02 18 01          NaN
2012 02 18 02          NaN
2012 02 18 03          NaN
2012 02 18 04          NaN
2012 02 18 05          NaN
2012 02 18 06          NaN
2012 02 18 07          NaN
2012 02 18 08          NaN
2012 02 18 09          NaN
2012 02 18 10          NaN
2012 02 18 11          NaN
2012 02 18 12          NaN
2012 02 18 13          NaN
2012 02 18 14          NaN
2012 02 18 15          NaN
2012 02 18 16          NaN
2012 02 18 17          NaN
2012 02 18 18          NaN
2012 02 18 19          NaN
2012 02 18 20          NaN
2012 02 18 21          NaN
2012 02 18 22          NaN
2012 02 18 23          NaN
2012 02 19 00          NaN
2012 02 19 01          NaN
2012 02 19 02          NaN
2012 02 19 03          NaN
2012 02 19 04          NaN
2012 02 19 05          NaN
2012 02 19 06          NaN
2012 02 19 07          NaN
2012 02 19 08          NaN
2012 02 19 09          NaN
2012 02 19 10          NaN
2012 02 19 11          NaN
2012 02 19 12          NaN
2012 02 19 13          NaN
2012 02 19 14          NaN
2012 02 19 15          NaN
2012 02 19 16          NaN
2012 02 19 17          NaN
2012 02 19 18          NaN
2012 02 19 19          NaN
2012 02 19 20          NaN
2012 02 19 21          NaN
2012 02 19 22          NaN
2012 02 19 23          NaN
2012 02 20 00          NaN
2012 02 20 01          NaN
2012 02 20 02          NaN
2012 02 20 03          NaN
2012 02 20 04          NaN
2012 02 20 05          NaN
2012 02 20 06          NaN
2012 02 20 07          NaN
2012 02 20 08          NaN
2012 02 20 09          NaN
2012 02 20 10          NaN
2012 02 20 11          NaN
2012 02 20 12          NaN
2012 02 20 13          NaN
2012 02 20 14          NaN
2012 02 20 15          NaN
2012 02 20 16          NaN
2012 02 20 17          NaN
2012 02 20 18          NaN
2012 02 20 19          NaN
2012 02 20 20          NaN
2012 02 20 21          NaN
2012 02 20 22          NaN
2012 02 20 23          NaN
2012 02 21 00          NaN
2012 02 21 01          NaN
2012 02 21 02          NaN
2012 02 21 03          NaN
2012 02 21 04          NaN
2012 02 21 05          NaN
2012 02 21 06          NaN
2012 02 21 07          NaN
2012 02 21 08          NaN
2012 02 21 09          NaN
2012 02 21 10          NaN
2012 02 21 11          NaN
2012 02 21 12          NaN
2012 02 21 13          NaN
2012 02 21 14          NaN
2012 02 21 15          NaN
2012 02 21 16          NaN
2012 02 21 17          NaN
2012 02 21 18          NaN
2012 02 21 19          NaN
2012 02 21 20          NaN
2012 02 21 21          NaN
2012 02 21 22          NaN
2012 02 21 23          NaN
2012 02 22 00          NaN
2012 02 22 01          NaN
2012 02 22 02          NaN
2012 02 22 03          NaN
2012 02 22 04          NaN
2012 02 22 05          NaN
2012 02 22 06          NaN
2012 02 22 07          NaN
2012 02 22 08          NaN
2012 02 22 09          NaN
2012 02 22 10          NaN
2012 02 22 11          NaN
2012 02 22 12          NaN
2012 02 22 13          NaN
2012 02 22 14          NaN
2012 02 22 15          NaN
2012 02 22 16          NaN
2012 02 22 17          NaN
2012 02 22 18          NaN
2012 02 22 19          NaN
2012 02 22 20          NaN
2012 02 22 21          NaN
2012 02 22 22          NaN
2012 02 22 23          NaN
2012 02 23 00          NaN
2012 02 23 01          NaN
2012 02 23 02          NaN
2012 02 23 03          NaN
2012 02 23 04          NaN
2012 02 23 05          NaN
2012 02 23 06          NaN
2012 02 23 07          NaN
2012 02 23 08          NaN
2012 02 23 09          NaN
2012 02 23 10          NaN
2012 02 23 11          NaN
2012 02 23 12          NaN
2012 02 23 13          NaN
2012 02 23 14          NaN
2012 02 23 15          NaN
2012 02 23 16          NaN
2012 02 23 17          NaN
2012 02 23 18          NaN
2012 02 23 19          NaN
2012 02 23 20          NaN
2012 02 23 21          NaN
2012 02 23 22          NaN
2012 02 23 23          NaN
2012 02 24 00          NaN
2012 02 24 01          NaN
2012 02 24 02          NaN
2012 02 24 03          NaN
2012 02 24 04          NaN
2012 02 24 05          NaN
2012 02 24 06          NaN
2012 02 24 07          NaN
2012 02 24 08          NaN
2012 02 24 09          NaN
2012 02 24 10          NaN
2012 02 24 11          NaN
2012 02 24 12          NaN
2012 02 24 13          NaN
2012 02 24 14          NaN
2012 02 24 15          NaN
2012 02 24 16          NaN
2012 02 24 17          NaN
2012 02 24 18          NaN
2012 02 24 19          NaN
2012 02 24 20          NaN
2012 02 24 21          NaN
2012 02 24 22          NaN
2012 02 24 23          NaN
2012 02 25 00          NaN
2012 02 25 01          NaN
2012 02 25 02          NaN
2012 02 25 03          NaN
2012 02 25 04          NaN
2012 02 25 05          NaN
2012 02 25 06          NaN
2012 02 25 07          NaN
2012 02 25 08          NaN
2012 02 25 09          NaN
2012 02 25 10          NaN
2012 02 25 11          NaN
2012 02 25 12          NaN
2012 02 25 13          NaN
2012 02 25 14          NaN
2012 02 25 15          NaN
2012 02 25 16          NaN
2012 02 25 17          NaN
2012 02 25 18          NaN
2012 02 25 19          NaN
2012 02 25 20          NaN
2012 02 25 21          NaN
2012 02 25 22          NaN
2012 02 25 23          NaN
2012 02 26 00          NaN
2012 02 26 01          NaN
2012 02 26 02          NaN
2012 02 26 03          NaN
2012 02 26 04          NaN
2012 02 26 05          NaN
2012 02 26 06          NaN
2012 02 26 07          NaN
2012 02 26 08          NaN
2012 02 26 09          NaN
2012 02 26 10          NaN
2012 02 26 11          NaN
2012 02 26 12          NaN
2012 02 26 13          NaN
2012 02 26 14          NaN
2012 02 26 15          NaN
2012 02 26 16          NaN
2012 02 26 17          NaN
2012 02 26 18          NaN
2012 02 26 19          NaN
2012 02 26 20          NaN
2012 02 26 21          NaN
2012 02 26 22          NaN
2012 02 26 23          NaN
2012 02 27 00          NaN
2012 02 27 01          NaN
2012 02 27 02          NaN
2012 02 27 03          NaN
2012 02 27 04          NaN
2012 02 27 05          NaN
2012 02 27 06          NaN
2012 02 27 07          NaN
2012 02 27 08          NaN
2012 02 27 09          NaN
2012 02 27 10          NaN
2012 02 27 11          NaN
2012 02 27 12          NaN
2012 02 27 13          NaN
2012 02 27 14          NaN
2012 02 27 15          NaN
2012 02 27 16          NaN
2012 02 27 17          NaN
2012 02 27 18          NaN
2012 02 27 19          NaN
2012 02 27 20          NaN
2012 02 27 21          NaN
2012 02 27 22          NaN
2012 02 27 23          NaN
2012 02 28 00          NaN
2012 02 28 01          NaN
2012 02 28 02          NaN
2012 02 28 03          NaN
2012 02 28 04          NaN
2012 02 28 05          NaN
2012 02 28 06          NaN
2012 02 28 07          NaN
2012 02 28 08          NaN
2012 02 28 09          NaN
2012 02 28 10          NaN
2012 02 28 11          NaN
2012 02 28 12          NaN
2012 02 28 13          NaN
2012 02 28 14          NaN
2012 02 28 15          NaN
2012 02 28 16          NaN
2012 02 28 17          NaN
2012 02 28 18          NaN
2012 02 28 19          NaN
2012 02 28 20          NaN
2012 02 28 21          NaN
2012 02 28 22          NaN
2012 02 28 23          NaN
2012 02 29 00          NaN
2012 02 29 01          NaN
2012 02 29 02          NaN
2012 02 29 03          NaN
2012 02 29 04          NaN
2012 02 29 05          NaN
2012 02 29 06          NaN
2012 02 29 07          NaN
2012 02 29 08          NaN
2012 02 29 09          NaN
2012 02 29 10          NaN
2012 02 29 11          NaN
2012 02 29 12          NaN
2012 02 29 13          NaN
2012 02 29 14          NaN
2012 02 29 15          NaN
2012 02 29 16          NaN
2012 02 29 17          NaN
2012 02 29 18          NaN
2012 02 29 19          NaN
2012 02 29 20          NaN
2012 02 29 21          NaN
2012 02 29 22          NaN
2012 02 29 23          NaN
2012 03 01 00          NaN
2012 03 01 01          NaN
2012 03 01 02          NaN
2012 03 01 03          NaN
2012 03 01 04          NaN
2012 03 01 05          NaN
2012 03 01 06          NaN
2012 03 01 07          NaN
2012 03 01 08          NaN
2012 03 01 09          NaN
2012 03 01 10          NaN
2012 03 01 11          NaN
2012 03 01 12          NaN
2012 03 01 13          NaN
2012 03 01 14          NaN
2012 03 01 15    -0.285665
2012 03 01 16    0.0446461
2012 03 01 17    -0.592330
2012 03 01 18    -0.491810
2012 03 01 19    -0.118435
2012 03 01 20   -0.0241668
2012 03 01 21   -0.0237772
2012 03 01 22     0.432221
2012 03 01 23     -1.42015
2012 03 02 00    -0.644710
2012 03 02 01    -0.132767
2012 03 02 02   -0.0138520
2012 03 02 03  -0.00323223
2012 03 02 04    0.0318099
2012 03 02 05   -0.0847511
2012 03 02 06   -0.0608958
2012 03 02 07    -0.176074
2012 03 02 08    0.0426001
2012 03 02 09          NaN
2012 03 02 10     0.152198
2012 03 02 11     0.359325
2012 03 02 12     0.226162
2012 03 02 13     0.333263
2012 03 02 14     0.185600
2012 03 02 15    0.0587039
2012 03 02 16    0.0418315
2012 03 02 17    0.0122039
2012 03 02 18    0.0110970
2012 03 02 19  0.000407436
2012 03 02 20    0.0137842
2012 03 02 21   0.00242250
2012 03 02 22   0.00152597
2012 03 02 23    0.0951080
2012 03 03 00    0.0213518
2012 03 03 01    0.0516497
2012 03 03 02    0.0866320
2012 03 03 03    0.0202252
2012 03 03 04    0.0475738
2012 03 03 05  -0.00748237
2012 03 03 06   0.00875594
2012 03 03 07    0.0155263
2012 03 03 08   -0.0684966
2012 03 03 09  -0.00635422
2012 03 03 10     0.149558
2012 03 03 11     0.114609
2012 03 03 12    0.0368336
2012 03 03 13    0.0503626
2012 03 03 14    0.0223065
2012 03 03 15    0.0118287
2012 03 03 16    0.0371027
2012 03 03 17     0.196817
2012 03 03 18    0.0686304
2012 03 03 19     0.214900
2012 03 03 20    -0.321560
2012 03 03 21    0.0303347
2012 03 03 22    -0.161272
2012 03 03 23   -0.0527249
2012 03 04 00    -0.207331
2012 03 04 01    0.0950256
2012 03 04 02     0.130594
2012 03 04 03    0.0287377
2012 03 04 04    0.0112557
2012 03 04 05   -0.0256766
2012 03 04 06   0.00248015
2012 03 04 07  -0.00224935
2012 03 04 08     0.125608
2012 03 04 09     0.179560
2012 03 04 10    0.0417667
2012 03 04 11          NaN
2012 03 04 12          NaN
2012 03 04 13          NaN
2012 03 04 14   -0.0254812
2012 03 04 15    -0.103309
2012 03 04 16     0.136946
2012 03 04 17     0.116335
2012 03 04 18   0.00253947
2012 03 04 19          NaN
2012 03 04 20    0.0265170
2012 03 04 21   -0.0112417
2012 03 04 22   -0.0741655
2012 03 04 23   -0.0921680
2012 03 05 00    -0.162444
2012 03 05 01    -0.567313
2012 03 05 02    -0.573846
2012 03 05 03    -0.294867
2012 03 05 04   -0.0856726
2012 03 05 05    -0.174122
2012 03 05 06  -0.00454056
2012 03 05 07     0.162814
2012 03 05 08  0.000329022
2012 03 05 09    0.0332455
2012 03 05 10    0.0132477
2012 03 05 11   0.00106618
2012 03 05 12   0.00782931
2012 03 05 13    -0.367437
2012 03 05 14    -0.639501
2012 03 05 15    -0.768105
2012 03 05 16     -1.85180
2012 03 05 17     -1.84210
2012 03 05 18     -1.91851
2012 03 05 19     -1.55541
2012 03 05 20     -1.06053
2012 03 05 21     -1.11666
2012 03 05 22     -1.75796
2012 03 05 23    -0.974629
2012 03 06 00    -0.869830
2012 03 06 01    -0.478723
2012 03 06 02    -0.742082
2012 03 06 03    0.0198915
2012 03 06 04    -0.237697
2012 03 06 05    -0.620218
2012 03 06 06    -0.665399
2012 03 06 07    -0.504679
2012 03 06 08     -1.97561
2012 03 06 09      1.54774
2012 03 06 10      2.30828
2012 03 06 11      4.34928
2012 03 06 12      3.41033
2012 03 06 13      2.89768
2012 03 06 14      2.62754
2012 03 06 15      2.49482
2012 03 06 16      2.89718
2012 03 06 17      2.08215
2012 03 06 18    0.0982884
2012 03 06 19    0.0477052
2012 03 06 20    0.0882374
2012 03 06 21    0.0230600
2012 03 06 22    0.0364931
2012 03 06 23    0.0980837
2012 03 07 00     0.182517
2012 03 07 01          NaN
2012 03 07 02          NaN
2012 03 07 03          NaN
2012 03 07 04          NaN
2012 03 07 05          NaN
2012 03 07 06          NaN
2012 03 07 07          NaN
2012 03 07 08          NaN
2012 03 07 09          NaN
2012 03 07 10          NaN
2012 03 07 11          NaN
2012 03 07 12          NaN
2012 03 07 13          NaN
2012 03 07 14          NaN
2012 03 07 15          NaN
2012 03 07 16          NaN
2012 03 07 17          NaN
2012 03 07 18          NaN
2012 03 07 19          NaN
2012 03 07 20          NaN
2012 03 07 21          NaN
2012 03 07 22          NaN
2012 03 07 23          NaN
2012 03 08 00          NaN
2012 03 08 01          NaN
2012 03 08 02          NaN
2012 03 08 03          NaN
2012 03 08 04          NaN
2012 03 08 05          NaN
2012 03 08 06          NaN
2012 03 08 07          NaN
2012 03 08 08          NaN
2012 03 08 09          NaN
2012 03 08 10          NaN
2012 03 08 11          NaN
2012 03 08 12          NaN
2012 03 08 13          NaN
2012 03 08 14          NaN
2012 03 08 15          NaN
2012 03 08 16          NaN
2012 03 08 17          NaN
2012 03 08 18          NaN
2012 03 08 19          NaN
2012 03 08 20          NaN
2012 03 08 21          NaN
2012 03 08 22          NaN
2012 03 08 23          NaN
2012 03 09 00          NaN
2012 03 09 01          NaN
2012 03 09 02          NaN
2012 03 09 03          NaN
2012 03 09 04          NaN
2012 03 09 05          NaN
2012 03 09 06          NaN
2012 03 09 07          NaN
2012 03 09 08          NaN
2012 03 09 09          NaN
2012 03 09 10          NaN
2012 03 09 11          NaN
2012 03 09 12          NaN
2012 03 09 13          NaN
2012 03 09 14          NaN
2012 03 09 15          NaN
2012 03 09 16          NaN
2012 03 09 17          NaN
2012 03 09 18          NaN
2012 03 09 19          NaN
2012 03 09 20          NaN
2012 03 09 21          NaN
2012 03 09 22          NaN
2012 03 09 23          NaN
2012 03 10 00          NaN
2012 03 10 01          NaN
2012 03 10 02          NaN
2012 03 10 03          NaN
2012 03 10 04          NaN
2012 03 10 05          NaN
2012 03 10 06          NaN
2012 03 10 07          NaN
2012 03 10 08          NaN
2012 03 10 09          NaN
2012 03 10 10          NaN
2012 03 10 11          NaN
2012 03 10 12          NaN
2012 03 10 13          NaN
2012 03 10 14          NaN
2012 03 10 15          NaN
2012 03 10 16          NaN
2012 03 10 17          NaN
2012 03 10 18          NaN
2012 03 10 19          NaN
2012 03 10 20          NaN
2012 03 10 21          NaN
2012 03 10 22          NaN
2012 03 10 23          NaN
2012 03 11 00          NaN
2012 03 11 01          NaN
2012 03 11 02          NaN
2012 03 11 03          NaN
2012 03 11 04          NaN
2012 03 11 05          NaN
2012 03 11 06          NaN
2012 03 11 07          NaN
2012 03 11 08          NaN
2012 03 11 09          NaN
2012 03 11 10          NaN
2012 03 11 11          NaN
2012 03 11 12          NaN
2012 03 11 13          NaN
2012 03 11 14          NaN
2012 03 11 15          NaN
2012 03 11 16          NaN
2012 03 11 17          NaN
2012 03 11 18          NaN
2012 03 11 19          NaN
2012 03 11 20          NaN
2012 03 11 21          NaN
2012 03 11 22          NaN
2012 03 11 23          NaN
2012 03 12 00          NaN
2012 03 12 01          NaN
2012 03 12 02          NaN
2012 03 12 03          NaN
2012 03 12 04          NaN
2012 03 12 05          NaN
2012 03 12 06          NaN
2012 03 12 07          NaN
2012 03 12 08          NaN
2012 03 12 09          NaN
2012 03 12 10          NaN
2012 03 12 11          NaN
2012 03 12 12          NaN
2012 03 12 13          NaN
2012 03 12 14          NaN
2012 03 12 15          NaN
2012 03 12 16          NaN
2012 03 12 17          NaN
2012 03 12 18          NaN
2012 03 12 19          NaN
2012 03 12 20          NaN
2012 03 12 21          NaN
2012 03 12 22          NaN
2012 03 12 23          NaN
2012 03 13 00          NaN
2012 03 13 01          NaN
2012 03 13 02          NaN
2012 03 13 03          NaN
2012 03 13 04          NaN
2012 03 13 05          NaN
2012 03 13 06          NaN
2012 03 13 07          NaN
2012 03 13 08          NaN
2012 03 13 09          NaN
2012 03 13 10          NaN
2012 03 13 11          NaN
2012 03 13 12          NaN
2012 03 13 13          NaN
2012 03 13 14          NaN
2012 03 13 15          NaN
2012 03 13 16          NaN
2012 03 13 17          NaN
2012 03 13 18          NaN
2012 03 13 19          NaN
2012 03 13 20          NaN
2012 03 13 21          NaN
2012 03 13 22          NaN
2012 03 13 23          NaN
2012 03 14 00          NaN
2012 03 14 01          NaN
2012 03 14 02          NaN
2012 03 14 03          NaN
2012 03 14 04          NaN
2012 03 14 05          NaN
2012 03 14 06          NaN
2012 03 14 07          NaN
2012 03 14 08          NaN
2012 03 14 09          NaN
2012 03 14 10          NaN
2012 03 14 11          NaN
2012 03 14 12          NaN
2012 03 14 13          NaN
2012 03 14 14          NaN
2012 03 14 15          NaN
2012 03 14 16          NaN
2012 03 14 17          NaN
2012 03 14 18          NaN
2012 03 14 19          NaN
2012 03 14 20          NaN
2012 03 14 21          NaN
2012 03 14 22          NaN
2012 03 14 23          NaN
2012 03 15 00          NaN
2012 03 15 01          NaN
2012 03 15 02          NaN
2012 03 15 03          NaN
2012 03 15 04          NaN
2012 03 15 05          NaN
2012 03 15 06          NaN
2012 03 15 07          NaN
2012 03 15 08          NaN
2012 03 15 09          NaN
2012 03 15 10          NaN
2012 03 15 11          NaN
2012 03 15 12          NaN
2012 03 15 13          NaN
2012 03 15 14          NaN
2012 03 15 15      4.32575
2012 03 15 16     -3.94551
2012 03 15 17     -3.68267
2012 03 15 18     -3.66974
2012 03 15 19     -1.38685
2012 03 15 20     -8.04935
2012 03 15 21     -31.6117
2012 03 15 22     -2.10765
2012 03 15 23    -0.228420
2012 03 16 00    -0.228466
2012 03 16 01          NaN
2012 03 16 02          NaN
2012 03 16 03          NaN
2012 03 16 04          NaN
2012 03 16 05          NaN
2012 03 16 06          NaN
2012 03 16 07          NaN
2012 03 16 08          NaN
2012 03 16 09          NaN
2012 03 16 10          NaN
2012 03 16 11          NaN
2012 03 16 12          NaN
2012 03 16 13          NaN
2012 03 16 14      3.22768
2012 03 16 15   -0.0574808
2012 03 16 16     -1.55048
2012 03 16 17    -0.547929
2012 03 16 18    0.0512068
2012 03 16 19   -0.0207840
2012 03 16 20    0.0992336
2012 03 16 21    0.0396414
2012 03 16 22    0.0876456
2012 03 16 23    -0.132118
2012 03 17 00    -0.112780
2012 03 17 01          NaN
2012 03 17 02          NaN
2012 03 17 03          NaN
2012 03 17 04          NaN
2012 03 17 05          NaN
2012 03 17 06          NaN
2012 03 17 07          NaN
2012 03 17 08          NaN
2012 03 17 09          NaN
2012 03 17 10          NaN
2012 03 17 11          NaN
2012 03 17 12          NaN
2012 03 17 13          NaN
2012 03 17 14          NaN
2012 03 17 15          NaN
2012 03 17 16          NaN
2012 03 17 17          NaN
2012 03 17 18          NaN
2012 03 17 19          NaN
2012 03 17 20          NaN
2012 03 17 21          NaN
2012 03 17 22          NaN
2012 03 17 23          NaN
2012 03 18 00          NaN
2012 03 18 01          NaN
2012 03 18 02          NaN
2012 03 18 03          NaN
2012 03 18 04          NaN
2012 03 18 05          NaN
2012 03 18 06          NaN
2012 03 18 07          NaN
2012 03 18 08          NaN
2012 03 18 09          NaN
2012 03 18 10          NaN
2012 03 18 11          NaN
2012 03 18 12          NaN
2012 03 18 13          NaN
2012 03 18 14          NaN
2012 03 18 15          NaN
2012 03 18 16          NaN
2012 03 18 17          NaN
2012 03 18 18          NaN
2012 03 18 19          NaN
2012 03 18 20          NaN
2012 03 18 21          NaN
2012 03 18 22          NaN
2012 03 18 23          NaN
2012 03 19 00          NaN
2012 03 19 01          NaN
2012 03 19 02          NaN
2012 03 19 03          NaN
2012 03 19 04          NaN
2012 03 19 05          NaN
2012 03 19 06          NaN
2012 03 19 07          NaN
2012 03 19 08          NaN
2012 03 19 09          NaN
2012 03 19 10          NaN
2012 03 19 11          NaN
2012 03 19 12          NaN
2012 03 19 13          NaN
2012 03 19 14          NaN
2012 03 19 15          NaN
2012 03 19 16          NaN
2012 03 19 17          NaN
2012 03 19 18          NaN
2012 03 19 19          NaN
2012 03 19 20          NaN
2012 03 19 21          NaN
2012 03 19 22          NaN
2012 03 19 23          NaN
2012 03 20 00          NaN
2012 03 20 01          NaN
2012 03 20 02          NaN
2012 03 20 03          NaN
2012 03 20 04          NaN
2012 03 20 05          NaN
2012 03 20 06          NaN
2012 03 20 07          NaN
2012 03 20 08          NaN
2012 03 20 09          NaN
2012 03 20 10          NaN
2012 03 20 11          NaN
2012 03 20 12          NaN
2012 03 20 13          NaN
2012 03 20 14          NaN
2012 03 20 15          NaN
2012 03 20 16          NaN
2012 03 20 17          NaN
2012 03 20 18          NaN
2012 03 20 19          NaN
2012 03 20 20          NaN
2012 03 20 21          NaN
2012 03 20 22          NaN
2012 03 20 23          NaN
2012 03 21 00          NaN
2012 03 21 01          NaN
2012 03 21 02          NaN
2012 03 21 03          NaN
2012 03 21 04          NaN
2012 03 21 05          NaN
2012 03 21 06          NaN
2012 03 21 07          NaN
2012 03 21 08          NaN
2012 03 21 09          NaN
2012 03 21 10          NaN
2012 03 21 11          NaN
2012 03 21 12      14.0114
2012 03 21 13      2.61505
2012 03 21 14     0.170851
2012 03 21 15      2.93006
2012 03 21 16      1.86438
2012 03 21 17      2.44112
2012 03 21 18      1.99708
2012 03 21 19     0.844290
2012 03 21 20      1.11161
2012 03 21 21    -0.150764
2012 03 21 22    0.0686258
2012 03 21 23   -0.0899953
2012 03 22 00   0.00352383
2012 03 22 01          NaN
2012 03 22 02          NaN
2012 03 22 03          NaN
2012 03 22 04          NaN
2012 03 22 05          NaN
2012 03 22 06          NaN
2012 03 22 07          NaN
2012 03 22 08          NaN
2012 03 22 09          NaN
2012 03 22 10          NaN
2012 03 22 11          NaN
2012 03 22 12          NaN
2012 03 22 13          NaN
2012 03 22 14          NaN
2012 03 22 15          NaN
2012 03 22 16          NaN
2012 03 22 17          NaN
2012 03 22 18          NaN
2012 03 22 19          NaN
2012 03 22 20          NaN
2012 03 22 21          NaN
2012 03 22 22          NaN
2012 03 22 23          NaN
2012 03 23 00          NaN
2012 03 23 01          NaN
2012 03 23 02          NaN
2012 03 23 03          NaN
2012 03 23 04          NaN
2012 03 23 05          NaN
2012 03 23 06          NaN
2012 03 23 07          NaN
2012 03 23 08          NaN
2012 03 23 09          NaN
2012 03 23 10          NaN
2012 03 23 11          NaN
2012 03 23 12          NaN
2012 03 23 13          NaN
2012 03 23 14          NaN
2012 03 23 15          NaN
2012 03 23 16          NaN
2012 03 23 17          NaN
2012 03 23 18          NaN
2012 03 23 19          NaN
2012 03 23 20          NaN
2012 03 23 21          NaN
2012 03 23 22          NaN
2012 03 23 23          NaN
2012 03 24 00          NaN
2012 03 24 01          NaN
2012 03 24 02          NaN
2012 03 24 03          NaN
2012 03 24 04          NaN
2012 03 24 05          NaN
2012 03 24 06          NaN
2012 03 24 07          NaN
2012 03 24 08          NaN
2012 03 24 09          NaN
2012 03 24 10          NaN
2012 03 24 11          NaN
2012 03 24 12          NaN
2012 03 24 13          NaN
2012 03 24 14          NaN
2012 03 24 15          NaN
2012 03 24 16          NaN
2012 03 24 17          NaN
2012 03 24 18          NaN
2012 03 24 19          NaN
2012 03 24 20          NaN
2012 03 24 21          NaN
2012 03 24 22          NaN
2012 03 24 23          NaN
2012 03 25 00          NaN
2012 03 25 01          NaN
2012 03 25 02          NaN
2012 03 25 03          NaN
2012 03 25 04          NaN
2012 03 25 05          NaN
2012 03 25 06          NaN
2012 03 25 07          NaN
2012 03 25 08          NaN
2012 03 25 09          NaN
2012 03 25 10          NaN
2012 03 25 11          NaN
2012 03 25 12          NaN
2012 03 25 13          NaN
2012 03 25 14          NaN
2012 03 25 15          NaN
2012 03 25 16          NaN
2012 03 25 17          NaN
2012 03 25 18          NaN
2012 03 25 19          NaN
2012 03 25 20          NaN
2012 03 25 21          NaN
2012 03 25 22          NaN
2012 03 25 23          NaN
2012 03 26 00          NaN
2012 03 26 01          NaN
2012 03 26 02          NaN
2012 03 26 03          NaN
2012 03 26 04          NaN
2012 03 26 05          NaN
2012 03 26 06          NaN
2012 03 26 07          NaN
2012 03 26 08          NaN
2012 03 26 09          NaN
2012 03 26 10          NaN
2012 03 26 11          NaN
2012 03 26 12          NaN
2012 03 26 13          NaN
2012 03 26 14          NaN
2012 03 26 15          NaN
2012 03 26 16          NaN
2012 03 26 17          NaN
2012 03 26 18          NaN
2012 03 26 19          NaN
2012 03 26 20          NaN
2012 03 26 21          NaN
2012 03 26 22          NaN
2012 03 26 23          NaN
2012 03 27 00          NaN
2012 03 27 01     -2.74410
2012 03 27 02     -1.52478
2012 03 27 03     -1.13914
2012 03 27 04    -0.415722
2012 03 27 05    -0.389751
2012 03 27 06    -0.548025
2012 03 27 07    -0.618278
2012 03 27 08    -0.404411
2012 03 27 09     0.503059
2012 03 27 10     0.360280
2012 03 27 11     0.944973
2012 03 27 12      1.31113
2012 03 27 13      2.60054
2012 03 27 14      1.46632
2012 03 27 15      1.12712
2012 03 27 16     0.768716
2012 03 27 17      1.57468
2012 03 27 18     0.191076
2012 03 27 19    -0.197950
2012 03 27 20    -0.328201
2012 03 27 21   -0.0379509
2012 03 27 22    0.0798964
2012 03 27 23    0.0135375
2012 03 28 00   -0.0282290
2012 03 28 01   0.00894688
2012 03 28 02 -0.000975918
2012 03 28 03  -0.00340143
2012 03 28 04   -0.0151386
2012 03 28 05   -0.0155021
2012 03 28 06   -0.0371540
2012 03 28 07    -0.135984
2012 03 28 08   -0.0930887
2012 03 28 09      1.24101
2012 03 28 10     0.864061
2012 03 28 11     0.584697
2012 03 28 12      1.18303
2012 03 28 13      1.13405
2012 03 28 14      1.64007
2012 03 28 15      1.13859
2012 03 28 16     0.613525
2012 03 28 17    -0.422936
2012 03 28 18    -0.106354
2012 03 28 19          NaN
2012 03 28 20     -1.55863
2012 03 28 21    -0.621116
2012 03 28 22     -3.95622
2012 03 28 23     -3.14649
2012 03 29 00     -3.25577
2012 03 29 01     -1.62407
2012 03 29 02    -0.458654
2012 03 29 03     -1.14032
2012 03 29 04     -2.35238
2012 03 29 05     -2.57485
2012 03 29 06     0.510628
2012 03 29 07      1.26535
2012 03 29 08     0.827830
2012 03 29 09      6.43261
2012 03 29 10      12.9958
2012 03 29 11      5.28630
2012 03 29 12      13.2730
2012 03 29 13      25.9809
2012 03 29 14      71.9224
2012 03 29 15          NaN
2012 03 29 16          NaN
2012 03 29 17      78.8765
2012 03 29 18      18.0079
2012 03 29 19      14.4331
2012 03 29 20      15.5000
2012 03 29 21      8.93215
2012 03 29 22      3.76919
2012 03 29 23      1.60910
2012 03 30 00     0.838818
2012 03 30 01    -0.137657
2012 03 30 02     0.557457
2012 03 30 03     0.187563
2012 03 30 04     0.796704
2012 03 30 05    -0.151573
2012 03 30 06     0.826492
2012 03 30 07   -0.0933703
2012 03 30 08     0.520694
2012 03 30 09     0.209599
2012 03 30 10      1.21793
2012 03 30 11     0.593167
2012 03 30 12      1.14833
2012 03 30 13      1.61150
2012 03 30 14      1.48165
2012 03 30 15     0.699246
2012 03 30 16     0.878578
2012 03 30 17     0.695606
2012 03 30 18     -1.03366
2012 03 30 19      1.01859
2012 03 30 20   -0.0345757
2012 03 30 21  -0.00248417
2012 03 30 22   -0.0529559
2012 03 30 23    -0.106394
2012 03 31 00   -0.0673013
2012 03 31 01          NaN
2012 03 31 02          NaN
2012 03 31 03          NaN
2012 03 31 04          NaN
2012 03 31 05          NaN
2012 03 31 06          NaN
2012 03 31 07          NaN
2012 03 31 08          NaN
2012 03 31 09          NaN
2012 03 31 10          NaN
2012 03 31 11          NaN
2012 03 31 12          NaN
2012 03 31 13          NaN
2012 03 31 14          NaN
2012 03 31 15          NaN
2012 03 31 16          NaN
2012 03 31 17          NaN
2012 03 31 18          NaN
2012 03 31 19          NaN
2012 03 31 20          NaN
2012 03 31 21          NaN
2012 03 31 22          NaN
2012 03 31 23          NaN
2012 04 01 00          NaN
2012 04 01 01          NaN
2012 04 01 02          NaN
2012 04 01 03          NaN
2012 04 01 04          NaN
2012 04 01 05          NaN
2012 04 01 06          NaN
2012 04 01 07          NaN
2012 04 01 08          NaN
2012 04 01 09          NaN
2012 04 01 10          NaN
2012 04 01 11          NaN
2012 04 01 12          NaN
2012 04 01 13          NaN
2012 04 01 14          NaN
2012 04 01 15          NaN
2012 04 01 16          NaN
2012 04 01 17          NaN
2012 04 01 18          NaN
2012 04 01 19          NaN
2012 04 01 20          NaN
2012 04 01 21          NaN
2012 04 01 22          NaN
2012 04 01 23          NaN
2012 04 02 00          NaN
2012 04 02 01    -0.336498
2012 04 02 02   -0.0215502
2012 04 02 03   -0.0325225
2012 04 02 04   -0.0716503
2012 04 02 05   -0.0279154
2012 04 02 06  -0.00548685
2012 04 02 07   0.00595303
2012 04 02 08    0.0163262
2012 04 02 09  0.000464939
2012 04 02 10     0.387770
2012 04 02 11     0.383644
2012 04 02 12     0.250939
2012 04 02 13     0.490132
2012 04 02 14     0.590934
2012 04 02 15      2.33807
2012 04 02 16      7.84343
2012 04 02 17      5.73490
2012 04 02 18    -0.516038
2012 04 02 19    -0.262788
2012 04 02 20   -0.0428160
2012 04 02 21   -0.0423911
2012 04 02 22   -0.0908426
2012 04 02 23    -0.178222
2012 04 03 00    -0.189010
2012 04 03 01    -0.270086
2012 04 03 02    -0.392740
2012 04 03 03    -0.703408
2012 04 03 04    -0.293180
2012 04 03 05    -0.628110
2012 04 03 06    -0.310720
2012 04 03 07    -0.456719
2012 04 03 08     0.203586
2012 04 03 09     0.614292
2012 04 03 10     0.964093
2012 04 03 11     0.611063
2012 04 03 12     0.561334
2012 04 03 13     0.805340
2012 04 03 14     0.365651
2012 04 03 15     0.527673
2012 04 03 16     0.769857
2012 04 03 17   -0.0352774
2012 04 03 18    0.0577063
2012 04 03 19    0.0359787
2012 04 03 20    0.0572981
2012 04 03 21    0.0579879
2012 04 03 22    0.0126154
2012 04 03 23   0.00281285
2012 04 04 00   -0.0878870
2012 04 04 01    -0.346314
2012 04 04 02    -0.166681
2012 04 04 03    -0.778189
2012 04 04 04     0.185993
2012 04 04 05    -0.482358
2012 04 04 06    -0.234969
2012 04 04 07    -0.821528
2012 04 04 08     0.230223
2012 04 04 09     0.915986
2012 04 04 10      1.69397
2012 04 04 11      1.80351
2012 04 04 12     0.793092
2012 04 04 13      1.10150
2012 04 04 14     0.648835
2012 04 04 15     0.649716
2012 04 04 16     0.505458
2012 04 04 17      1.39812
2012 04 04 18      1.75973
2012 04 04 19     0.419664
2012 04 04 20      1.01281
2012 04 04 21     0.123175
2012 04 04 22     0.351666
2012 04 04 23     0.100148
2012 04 05 00    -0.162937
2012 04 05 01          NaN
2012 04 05 02          NaN
2012 04 05 03          NaN
2012 04 05 04          NaN
2012 04 05 05          NaN
2012 04 05 06          NaN
2012 04 05 07          NaN
2012 04 05 08          NaN
2012 04 05 09          NaN
2012 04 05 10          NaN
2012 04 05 11          NaN
2012 04 05 12          NaN
2012 04 05 13    -0.592882
2012 04 05 14   -0.0606295
2012 04 05 15     0.917144
2012 04 05 16      4.79043
2012 04 05 17      4.52266
2012 04 05 18      3.63337
2012 04 05 19      2.24967
2012 04 05 20      1.45328
2012 04 05 21     0.361648
2012 04 05 22     0.260125
2012 04 05 23    -0.130099
2012 04 06 00   -0.0169209
2012 04 06 01          NaN
2012 04 06 02          NaN
2012 04 06 03          NaN
2012 04 06 04          NaN
2012 04 06 05          NaN
2012 04 06 06          NaN
2012 04 06 07          NaN
2012 04 06 08          NaN
2012 04 06 09          NaN
2012 04 06 10          NaN
2012 04 06 11          NaN
2012 04 06 12          NaN
2012 04 06 13          NaN
2012 04 06 14          NaN
2012 04 06 15          NaN
2012 04 06 16          NaN
2012 04 06 17          NaN
2012 04 06 18          NaN
2012 04 06 19          NaN
2012 04 06 20          NaN
2012 04 06 21          NaN
2012 04 06 22          NaN
2012 04 06 23          NaN
2012 04 07 00          NaN
2012 04 07 01    -0.568217
2012 04 07 02   -0.0547846
2012 04 07 03    0.0969568
2012 04 07 04   -0.0652235
2012 04 07 05   -0.0167486
2012 04 07 06    -0.401929
2012 04 07 07    -0.163026
2012 04 07 08    0.0900805
2012 04 07 09     0.559757
2012 04 07 10      3.83906
2012 04 07 11      2.21182
2012 04 07 12    -0.740968
2012 04 07 13     0.681357
2012 04 07 14      2.31517
2012 04 07 15      3.24111
2012 04 07 16      22.5308
2012 04 07 17      6.94539
2012 04 07 18     0.387879
2012 04 07 19      1.28061
2012 04 07 20     0.865948
2012 04 07 21      6.09445
2012 04 07 22      7.93073
2012 04 07 23      20.3368
2012 04 08 00      15.0170
2012 04 08 01      5.76373
2012 04 08 02      2.22958
2012 04 08 03      1.18328
2012 04 08 04      1.03985
2012 04 08 05     0.778189
2012 04 08 06     0.122666
2012 04 08 07     0.505645
2012 04 08 08      1.75343
2012 04 08 09      2.59159
2012 04 08 10          NaN
2012 04 08 11          NaN
2012 04 08 12          NaN
2012 04 08 13          NaN
2012 04 08 14          NaN
2012 04 08 15     -5.67566
2012 04 08 16     -4.12866
2012 04 08 17      10.1090
2012 04 08 18      4.93566
2012 04 08 19     0.544119
2012 04 08 20     0.339668
2012 04 08 21     0.227985
2012 04 08 22     0.164540
2012 04 08 23    0.0388074
2012 04 09 00    0.0716410
2012 04 09 01    0.0851601
2012 04 09 02     0.161942
2012 04 09 03     0.304930
2012 04 09 04     0.748932
2012 04 09 05      1.16827
2012 04 09 06      1.79904
2012 04 09 07      3.22842
2012 04 09 08      3.99826
2012 04 09 09      2.61513
2012 04 09 10    -0.241634
2012 04 09 11     0.345415
2012 04 09 12      10.1743
2012 04 09 13      11.6732
2012 04 09 14     -12.7328
2012 04 09 15     -3.47628
2012 04 09 16    -0.163308
2012 04 09 17      12.8282
2012 04 09 18      15.0929
2012 04 09 19     0.857893
2012 04 09 20     -9.16657
2012 04 09 21     -3.55389
2012 04 09 22     -1.02038
2012 04 09 23     0.128600
2012 04 10 00     0.386377
2012 04 10 01      7.22246
2012 04 10 02      8.34645
2012 04 10 03      4.06954
2012 04 10 04      3.22219
2012 04 10 05      2.11090
2012 04 10 06     0.669119
2012 04 10 07      1.67984
2012 04 10 08      7.46852
2012 04 10 09      7.64047
2012 04 10 10     0.691092
2012 04 10 11     -1.42614
2012 04 10 12     0.201685
2012 04 10 13      1.45171
2012 04 10 14      2.97484
2012 04 10 15      4.42449
2012 04 10 16      14.9350
2012 04 10 17      28.2897
2012 04 10 18      12.9372
2012 04 10 19      6.81885
2012 04 10 20    0.0797127
2012 04 10 21     0.170355
2012 04 10 22     0.316106
2012 04 10 23          NaN
2012 04 11 00      5.21349
2012 04 11 01      4.44334
2012 04 11 02     0.601663
2012 04 11 03   0.00219446
2012 04 11 04    0.0830411
2012 04 11 05     0.135015
2012 04 11 06    -0.256046
2012 04 11 07    -0.413181
2012 04 11 08     0.421007
2012 04 11 09      1.33606
2012 04 11 10      1.21537
2012 04 11 11     0.611153
2012 04 11 12     0.980561
2012 04 11 13      2.19321
2012 04 11 14      1.60384
2012 04 11 15      4.89536
2012 04 11 16      3.69592
2012 04 11 17      2.50729
2012 04 11 18      4.38201
2012 04 11 19      4.11740
2012 04 11 20      3.40441
2012 04 11 21      5.37778
2012 04 11 22      9.39429
2012 04 11 23      4.60575
2012 04 12 00      8.14535
2012 04 12 01      5.03201
2012 04 12 02      4.74132
2012 04 12 03      3.31124
2012 04 12 04      2.58614
2012 04 12 05      2.55070
2012 04 12 06      1.16300
2012 04 12 07      1.12091
2012 04 12 08      2.74142
2012 04 12 09      2.87928
2012 04 12 10      2.41505
2012 04 12 11      1.61565
2012 04 12 12      1.16655
2012 04 12 13     0.808487
2012 04 12 14     0.531532
2012 04 12 15     0.483543
2012 04 12 16     0.166503
2012 04 12 17     0.613827
2012 04 12 18   -0.0468092
2012 04 12 19  -0.00269137
2012 04 12 20   0.00125076
2012 04 12 21   0.00525183
2012 04 12 22    0.0694897
2012 04 12 23     0.983735
2012 04 13 00      2.70272
2012 04 13 01      1.76156
2012 04 13 02     0.658407
2012 04 13 03     0.384504
2012 04 13 04     0.149926
2012 04 13 05     0.203763
2012 04 13 06     0.439888
2012 04 13 07     0.999277
2012 04 13 08      1.05058
2012 04 13 09     0.640001
2012 04 13 10     0.744875
2012 04 13 11      1.33444
2012 04 13 12      1.68299
2012 04 13 13      2.84645
2012 04 13 14      3.04664
2012 04 13 15      3.27996
2012 04 13 16      1.81678
2012 04 13 17     0.692890
2012 04 13 18     0.778412
2012 04 13 19    0.0428618
2012 04 13 20  2.53884e-05
2012 04 13 21     0.574567
2012 04 13 22      1.46973
2012 04 13 23     0.599392
2012 04 14 00     0.402936
2012 04 14 01      1.01391
2012 04 14 02     0.285808
2012 04 14 03     0.398928
2012 04 14 04     0.413724
2012 04 14 05     0.344310
2012 04 14 06     0.155162
2012 04 14 07    0.0238266
2012 04 14 08     0.407328
2012 04 14 09     0.396824
2012 04 14 10    0.0521267
2012 04 14 11    0.0684540
2012 04 14 12     0.253283
2012 04 14 13     0.426242
2012 04 14 14     0.428452
2012 04 14 15      1.09210
2012 04 14 16      1.05757
2012 04 14 17    -0.120628
2012 04 14 18    -0.675189
2012 04 14 19      1.62612
2012 04 14 20      3.91151
2012 04 14 21      2.77169
2012 04 14 22      1.32365
2012 04 14 23      5.74593
2012 04 15 00      11.8604
2012 04 15 01      7.24656
2012 04 15 02      6.24614
2012 04 15 03      3.40072
2012 04 15 04     0.508245
2012 04 15 05     0.648611
2012 04 15 06     0.479892
2012 04 15 07     0.886912
2012 04 15 08     0.918146
2012 04 15 09     0.367618
2012 04 15 10     0.747651
2012 04 15 11     0.418472
2012 04 15 12     0.192703
2012 04 15 13     0.366686
2012 04 15 14     0.117482
2012 04 15 15     0.175030
2012 04 15 16     0.154059
2012 04 15 17    -0.293211
2012 04 15 18    -0.207439
2012 04 15 19   -0.0421586
2012 04 15 20   -0.0828805
2012 04 15 21    -0.129798
2012 04 15 22     0.224742
2012 04 15 23    0.0784533
2012 04 16 00    0.0185286
2012 04 16 01    0.0226371
2012 04 16 02   0.00735560
2012 04 16 03  0.000548295
2012 04 16 04  -0.00557831
2012 04 16 05    0.0149037
2012 04 16 06   0.00947673
2012 04 16 07    0.0228596
2012 04 16 08     0.191750
2012 04 16 09     0.447019
2012 04 16 10     0.142923
2012 04 16 11     0.231328
2012 04 16 12     0.442304
2012 04 16 13     0.391016
2012 04 16 14     0.570948
2012 04 16 15          NaN
2012 04 16 16    0.0299685
2012 04 16 17    0.0318756
2012 04 16 18    0.0919060
2012 04 16 19    0.0202037
2012 04 16 20     0.167271
2012 04 16 21     -1.22839
2012 04 16 22    -0.333462
2012 04 16 23     0.478240
2012 04 17 00    -0.247372
2012 04 17 01     -1.91515
2012 04 17 02    -0.684956
2012 04 17 03     -1.44771
2012 04 17 04    0.0999918
2012 04 17 05    0.0471717
2012 04 17 06    0.0563195
2012 04 17 07     0.859652
2012 04 17 08      2.38850
2012 04 17 09      1.46558
2012 04 17 10      1.21838
2012 04 17 11      1.14845
2012 04 17 12      1.36503
2012 04 17 13      1.09439
2012 04 17 14     0.545510
2012 04 17 15     0.944399
2012 04 17 16     0.798667
2012 04 17 17     0.459174
2012 04 17 18     0.106986
2012 04 17 19   0.00211650
2012 04 17 20     0.181646
2012 04 17 21      1.38903
2012 04 17 22      3.17013
2012 04 17 23      14.3419
2012 04 18 00      11.0978
2012 04 18 01      6.57240
2012 04 18 02      5.22481
2012 04 18 03      4.03621
2012 04 18 04      4.16547
2012 04 18 05      3.94205
2012 04 18 06      5.04086
2012 04 18 07      3.88557
2012 04 18 08      5.44199
2012 04 18 09      10.1978
2012 04 18 10      2.75465
2012 04 18 11     -4.12372
2012 04 18 12   -0.0173173
2012 04 18 13     0.272912
2012 04 18 14    -0.383032
2012 04 18 15     0.398650
2012 04 18 16      19.5256
2012 04 18 17      12.6013
2012 04 18 18     -7.67071
2012 04 18 19     -2.88319
2012 04 18 20     0.964011
2012 04 18 21      1.00825
2012 04 18 22      2.22253
2012 04 18 23      9.24262
2012 04 19 00      16.2544
2012 04 19 01      6.77801
2012 04 19 02      3.10636
2012 04 19 03      2.75290
2012 04 19 04      2.74056
2012 04 19 05      2.23141
2012 04 19 06      2.55706
2012 04 19 07      5.36345
2012 04 19 08      3.88623
2012 04 19 09      4.50166
2012 04 19 10      3.18289
2012 04 19 11      10.3687
2012 04 19 12      14.8761
2012 04 19 13     -9.71257
2012 04 19 14      4.80069
2012 04 19 15      6.85584
2012 04 19 16      23.0273
2012 04 19 17      13.2317
2012 04 19 18    -0.502326
2012 04 19 19      2.99897
2012 04 19 20      2.96957
2012 04 19 21      10.4920
2012 04 19 22      15.7259
2012 04 19 23      10.7993
2012 04 20 00      9.89398
2012 04 20 01      6.88263
2012 04 20 02      1.65208
2012 04 20 03      2.88780
2012 04 20 04      1.81411
2012 04 20 05      1.75850
2012 04 20 06      1.29472
2012 04 20 07      1.64882
2012 04 20 08    -0.321759
2012 04 20 09          NaN
2012 04 20 10     0.815788
2012 04 20 11      2.51115
2012 04 20 12    0.0304415
2012 04 20 13     0.249985
2012 04 20 14     0.697484
2012 04 20 15     0.906561
2012 04 20 16      1.79730
2012 04 20 17      3.64005
2012 04 20 18      10.3521
2012 04 20 19      6.68814
2012 04 20 20      1.46191
2012 04 20 21     0.878331
2012 04 20 22      2.05005
2012 04 20 23      9.90623
2012 04 21 00      2.77955
2012 04 21 01      2.12706
2012 04 21 02     0.808040
2012 04 21 03     0.644668
2012 04 21 04      1.01184
2012 04 21 05      1.01307
2012 04 21 06      1.01288
2012 04 21 07      1.32630
2012 04 21 08      1.80695
2012 04 21 09      1.98446
2012 04 21 10      2.32881
2012 04 21 11      2.01070
2012 04 21 12     0.253464
2012 04 21 13      1.06425
2012 04 21 14     0.923720
2012 04 21 15      1.39739
2012 04 21 16      1.23496
2012 04 21 17      1.03409
2012 04 21 18      1.43766
2012 04 21 19      1.04425
2012 04 21 20      1.07090
2012 04 21 21      1.12496
2012 04 21 22      1.67724
2012 04 21 23      1.98019
2012 04 22 00      6.17346
2012 04 22 01      1.18028
2012 04 22 02     0.167332
2012 04 22 03     0.122421
2012 04 22 04    0.0748643
2012 04 22 05  0.000884966
2012 04 22 06   -0.0478616
2012 04 22 07 -4.08233e-05
2012 04 22 08   0.00259424
2012 04 22 09     0.351805
2012 04 22 10     0.153309
2012 04 22 11     0.355658
2012 04 22 12    0.0190040
2012 04 22 13     0.116136
2012 04 22 14   0.00678197
2012 04 22 15   0.00735241
2012 04 22 16  0.000742943
2012 04 22 17     0.213465
2012 04 22 18     0.335279
2012 04 22 19     0.197636
2012 04 22 20     0.441011
2012 04 22 21      1.24886
2012 04 22 22     0.785855
2012 04 22 23     0.965228
2012 04 23 00     0.751769
2012 04 23 01      1.83873
2012 04 23 02     0.999767
2012 04 23 03      1.42848
2012 04 23 04      1.76684
2012 04 23 05      2.74744
2012 04 23 06      3.19151
2012 04 23 07      3.12656
2012 04 23 08      4.98789
2012 04 23 09      10.8710
2012 04 23 10      11.3544
2012 04 23 11     0.130262
2012 04 23 12      1.54901
2012 04 23 13      5.96187
2012 04 23 14      13.6896
2012 04 23 15      25.4223
2012 04 23 16      14.6345
2012 04 23 17      12.1025
2012 04 23 18      11.2121
2012 04 23 19     -4.81716
2012 04 23 20      12.4521
2012 04 23 21      12.9645
2012 04 23 22      6.41031
2012 04 23 23      4.51848
2012 04 24 00      2.61704
2012 04 24 01     0.574187
2012 04 24 02     0.491345
2012 04 24 03     0.224637
2012 04 24 04     0.281226
2012 04 24 05     0.253464
2012 04 24 06     0.649790
2012 04 24 07      1.61409
2012 04 24 08      14.6401
2012 04 24 09          NaN
2012 04 24 10          NaN
2012 04 24 11          NaN
2012 04 24 12          NaN
2012 04 24 13          NaN
2012 04 24 14          NaN
2012 04 24 15          NaN
2012 04 24 16          NaN
2012 04 24 17          NaN
2012 04 24 18          NaN
2012 04 24 19          NaN
2012 04 24 20          NaN
2012 04 24 21          NaN
2012 04 24 22          NaN
2012 04 24 23          NaN
2012 04 25 00          NaN
2012 04 25 01          NaN
2012 04 25 02          NaN
2012 04 25 03          NaN
2012 04 25 04          NaN
2012 04 25 05          NaN
2012 04 25 06          NaN
2012 04 25 07          NaN
2012 04 25 08          NaN
2012 04 25 09          NaN
2012 04 25 10          NaN
2012 04 25 11          NaN
2012 04 25 12          NaN
2012 04 25 13          NaN
2012 04 25 14          NaN
2012 04 25 15          NaN
2012 04 25 16          NaN
2012 04 25 17          NaN
2012 04 25 18          NaN
2012 04 25 19          NaN
2012 04 25 20          NaN
2012 04 25 21          NaN
2012 04 25 22          NaN
2012 04 25 23          NaN
2012 04 26 00          NaN
2012 04 26 01          NaN
2012 04 26 02          NaN
2012 04 26 03          NaN
2012 04 26 04          NaN
2012 04 26 05          NaN
2012 04 26 06          NaN
2012 04 26 07          NaN
2012 04 26 08          NaN
2012 04 26 09          NaN
2012 04 26 10          NaN
2012 04 26 11          NaN
2012 04 26 12          NaN
2012 04 26 13          NaN
2012 04 26 14          NaN
2012 04 26 15          NaN
2012 04 26 16          NaN
2012 04 26 17          NaN
2012 04 26 18          NaN
2012 04 26 19          NaN
2012 04 26 20          NaN
2012 04 26 21          NaN
2012 04 26 22          NaN
2012 04 26 23          NaN
2012 04 27 00          NaN
2012 04 27 01          NaN
2012 04 27 02          NaN
2012 04 27 03          NaN
2012 04 27 04          NaN
2012 04 27 05          NaN
2012 04 27 06          NaN
2012 04 27 07          NaN
2012 04 27 08          NaN
2012 04 27 09          NaN
2012 04 27 10          NaN
2012 04 27 11          NaN
2012 04 27 12          NaN
2012 04 27 13          NaN
2012 04 27 14          NaN
2012 04 27 15          NaN
2012 04 27 16          NaN
2012 04 27 17      54.1372
2012 04 27 18      204.046
2012 04 27 19      247.129
2012 04 27 20      196.198
2012 04 27 21      87.3302
2012 04 27 22      62.5841
2012 04 27 23      10.5986
2012 04 28 00      13.5453
2012 04 28 01      6.40200
2012 04 28 02      4.01582
2012 04 28 03      1.87793
2012 04 28 04      1.79294
2012 04 28 05      1.56202
2012 04 28 06      1.13278
2012 04 28 07      2.20939
2012 04 28 08      1.49457
2012 04 28 09      2.55115
2012 04 28 10      2.71486
2012 04 28 11     0.146672
2012 04 28 12     0.217321
2012 04 28 13      1.78840
2012 04 28 14      1.87360
2012 04 28 15     0.636870
2012 04 28 16     0.533287
2012 04 28 17     0.379926
2012 04 28 18     0.796807
2012 04 28 19     0.801167
2012 04 28 20     0.185606
2012 04 28 21     0.163728
2012 04 28 22    0.0981677
2012 04 28 23     0.164233
2012 04 29 00     0.109123
2012 04 29 01     0.256152
2012 04 29 02    0.0281989
2012 04 29 03    0.0312376
2012 04 29 04   0.00304175
2012 04 29 05    0.0365547
2012 04 29 06     0.301199
2012 04 29 07     0.827950
2012 04 29 08     0.942186
2012 04 29 09     0.676981
2012 04 29 10    0.0896441
2012 04 29 11     0.367197
2012 04 29 12      2.87996
2012 04 29 13      2.30157
2012 04 29 14      1.26578
2012 04 29 15     -3.45060
2012 04 29 16     -10.6064
2012 04 29 17    -0.286758
2012 04 29 18      2.02109
2012 04 29 19      11.7029
2012 04 29 20      15.4504
2012 04 29 21      7.70167
2012 04 29 22      5.89285
2012 04 29 23     -4.54550
2012 04 30 00      1.22951
2012 04 30 01      8.90246
2012 04 30 02      3.50048
2012 04 30 03      2.28477
2012 04 30 04      4.05820
2012 04 30 05      4.52467
2012 04 30 06      6.54806
2012 04 30 07      6.82560
2012 04 30 08      4.83240
2012 04 30 09      10.0066
2012 04 30 10      11.3254
2012 04 30 11      4.83536
2012 04 30 12     -3.58355
2012 04 30 13     0.508445
2012 04 30 14      2.06773
2012 04 30 15      2.30026
2012 04 30 16      1.80480
2012 04 30 17      1.59027
2012 04 30 18      3.02900
2012 04 30 19     0.684182
2012 04 30 20      1.16551
2012 04 30 21      1.44535
2012 04 30 22     0.286477
2012 04 30 23    0.0234166
2012 05 01 00    0.0582036
2012 05 01 01     0.253981
2012 05 01 02   -0.0311243
2012 05 01 03  -0.00632475
2012 05 01 04   0.00722549
2012 05 01 05    0.0303142
2012 05 01 06     0.639968
2012 05 01 07     0.400668
2012 05 01 08     0.299235
2012 05 01 09    0.0715543
2012 05 01 10    0.0611926
2012 05 01 11 -0.000148681
2012 05 01 12    -0.400361
2012 05 01 13   0.00939490
2012 05 01 14    0.0359023
2012 05 01 15   0.00719462
2012 05 01 16   -0.0521234
2012 05 01 17    0.0452647
2012 05 01 18     0.339707
2012 05 01 19    0.0365411
2012 05 01 20    0.0401960
2012 05 01 21    0.0302590
2012 05 01 22     0.151208
2012 05 01 23     0.318542
2012 05 02 00    0.0627395
2012 05 02 01      1.20515
2012 05 02 02    -0.399643
2012 05 02 03   -0.0864487
2012 05 02 04    0.0799758
2012 05 02 05   0.00753746
2012 05 02 06    0.0133314
2012 05 02 07   -0.0649573
2012 05 02 08    -0.794737
2012 05 02 09   -0.0807761
2012 05 02 10     -1.06769
2012 05 02 11     0.108856
2012 05 02 12    -0.337343
2012 05 02 13    0.0908690
2012 05 02 14     0.269441
2012 05 02 15     0.233384
2012 05 02 16    0.0526583
2012 05 02 17    0.0457383
2012 05 02 18    0.0218930
2012 05 02 19    0.0538702
2012 05 02 20    0.0577611
2012 05 02 21  -0.00257994
2012 05 02 22  -0.00519258
2012 05 02 23   0.00517960
2012 05 03 00  0.000783078
2012 05 03 01    0.0128259
2012 05 03 02   0.00519222
2012 05 03 03    0.0206568
2012 05 03 04    0.0477097
2012 05 03 05   0.00705904
2012 05 03 06     0.134896
2012 05 03 07     0.129750
2012 05 03 08     0.247588
2012 05 03 09          NaN
2012 05 03 10          NaN
2012 05 03 11    -0.319048
2012 05 03 12    -0.273462
2012 05 03 13    0.0257585
2012 05 03 14    0.0601893
2012 05 03 15    -0.199201
2012 05 03 16   -0.0136424
2012 05 03 17     0.119058
2012 05 03 18    -0.490327
2012 05 03 19   -0.0155506
2012 05 03 20  0.000286006
2012 05 03 21     0.643239
2012 05 03 22     -1.74059
2012 05 03 23     -4.21158
2012 05 04 00      1.71861
2012 05 04 01     0.186973
2012 05 04 02    -0.413276
2012 05 04 03    0.0433892
2012 05 04 04    0.0178209
2012 05 04 05   -0.0179745
2012 05 04 06     0.132874
2012 05 04 07     0.458657
2012 05 04 08    0.0826844
2012 05 04 09     0.204593
2012 05 04 10     0.424309
2012 05 04 11    0.0835894
2012 05 04 12     0.295530
2012 05 04 13     0.103328
2012 05 04 14    0.0476261
2012 05 04 15   -0.0279154
2012 05 04 16    -0.103984
2012 05 04 17     0.279589
2012 05 04 18     0.187341
2012 05 04 19     0.205372
2012 05 04 20     0.386098
2012 05 04 21     0.271897
2012 05 04 22     0.168806
2012 05 04 23     0.310635
2012 05 05 00     0.263352
2012 05 05 01     0.160378
2012 05 05 02    -0.499008
2012 05 05 03    0.0838246
2012 05 05 04    0.0727080
2012 05 05 05     0.285894
2012 05 05 06      1.12402
2012 05 05 07     0.708745
2012 05 05 08     0.852122
2012 05 05 09     0.751117
2012 05 05 10      1.12955
2012 05 05 11     0.732188
2012 05 05 12      1.36858
2012 05 05 13     -1.17101
2012 05 05 14      1.48840
2012 05 05 15     0.400227
2012 05 05 16     0.340456
2012 05 05 17     0.891115
2012 05 05 18      1.08293
2012 05 05 19     0.270637
2012 05 05 20     0.118729
2012 05 05 21   0.00586554
2012 05 05 22    0.0159452
2012 05 05 23    0.0144931
2012 05 06 00    0.0743733
2012 05 06 01    0.0116119
2012 05 06 02    0.0107414
2012 05 06 03    0.0407811
2012 05 06 04    0.0367182
2012 05 06 05     0.139832
2012 05 06 06     0.765403
2012 05 06 07     0.528127
2012 05 06 08      1.07414
2012 05 06 09     0.737906
2012 05 06 10     0.840405
2012 05 06 11      1.18092
2012 05 06 12     0.789452
2012 05 06 13     0.463673
2012 05 06 14     0.856734
2012 05 06 15    0.0575676
2012 05 06 16     0.232017
2012 05 06 17     0.151732
2012 05 06 18     0.472289
2012 05 06 19   -0.0339350
2012 05 06 20 -0.000465914
2012 05 06 21  -0.00329031
2012 05 06 22   0.00773448
2012 05 06 23    0.0114428
2012 05 07 00    0.0119572
2012 05 07 01   0.00872046
2012 05 07 02  0.000386484
2012 05 07 03    0.0187016
2012 05 07 04    0.0267267
2012 05 07 05     0.123758
2012 05 07 06     0.188185
2012 05 07 07     0.308667
2012 05 07 08     0.716015
2012 05 07 09     0.601011
2012 05 07 10     0.520369
2012 05 07 11     0.382043
2012 05 07 12     0.127482
2012 05 07 13     0.110777
2012 05 07 14     0.274806
2012 05 07 15    0.0845552
2012 05 07 16     0.118983
2012 05 07 17     0.678864
2012 05 07 18     0.185621
2012 05 07 19    -0.142751
2012 05 07 20   -0.0573591
2012 05 07 21     0.222170
2012 05 07 22     0.168431
2012 05 07 23     0.249895
2012 05 08 00     0.294447
2012 05 08 01     0.145848
2012 05 08 02    0.0210279
2012 05 08 03     0.151910
2012 05 08 04    0.0342332
2012 05 08 05     0.213429
2012 05 08 06     0.662054
2012 05 08 07     0.532341
2012 05 08 08      1.02046
2012 05 08 09     0.826470
2012 05 08 10     0.677455
2012 05 08 11     0.211670
2012 05 08 12    -0.312247
2012 05 08 13    0.0294331
2012 05 08 14    0.0498363
2012 05 08 15    0.0344539
2012 05 08 16    0.0518032
2012 05 08 17     0.164586
2012 05 08 18    0.0991016
2012 05 08 19    0.0122460
2012 05 08 20    0.0207114
2012 05 08 21    0.0808239
2012 05 08 22    0.0873219
2012 05 08 23     0.181623
2012 05 09 00     0.167959
2012 05 09 01     0.261704
2012 05 09 02    0.0167765
2012 05 09 03     0.168728
2012 05 09 04     0.329382
2012 05 09 05    0.0937083
2012 05 09 06     0.285464
2012 05 09 07      1.18227
2012 05 09 08     0.738791
2012 05 09 09     0.626058
2012 05 09 10     0.313693
2012 05 09 11     0.234753
2012 05 09 12     0.286869
2012 05 09 13     0.732284
2012 05 09 14      1.22855
2012 05 09 15      1.91421
2012 05 09 16      1.63412
2012 05 09 17    -0.723134
2012 05 09 18     -9.92451
2012 05 09 19     -1.37237
2012 05 09 20    -0.222692
2012 05 09 21    0.0802365
2012 05 09 22     0.643658
2012 05 09 23     0.842214
2012 05 10 00     0.378714
2012 05 10 01     0.188647
2012 05 10 02     0.205100
2012 05 10 03     0.706001
2012 05 10 04     0.260328
2012 05 10 05     0.390416
2012 05 10 06     0.355976
2012 05 10 07     0.437044
2012 05 10 08     0.454877
2012 05 10 09     0.376487
2012 05 10 10     0.777387
2012 05 10 11     0.344929
2012 05 10 12    0.0260209
2012 05 10 13    0.0702345
2012 05 10 14    0.0400191
2012 05 10 15   0.00772613
2012 05 10 16    0.0570545
2012 05 10 17    0.0676234
2012 05 10 18     0.241711
2012 05 10 19     0.195799
2012 05 10 20     0.156416
2012 05 10 21    0.0141001
2012 05 10 22 -0.000484887
2012 05 10 23   0.00584327
2012 05 11 00    0.0438242
2012 05 11 01    0.0463546
2012 05 11 02  -0.00383543
2012 05 11 03  -0.00875252
2012 05 11 04    0.0200503
2012 05 11 05   0.00686840
2012 05 11 06     0.107527
2012 05 11 07          NaN
2012 05 11 08          NaN
2012 05 11 09          NaN
2012 05 11 10          NaN
2012 05 11 11          NaN
2012 05 11 12          NaN
2012 05 11 13          NaN
2012 05 11 14          NaN
2012 05 11 15          NaN
2012 05 11 16          NaN
2012 05 11 17          NaN
2012 05 11 18          NaN
2012 05 11 19          NaN
2012 05 11 20          NaN
2012 05 11 21          NaN
2012 05 11 22          NaN
2012 05 11 23          NaN
2012 05 12 00          NaN
2012 05 12 01          NaN
2012 05 12 02          NaN
2012 05 12 03          NaN
2012 05 12 04          NaN
2012 05 12 05          NaN
2012 05 12 06          NaN
2012 05 12 07          NaN
2012 05 12 08          NaN
2012 05 12 09          NaN
2012 05 12 10          NaN
2012 05 12 11          NaN
2012 05 12 12          NaN
2012 05 12 13          NaN
2012 05 12 14          NaN
2012 05 12 15          NaN
2012 05 12 16          NaN
2012 05 12 17          NaN
2012 05 12 18          NaN
2012 05 12 19          NaN
2012 05 12 20          NaN
2012 05 12 21          NaN
2012 05 12 22          NaN
2012 05 12 23          NaN
2012 05 13 00          NaN
2012 05 13 01          NaN
2012 05 13 02          NaN
2012 05 13 03          NaN
2012 05 13 04          NaN
2012 05 13 05          NaN
2012 05 13 06          NaN
2012 05 13 07          NaN
2012 05 13 08          NaN
2012 05 13 09          NaN
2012 05 13 10          NaN
2012 05 13 11          NaN
2012 05 13 12          NaN
2012 05 13 13          NaN
2012 05 13 14          NaN
2012 05 13 15          NaN
2012 05 13 16          NaN
2012 05 13 17          NaN
2012 05 13 18          NaN
2012 05 13 19          NaN
2012 05 13 20          NaN
2012 05 13 21          NaN
2012 05 13 22          NaN
2012 05 13 23          NaN
2012 05 14 00          NaN
2012 05 14 01          NaN
2012 05 14 02          NaN
2012 05 14 03          NaN
2012 05 14 04          NaN
2012 05 14 05          NaN
2012 05 14 06          NaN
2012 05 14 07          NaN
2012 05 14 08          NaN
2012 05 14 09          NaN
2012 05 14 10          NaN
2012 05 14 11          NaN
2012 05 14 12          NaN
2012 05 14 13          NaN
2012 05 14 14          NaN
2012 05 14 15          NaN
2012 05 14 16          NaN
2012 05 14 17          NaN
2012 05 14 18          NaN
2012 05 14 19          NaN
2012 05 14 20          NaN
2012 05 14 21          NaN
2012 05 14 22          NaN
2012 05 14 23          NaN
2012 05 15 00          NaN
2012 05 15 01          NaN
2012 05 15 02          NaN
2012 05 15 03          NaN
2012 05 15 04          NaN
2012 05 15 05          NaN
2012 05 15 06          NaN
2012 05 15 07          NaN
2012 05 15 08          NaN
2012 05 15 09          NaN
2012 05 15 10          NaN
2012 05 15 11     -18.0057
2012 05 15 12     -12.8044
2012 05 15 13    -0.736339
2012 05 15 14     0.308974
2012 05 15 15     0.229829
2012 05 15 16     0.121225
2012 05 15 17     0.120758
2012 05 15 18     0.535829
2012 05 15 19      1.45809
2012 05 15 20     0.214821
2012 05 15 21    -0.172699
2012 05 15 22     0.115266
2012 05 15 23  -0.00518021
2012 05 16 00     0.213760
2012 05 16 01      1.36203
2012 05 16 02    -0.786518
2012 05 16 03     -1.37039
2012 05 16 04    -0.706858
2012 05 16 05    -0.473483
2012 05 16 06    -0.197613
2012 05 16 07     0.845445
2012 05 16 08     0.911217
2012 05 16 09     0.408528
2012 05 16 10     0.582804
2012 05 16 11      1.21405
2012 05 16 12      3.54153
2012 05 16 13     -2.24208
2012 05 16 14    -0.767088
2012 05 16 15     0.163445
2012 05 16 16     0.208670
2012 05 16 17          NaN
2012 05 16 18          NaN
2012 05 16 19    -0.586192
2012 05 16 20          NaN
2012 05 16 21          NaN
2012 05 16 22          NaN
2012 05 16 23          NaN
2012 05 17 00          NaN
2012 05 17 01          NaN
2012 05 17 02          NaN
2012 05 17 03          NaN
2012 05 17 04          NaN
2012 05 17 05          NaN
2012 05 17 06          NaN
2012 05 17 07          NaN
2012 05 17 08          NaN
2012 05 17 09          NaN
2012 05 17 10          NaN
2012 05 17 11          NaN
2012 05 17 12          NaN
2012 05 17 13          NaN
2012 05 17 14          NaN
2012 05 17 15          NaN
2012 05 17 16          NaN
2012 05 17 17          NaN
2012 05 17 18          NaN
2012 05 17 19          NaN
2012 05 17 20          NaN
2012 05 17 21          NaN
2012 05 17 22          NaN
2012 05 17 23          NaN
2012 05 18 00          NaN
2012 05 18 01          NaN
2012 05 18 02          NaN
2012 05 18 03          NaN
2012 05 18 04          NaN
2012 05 18 05          NaN
2012 05 18 06          NaN
2012 05 18 07          NaN
2012 05 18 08          NaN
2012 05 18 09          NaN
2012 05 18 10          NaN
2012 05 18 11          NaN
2012 05 18 12          NaN
2012 05 18 13          NaN
2012 05 18 14          NaN
2012 05 18 15          NaN
2012 05 18 16          NaN
2012 05 18 17          NaN
2012 05 18 18          NaN
2012 05 18 19          NaN
2012 05 18 20          NaN
2012 05 18 21          NaN
2012 05 18 22          NaN
2012 05 18 23          NaN
2012 05 19 00          NaN
2012 05 19 01          NaN
2012 05 19 02          NaN
2012 05 19 03          NaN
2012 05 19 04          NaN
2012 05 19 05          NaN
2012 05 19 06          NaN
2012 05 19 07          NaN
2012 05 19 08          NaN
2012 05 19 09          NaN
2012 05 19 10          NaN
2012 05 19 11          NaN
2012 05 19 12          NaN
2012 05 19 13          NaN
2012 05 19 14          NaN
2012 05 19 15          NaN
2012 05 19 16          NaN
2012 05 19 17          NaN
2012 05 19 18          NaN
2012 05 19 19          NaN
2012 05 19 20          NaN
2012 05 19 21          NaN
2012 05 19 22          NaN
2012 05 19 23          NaN
2012 05 20 00          NaN
2012 05 20 01          NaN
2012 05 20 02          NaN
2012 05 20 03          NaN
2012 05 20 04          NaN
2012 05 20 05          NaN
2012 05 20 06          NaN
2012 05 20 07          NaN
2012 05 20 08          NaN
2012 05 20 09          NaN
2012 05 20 10          NaN
2012 05 20 11          NaN
2012 05 20 12          NaN
2012 05 20 13          NaN
2012 05 20 14          NaN
2012 05 20 15          NaN
2012 05 20 16          NaN
2012 05 20 17          NaN
2012 05 20 18          NaN
2012 05 20 19          NaN
2012 05 20 20          NaN
2012 05 20 21          NaN
2012 05 20 22          NaN
2012 05 20 23          NaN
2012 05 21 00          NaN
2012 05 21 01          NaN
2012 05 21 02          NaN
2012 05 21 03          NaN
2012 05 21 04          NaN
2012 05 21 05          NaN
2012 05 21 06          NaN
2012 05 21 07          NaN
2012 05 21 08          NaN
2012 05 21 09          NaN
2012 05 21 10          NaN
2012 05 21 11          NaN
2012 05 21 12          NaN
2012 05 21 13          NaN
2012 05 21 14          NaN
2012 05 21 15          NaN
2012 05 21 16          NaN
2012 05 21 17          NaN
2012 05 21 18          NaN
2012 05 21 19          NaN
2012 05 21 20          NaN
2012 05 21 21          NaN
2012 05 21 22     -2.65190
2012 05 21 23     -1.04096
2012 05 22 00      1.62892
2012 05 22 01      5.36032
2012 05 22 02      2.25677
2012 05 22 03      3.61656
2012 05 22 04      3.58464
2012 05 22 05     0.528345
2012 05 22 06      1.96464
2012 05 22 07      3.59778
2012 05 22 08      2.58974
2012 05 22 09      2.76259
2012 05 22 10      7.99171
2012 05 22 11      28.7382
2012 05 22 12      7.33425
2012 05 22 13      3.83891
2012 05 22 14     -1.72296
2012 05 22 15    -0.446643
2012 05 22 16    -0.231419
2012 05 22 17     0.253474
2012 05 22 18      2.21196
2012 05 22 19      6.64375
2012 05 22 20      3.87510
2012 05 22 21      1.78523
2012 05 22 22      2.82123
2012 05 22 23     0.705830
2012 05 23 00     0.115680
2012 05 23 01     0.113073
2012 05 23 02   -0.0102938
2012 05 23 03    0.0304129
2012 05 23 04    0.0640117
2012 05 23 05    0.0935900
2012 05 23 06     0.980470
2012 05 23 07      1.08131
2012 05 23 08      1.26139
2012 05 23 09     0.733920
2012 05 23 10      1.80445
2012 05 23 11      1.41974
2012 05 23 12     0.710741
2012 05 23 13      1.78014
2012 05 23 14      1.00045
2012 05 23 15    0.0985199
2012 05 23 16     0.367422
2012 05 23 17     0.550898
2012 05 23 18     0.848984
2012 05 23 19     0.193994
2012 05 23 20    0.0111682
2012 05 23 21    0.0134517
2012 05 23 22  -0.00514939
2012 05 23 23    0.0144644
2012 05 24 00    0.0318082
2012 05 24 01     0.160772
2012 05 24 02    -0.125862
2012 05 24 03    -0.294100
2012 05 24 04   -0.0660973
2012 05 24 05    0.0700791
2012 05 24 06     0.474038
2012 05 24 07      1.12307
2012 05 24 08      1.14253
2012 05 24 09     0.685371
2012 05 24 10      1.06199
2012 05 24 11     0.702612
2012 05 24 12     0.487167
2012 05 24 13      1.31948
2012 05 24 14      3.11214
2012 05 24 15      2.53985
2012 05 24 16      1.79667
2012 05 24 17      1.65788
2012 05 24 18     0.777688
2012 05 24 19     0.267866
2012 05 24 20    0.0651507
2012 05 24 21  -0.00616986
2012 05 24 22   0.00294982
2012 05 24 23    0.0171792
2012 05 25 00    0.0335869
2012 05 25 01     0.189899
2012 05 25 02   -0.0536107
2012 05 25 03   0.00390697
2012 05 25 04     0.164450
2012 05 25 05     0.249758
2012 05 25 06     0.667566
2012 05 25 07      1.34475
2012 05 25 08     0.696484
2012 05 25 09     0.715223
2012 05 25 10     0.964327
2012 05 25 11     0.945992
2012 05 25 12     0.595839
2012 05 25 13      1.30701
2012 05 25 14      1.51952
2012 05 25 15     0.822590
2012 05 25 16     0.484469
2012 05 25 17     0.343241
2012 05 25 18     0.293532
2012 05 25 19    0.0917495
2012 05 25 20  9.37050e-05
2012 05 25 21  0.000961219
2012 05 25 22    0.0554782
2012 05 25 23     0.195956
2012 05 26 00    0.0420869
2012 05 26 01     0.208328
2012 05 26 02   -0.0271364
2012 05 26 03    0.0499414
2012 05 26 04     0.108550
2012 05 26 05     0.136778
2012 05 26 06     0.566083
2012 05 26 07     0.799752
2012 05 26 08      1.17397
2012 05 26 09     0.927378
2012 05 26 10      1.54839
2012 05 26 11     0.413218
2012 05 26 12     0.411195
2012 05 26 13    0.0781819
2012 05 26 14     0.125593
2012 05 26 15     0.147677
2012 05 26 16    0.0492743
2012 05 26 17    0.0613698
2012 05 26 18    0.0461580
2012 05 26 19   0.00273145
2012 05 26 20   0.00567652
2012 05 26 21    0.0226237
2012 05 26 22    0.0727254
2012 05 26 23   -0.0336111
2012 05 27 00    0.0895902
2012 05 27 01     0.287701
2012 05 27 02   -0.0849849
2012 05 27 03  -0.00524931
2012 05 27 04   -0.0157978
2012 05 27 05     0.146951
2012 05 27 06     0.220712
2012 05 27 07     0.226987
2012 05 27 08     0.259792
2012 05 27 09     0.296036
2012 05 27 10     0.195286
2012 05 27 11     0.169154
2012 05 27 12    0.0648916
2012 05 27 13    0.0283330
2012 05 27 14    0.0761275
2012 05 27 15    0.0551699
2012 05 27 16    0.0749832
2012 05 27 17    0.0184881
2012 05 27 18     0.126498
2012 05 27 19     0.119559
2012 05 27 20    0.0492982
2012 05 27 21    0.0319332
2012 05 27 22    0.0657279
2012 05 27 23    0.0510310
2012 05 28 00     0.826551
2012 05 28 01     0.339091
2012 05 28 02    -0.167198
2012 05 28 03     0.786126
2012 05 28 04     0.516951
2012 05 28 05     0.581191
2012 05 28 06      1.41780
2012 05 28 07      1.39972
2012 05 28 08      1.47557
2012 05 28 09      1.34381
2012 05 28 10     0.932279
2012 05 28 11     0.415169
2012 05 28 12     0.333540
2012 05 28 13     0.593281
2012 05 28 14     0.572136
2012 05 28 15     0.604976
2012 05 28 16      3.14567
2012 05 28 17      6.38618
2012 05 28 18      6.56025
2012 05 28 19      5.61895
2012 05 28 20     -2.61841
2012 05 28 21     -6.27593
2012 05 28 22    -0.416398
2012 05 28 23     0.479073
2012 05 29 00     0.800227
2012 05 29 01     0.699268
2012 05 29 02     0.580089
2012 05 29 03     0.254382
2012 05 29 04     0.295974
2012 05 29 05     0.199553
2012 05 29 06     0.543555
2012 05 29 07     0.362703
2012 05 29 08      2.99513
2012 05 29 09      1.30964
2012 05 29 10    -0.291161
2012 05 29 11     -1.68839
2012 05 29 12     0.833440
2012 05 29 13      2.44898
2012 05 29 14      2.73958
2012 05 29 15      1.67740
2012 05 29 16      1.31006
2012 05 29 17      2.18037
2012 05 29 18     0.542749
2012 05 29 19      2.40658
2012 05 29 20      2.16229
2012 05 29 21      7.22481
2012 05 29 22      10.5181
2012 05 29 23      2.48756
2012 05 30 00      1.20279
2012 05 30 01     0.479583
2012 05 30 02     -1.24779
2012 05 30 03    -0.409185
2012 05 30 04    0.0921942
2012 05 30 05   -0.0274082
2012 05 30 06   -0.0536721
2012 05 30 07   -0.0678405
2012 05 30 08    -0.189515
2012 05 30 09   -0.0211281
2012 05 30 10     0.577410
2012 05 30 11     0.549195
2012 05 30 12     0.236960
2012 05 30 13    0.0735087
2012 05 30 14     0.168856
2012 05 30 15     0.201958
2012 05 30 16    0.0342389
2012 05 30 17    0.0359687
2012 05 30 18    0.0679253
2012 05 30 19    0.0640504
2012 05 30 20  0.000226320
2012 05 30 21    0.0120465
2012 05 30 22    -0.155786
2012 05 30 23    -0.102276
2012 05 31 00    0.0441164
2012 05 31 01    0.0416338
2012 05 31 02   -0.0601481
2012 05 31 03   -0.0504985
2012 05 31 04  -0.00347257
2012 05 31 05   -0.0300281
2012 05 31 06     0.222929
2012 05 31 07          NaN
2012 05 31 08          NaN
2012 05 31 09          NaN
2012 05 31 10          NaN
2012 05 31 11          NaN
2012 05 31 12          NaN
2012 05 31 13          NaN
2012 05 31 14          NaN
2012 05 31 15          NaN
2012 05 31 16          NaN
2012 05 31 17          NaN
2012 05 31 18          NaN
2012 05 31 19   0.00386754
2012 05 31 20   0.00834531
2012 05 31 21   0.00986580
2012 05 31 22   -0.0283516
2012 05 31 23    -0.516729
2012 06 01 00     0.366690
2012 06 01 01     -1.19389
2012 06 01 02    -0.856278
2012 06 01 03     0.389836
2012 06 01 04     0.818605
2012 06 01 05     0.100505
2012 06 01 06     0.973474
2012 06 01 07      2.16933
2012 06 01 08      1.35203
2012 06 01 09      1.53295
2012 06 01 10      1.22482
2012 06 01 11     0.678059
2012 06 01 12     0.231846
2012 06 01 13      1.10624
2012 06 01 14      1.32207
2012 06 01 15      1.06012
2012 06 01 16      2.12934
2012 06 01 17      2.60648
2012 06 01 18      2.57352
2012 06 01 19     -7.01303
2012 06 01 20    -0.662287
2012 06 01 21   0.00228881
2012 06 01 22      3.91575
2012 06 01 23      3.89830
2012 06 02 00    -0.650809
2012 06 02 01    -0.578997
2012 06 02 02    0.0272950
2012 06 02 03     -1.17664
2012 06 02 04   0.00193039
2012 06 02 05     0.318964
2012 06 02 06      2.05694
2012 06 02 07      3.75905
2012 06 02 08      1.95583
2012 06 02 09      2.09735
2012 06 02 10      1.84263
2012 06 02 11     0.693467
2012 06 02 12    0.0627965
2012 06 02 13    0.0953856
2012 06 02 14     0.353838
2012 06 02 15    0.0205772
2012 06 02 16   -0.0116098
2012 06 02 17     0.120090
2012 06 02 18   -0.0241911
2012 06 02 19   0.00149943
2012 06 02 20   0.00192103
2012 06 02 21   0.00586235
2012 06 02 22   -0.0195698
2012 06 02 23   -0.0541045
2012 06 03 00  -0.00135017
2012 06 03 01 -0.000851053
2012 06 03 02  -0.00840346
2012 06 03 03   -0.0116380
2012 06 03 04  -0.00188039
2012 06 03 05    0.0864780
2012 06 03 06     0.665860
2012 06 03 07     0.998334
2012 06 03 08    0.0289898
2012 06 03 09     0.623556
2012 06 03 10     0.919656
2012 06 03 11      1.25712
2012 06 03 12      3.01103
2012 06 03 13     -1.81882
2012 06 03 14     0.709059
2012 06 03 15     0.248437
2012 06 03 16     0.546370
2012 06 03 17      1.40550
2012 06 03 18      1.25916
2012 06 03 19      2.18975
2012 06 03 20      2.12141
2012 06 03 21      1.29335
2012 06 03 22     0.406895
2012 06 03 23      2.29227
2012 06 04 00      7.97545
2012 06 04 01      2.64586
2012 06 04 02    0.0194105
2012 06 04 03     0.208019
2012 06 04 04     0.399468
2012 06 04 05     0.588986
2012 06 04 06     0.963106
2012 06 04 07      1.21028
2012 06 04 08     -3.19820
2012 06 04 09          NaN
2012 06 04 10          NaN
2012 06 04 11     0.217359
2012 06 04 12     0.628454
2012 06 04 13     0.527709
2012 06 04 14     0.687905
2012 06 04 15      2.02534
2012 06 04 16    -0.210823
2012 06 04 17      1.28885
2012 06 04 18     0.450539
2012 06 04 19     0.317624
2012 06 04 20     0.588077
2012 06 04 21     0.209421
2012 06 04 22   -0.0492481
2012 06 04 23    -0.252925
2012 06 05 00    -0.173923
2012 06 05 01     0.281193
2012 06 05 02    -0.338860
2012 06 05 03    -0.576722
2012 06 05 04   -0.0424311
2012 06 05 05   -0.0249180
2012 06 05 06     0.407218
2012 06 05 07     0.730872
2012 06 05 08     0.708755
2012 06 05 09     0.185913
2012 06 05 10     0.692403
2012 06 05 11     0.263383
2012 06 05 12     0.554591
2012 06 05 13     0.153710
2012 06 05 14     0.264367
2012 06 05 15     0.266791
2012 06 05 16   -0.0298247
2012 06 05 17    0.0486474
2012 06 05 18     0.536300
2012 06 05 19     0.249216
2012 06 05 20  0.000206744
2012 06 05 21   0.00207557
2012 06 05 22    0.0401564
2012 06 05 23   -0.0426250
2012 06 06 00    0.0683440
2012 06 06 01   -0.0334613
2012 06 06 02    -0.107353
2012 06 06 03  0.000311114
2012 06 06 04    0.0894507
2012 06 06 05     0.207751
2012 06 06 06     0.178861
2012 06 06 07     0.492313
2012 06 06 08     0.509381
2012 06 06 09     0.655733
2012 06 06 10     0.534757
2012 06 06 11     0.938376
2012 06 06 12      1.39706
2012 06 06 13      1.77241
2012 06 06 14      2.43228
2012 06 06 15      2.11785
2012 06 06 16      3.07952
2012 06 06 17      1.77701
2012 06 06 18      1.25311
2012 06 06 19     0.740765
2012 06 06 20      1.02670
2012 06 06 21     0.829269
2012 06 06 22     0.355076
2012 06 06 23     0.254431
2012 06 07 00     0.564949
2012 06 07 01     0.165581
2012 06 07 02    -0.385653
2012 06 07 03     0.436365
2012 06 07 04     0.566676
2012 06 07 05     0.354442
2012 06 07 06     0.476621
2012 06 07 07     0.466186
2012 06 07 08     0.736196
2012 06 07 09      1.42537
2012 06 07 10      1.06667
2012 06 07 11     0.786555
2012 06 07 12     0.229027
2012 06 07 13     0.456432
2012 06 07 14     0.187596
2012 06 07 15    -0.164969
2012 06 07 16    0.0562518
2012 06 07 17    -0.104064
2012 06 07 18     0.105419
2012 06 07 19   0.00893855
2012 06 07 20  5.84765e-06
2012 06 07 21     0.298788
2012 06 07 22      1.18521
2012 06 07 23      1.17339
2012 06 08 00      1.31012
2012 06 08 01     0.703868
2012 06 08 02      1.23691
2012 06 08 03      1.89772
2012 06 08 04      1.74592
2012 06 08 05     0.974337
2012 06 08 06      1.63621
2012 06 08 07     0.861045
2012 06 08 08     0.147212
2012 06 08 09     0.378560
2012 06 08 10     0.146459
2012 06 08 11     0.123576
2012 06 08 12    0.0198112
2012 06 08 13    0.0131674
2012 06 08 14    0.0134517
2012 06 08 15     0.497450
2012 06 08 16     0.450875
2012 06 08 17      2.94532
2012 06 08 18      8.89089
2012 06 08 19      3.95312
2012 06 08 20     0.114526
2012 06 08 21   0.00896767
2012 06 08 22     0.626972
2012 06 08 23     0.595102
2012 06 09 00     0.270757
2012 06 09 01   -0.0293377
2012 06 09 02    -0.196606
2012 06 09 03     0.132543
2012 06 09 04     0.339960
2012 06 09 05     0.501889
2012 06 09 06     0.398235
2012 06 09 07     0.155262
2012 06 09 08     0.424380
2012 06 09 09     0.805713
2012 06 09 10      1.59577
2012 06 09 11      1.15740
2012 06 09 12     0.555726
2012 06 09 13     0.377556
2012 06 09 14     0.551443
2012 06 09 15     0.403434
2012 06 09 16     0.361906
2012 06 09 17    -0.122040
2012 06 09 18    0.0312363
2012 06 09 19   -0.0280955
2012 06 09 20    0.0566308
2012 06 09 21     0.137844
2012 06 09 22     0.263593
2012 06 09 23     0.794473
2012 06 10 00     0.140224
2012 06 10 01    -0.522160
2012 06 10 02    -0.349197
2012 06 10 03     0.114717
2012 06 10 04    0.0712764
2012 06 10 05   -0.0795192
2012 06 10 06   -0.0526180
2012 06 10 07     0.246139
2012 06 10 08     0.765349
2012 06 10 09      1.21991
2012 06 10 10      1.13657
2012 06 10 11      2.43172
2012 06 10 12      1.34073
2012 06 10 13      1.55034
2012 06 10 14      1.12215
2012 06 10 15      1.20504
2012 06 10 16     0.848868
2012 06 10 17     0.862430
2012 06 10 18     0.589475
2012 06 10 19     0.583485
2012 06 10 20    0.0854300
2012 06 10 21  0.000422440
2012 06 10 22    0.0591651
2012 06 10 23    -0.111020
2012 06 11 00     0.144100
2012 06 11 01     0.578032
2012 06 11 02     -1.05423
2012 06 11 03     0.110564
2012 06 11 04     0.653565
2012 06 11 05          NaN
2012 06 11 06          NaN
2012 06 11 07          NaN
2012 06 11 08          NaN
2012 06 11 09          NaN
2012 06 11 10          NaN
2012 06 11 11          NaN
2012 06 11 12          NaN
2012 06 11 13          NaN
2012 06 11 14          NaN
2012 06 11 15          NaN
2012 06 11 16          NaN
2012 06 11 17          NaN
2012 06 11 18    -0.200299
2012 06 11 19    -0.334456
2012 06 11 20    0.0298607
2012 06 11 21    0.0344486
2012 06 11 22    0.0484424
2012 06 11 23   -0.0108909
2012 06 12 00    -0.930533
2012 06 12 01     -1.08766
2012 06 12 02     -1.83908
2012 06 12 03    -0.893128
2012 06 12 04    -0.119389
2012 06 12 05    -0.249084
2012 06 12 06    -0.396509
2012 06 12 07    0.0683606
2012 06 12 08     0.278083
2012 06 12 09      1.20155
2012 06 12 10     0.417363
2012 06 12 11     0.124349
2012 06 12 12    0.0716771
2012 06 12 13   -0.0819218
2012 06 12 14    0.0524314
2012 06 12 15    0.0232772
2012 06 12 16   -0.0313886
2012 06 12 17     0.107037
2012 06 12 18     0.106590
2012 06 12 19    0.0655761
2012 06 12 20  -0.00412587
2012 06 12 21  0.000681010
2012 06 12 22    0.0202871
2012 06 12 23   0.00217089
2012 06 13 00 -0.000249110
2012 06 13 01   0.00801014
2012 06 13 02   -0.0116417
2012 06 13 03   -0.0962882
2012 06 13 04   -0.0203427
2012 06 13 05     0.172430
2012 06 13 06    0.0236259
2012 06 13 07    0.0186261
2012 06 13 08    0.0373471
2012 06 13 09    0.0982949
2012 06 13 10    0.0267469
2012 06 13 11    0.0630253
2012 06 13 12    0.0449529
2012 06 13 13     0.337519
2012 06 13 14    0.0543869
2012 06 13 15     0.667511
2012 06 13 16   -0.0756705
2012 06 13 17   -0.0667391
2012 06 13 18    0.0653303
2012 06 13 19   -0.0169284
2012 06 13 20   0.00472552
2012 06 13 21   0.00960877
2012 06 13 22     0.298802
2012 06 13 23     0.608955
2012 06 14 00     0.230314
2012 06 14 01     0.154939
2012 06 14 02    -0.143061
2012 06 14 03 -0.000530425
2012 06 14 04    0.0529655
2012 06 14 05     0.390271
2012 06 14 06      1.16428
2012 06 14 07     0.490432
2012 06 14 08     0.906442
2012 06 14 09     0.222562
2012 06 14 10    0.0720592
2012 06 14 11   -0.0268796
2012 06 14 12     -3.43307
2012 06 14 13          NaN
2012 06 14 14      1.06144
2012 06 14 15    -0.822900
2012 06 14 16      1.61427
2012 06 14 17     0.359409
2012 06 14 18   -0.0161472
2012 06 14 19    -0.241424
2012 06 14 20   -0.0276112
2012 06 14 21   -0.0879723
2012 06 14 22    0.0622769
2012 06 14 23     0.142816
2012 06 15 00    -0.115575
2012 06 15 01    0.0559544
2012 06 15 02    -0.225260
2012 06 15 03   -0.0348149
2012 06 15 04     0.207677
2012 06 15 05    0.0968796
2012 06 15 06    0.0454657
2012 06 15 07   -0.0242252
2012 06 15 08    -0.466931
2012 06 15 09     0.370162
2012 06 15 10   -0.0484548
2012 06 15 11    -0.231325
2012 06 15 12    -0.227305
2012 06 15 13    -0.242492
2012 06 15 14     -1.23834
2012 06 15 15    -0.779392
2012 06 15 16     0.369598
2012 06 15 17    -0.446461
2012 06 15 18    -0.536332
2012 06 15 19    -0.111163
2012 06 15 20     0.422857
2012 06 15 21     0.138366
2012 06 15 22    -0.107574
2012 06 15 23    -0.119812
2012 06 16 00  0.000750521
2012 06 16 01     0.208499
2012 06 16 02    -0.589448
2012 06 16 03    -0.484734
2012 06 16 04     0.301954
2012 06 16 05     0.103915
2012 06 16 06     0.660696
2012 06 16 07    -0.807277
2012 06 16 08    -0.927366
2012 06 16 09    0.0666249
2012 06 16 10     0.357230
2012 06 16 11     0.207330
2012 06 16 12     0.541109
2012 06 16 13     0.303082
2012 06 16 14     0.178912
2012 06 16 15    0.0405855
2012 06 16 16  -0.00251482
2012 06 16 17   0.00269398
2012 06 16 18    0.0120041
2012 06 16 19    0.0414342
2012 06 16 20    0.0517503
2012 06 16 21   -0.0469130
2012 06 16 22    -0.521246
2012 06 16 23     0.105680
2012 06 17 00     0.290737
2012 06 17 01          NaN
2012 06 17 02          NaN
2012 06 17 03          NaN
2012 06 17 04   -0.0609859
2012 06 17 05     0.338280
2012 06 17 06    0.0566133
2012 06 17 07    -0.319868
2012 06 17 08    0.0516742
2012 06 17 09  -0.00494476
2012 06 17 10   0.00153406
2012 06 17 11    0.0499816
2012 06 17 12  0.000276352
2012 06 17 13    0.0313070
2012 06 17 14    0.0370132
2012 06 17 15     0.151580
2012 06 17 16     0.502405
2012 06 17 17     0.397846
2012 06 17 18    -0.422302
2012 06 17 19     0.620826
2012 06 17 20   -0.0646043
2012 06 17 21   -0.0437580
2012 06 17 22   -0.0138488
2012 06 17 23    0.0390542
2012 06 18 00   -0.0424864
2012 06 18 01    -0.128354
2012 06 18 02   -0.0342761
2012 06 18 03  -0.00334458
2012 06 18 04  -0.00302701
2012 06 18 05 -0.000680530
2012 06 18 06    0.0101222
2012 06 18 07   -0.0205136
2012 06 18 08    -0.160584
2012 06 18 09    0.0142965
2012 06 18 10    0.0203600
2012 06 18 11    0.0546563
2012 06 18 12   0.00142802
2012 06 18 13   0.00265706
2012 06 18 14   0.00151901
2012 06 18 15  -0.00871143
2012 06 18 16  -0.00323062
2012 06 18 17  -0.00832908
2012 06 18 18    0.0297242
2012 06 18 19    0.0305541
2012 06 18 20   0.00173062
2012 06 18 21   0.00224723
2012 06 18 22    0.0781987
2012 06 18 23     0.409095
2012 06 19 00     0.207360
2012 06 19 01    0.0696297
2012 06 19 02    0.0467905
2012 06 19 03    0.0620357
2012 06 19 04     0.258478
2012 06 19 05     0.253640
2012 06 19 06     0.178850
2012 06 19 07     0.320337
2012 06 19 08  -0.00788640
2012 06 19 09   -0.0141877
2012 06 19 10    0.0369228
2012 06 19 11    0.0115038
2012 06 19 12    0.0810284
2012 06 19 13    0.0867299
2012 06 19 14    0.0213234
2012 06 19 15   -0.0151356
2012 06 19 16  0.000530710
2012 06 19 17    0.0178608
2012 06 19 18    0.0467868
2012 06 19 19    0.0662462
2012 06 19 20    0.0155860
2012 06 19 21   0.00224538
2012 06 19 22  -0.00972434
2012 06 19 23    0.0303105
2012 06 20 00     0.180297
2012 06 20 01    0.0448227
2012 06 20 02   -0.0326382
2012 06 20 03    0.0124693
2012 06 20 04    0.0778472
2012 06 20 05    0.0658652
2012 06 20 06     0.156371
2012 06 20 07    0.0421320
2012 06 20 08     0.134687
2012 06 20 09     0.147170
2012 06 20 10     0.120987
2012 06 20 11     0.214616
2012 06 20 12     0.153792
2012 06 20 13    0.0456503
2012 06 20 14    0.0624692
2012 06 20 15    0.0318450
2012 06 20 16   0.00271616
2012 06 20 17     0.142343
2012 06 20 18     0.237517
2012 06 20 19     0.148364
2012 06 20 20    0.0371678
2012 06 20 21     0.756824
2012 06 20 22      2.02452
2012 06 20 23     0.953242
2012 06 21 00    -0.541485
2012 06 21 01    -0.276883
2012 06 21 02    0.0755489
2012 06 21 03     0.333800
2012 06 21 04     0.484580
2012 06 21 05     0.305616
2012 06 21 06     0.363231
2012 06 21 07     0.295976
2012 06 21 08     0.383806
2012 06 21 09     0.122076
2012 06 21 10    0.0470883
2012 06 21 11     0.206281
2012 06 21 12     0.474264
2012 06 21 13      3.44474
2012 06 21 14      2.17643
2012 06 21 15      1.01044
2012 06 21 16      1.28045
2012 06 21 17     -2.19494
2012 06 21 18     -4.92986
2012 06 21 19    -0.422160
2012 06 21 20    0.0664257
2012 06 21 21     0.652105
2012 06 21 22     0.949328
2012 06 21 23     0.469033
2012 06 22 00     0.905477
2012 06 22 01     0.903523
2012 06 22 02      1.05470
2012 06 22 03      1.36710
2012 06 22 04     0.951808
2012 06 22 05      1.29034
2012 06 22 06      1.46028
2012 06 22 07      2.19888
2012 06 22 08     0.271710
2012 06 22 09    0.0232561
2012 06 22 10   0.00656993
2012 06 22 11     0.168719
2012 06 22 12     0.495735
2012 06 22 13     0.535441
2012 06 22 14      1.16982
2012 06 22 15     0.883721
2012 06 22 16      5.31932
2012 06 22 17      9.20653
2012 06 22 18      5.14698
2012 06 22 19     0.991968
2012 06 22 20     -10.1596
2012 06 22 21     -1.01056
2012 06 22 22      1.70069
2012 06 22 23      1.62922
2012 06 23 00      1.67603
2012 06 23 01      1.76411
2012 06 23 02      2.63649
2012 06 23 03      2.42954
2012 06 23 04      2.39416
2012 06 23 05      2.10263
2012 06 23 06      1.68446
2012 06 23 07      12.1114
2012 06 23 08      9.23588
2012 06 23 09     -2.33205
2012 06 23 10     -1.09107
2012 06 23 11      1.18761
2012 06 23 12     0.243245
2012 06 23 13    -0.216735
2012 06 23 14     0.432240
2012 06 23 15     0.628778
2012 06 23 16      1.40408
2012 06 23 17      5.87793
2012 06 23 18      13.2972
2012 06 23 19      7.10171
2012 06 23 20      4.36618
2012 06 23 21      3.57377
2012 06 23 22      2.77316
2012 06 23 23     0.944099
2012 06 24 00     -11.2204
2012 06 24 01    -0.946594
2012 06 24 02      1.07015
2012 06 24 03      2.85689
2012 06 24 04      2.80062
2012 06 24 05      2.53993
2012 06 24 06      2.26799
2012 06 24 07      3.44338
2012 06 24 08      2.98721
2012 06 24 09      2.81876
2012 06 24 10      11.4274
2012 06 24 11      11.8160
2012 06 24 12      10.2684
2012 06 24 13      9.05316
2012 06 24 14      7.26388
2012 06 24 15      3.24505
2012 06 24 16      3.86318
2012 06 24 17    -0.182878
2012 06 24 18     -14.1554
2012 06 24 19     -2.42455
2012 06 24 20     0.625422
2012 06 24 21      1.90603
2012 06 24 22      1.53385
2012 06 24 23      2.26250
2012 06 25 00      12.4005
2012 06 25 01      8.85574
2012 06 25 02     0.970317
2012 06 25 03      3.38499
2012 06 25 04      2.60458
2012 06 25 05      2.90911
2012 06 25 06      3.50259
2012 06 25 07      2.79657
2012 06 25 08      3.50881
2012 06 25 09      3.32224
2012 06 25 10      2.47404
2012 06 25 11      1.48903
2012 06 25 12     0.722343
2012 06 25 13      1.17506
2012 06 25 14     0.928957
2012 06 25 15      1.04228
2012 06 25 16     0.710844
2012 06 25 17      5.19744
2012 06 25 18      10.4691
2012 06 25 19      5.95009
2012 06 25 20      3.75176
2012 06 25 21      1.95427
2012 06 25 22     -9.94852
2012 06 25 23     -4.72822
2012 06 26 00    -0.891459
2012 06 26 01     0.930414
2012 06 26 02     0.950615
2012 06 26 03      1.56341
2012 06 26 04      2.51195
2012 06 26 05      1.59760
2012 06 26 06      1.76823
2012 06 26 07      1.85338
2012 06 26 08      1.29609
2012 06 26 09     0.579904
2012 06 26 10     0.174683
2012 06 26 11    0.0605295
2012 06 26 12     0.273083
2012 06 26 13     0.310019
2012 06 26 14     0.243865
2012 06 26 15     0.591549
2012 06 26 16     0.631599
2012 06 26 17     0.401529
2012 06 26 18      1.40852
2012 06 26 19      1.56262
2012 06 26 20      1.13733
2012 06 26 21      1.87207
2012 06 26 22      1.28319
2012 06 26 23      1.29165
2012 06 27 00      1.08835
2012 06 27 01    -0.273444
2012 06 27 02     0.197488
2012 06 27 03     0.737168
2012 06 27 04     0.394361
2012 06 27 05     0.509310
2012 06 27 06     0.847443
2012 06 27 07     0.501733
2012 06 27 08          NaN
2012 06 27 09          NaN
2012 06 27 10          NaN
2012 06 27 11          NaN
2012 06 27 12          NaN
2012 06 27 13          NaN
2012 06 27 14          NaN
2012 06 27 15          NaN
2012 06 27 16          NaN
2012 06 27 17          NaN
2012 06 27 18     -1.21046
2012 06 27 19          NaN
2012 06 27 20          NaN
2012 06 27 21          NaN
2012 06 27 22          NaN
2012 06 27 23    -0.217432
2012 06 28 00   -0.0830725
2012 06 28 01    -0.815507
2012 06 28 02     -1.00265
2012 06 28 03    -0.464362
2012 06 28 04      1.14149
2012 06 28 05     0.449095
2012 06 28 06     0.183163
2012 06 28 07      1.14189
2012 06 28 08     0.937413
2012 06 28 09      1.36186
2012 06 28 10     0.489367
2012 06 28 11    -0.717831
2012 06 28 12    -0.351899
2012 06 28 13     0.736525
2012 06 28 14     0.232505
2012 06 28 15     0.569630
2012 06 28 16     0.846157
2012 06 28 17     0.837907
2012 06 28 18      1.23365
2012 06 28 19      1.01548
2012 06 28 20      1.35356
2012 06 28 21      1.14944
2012 06 28 22      1.70747
2012 06 28 23      1.57524
2012 06 29 00      1.74110
2012 06 29 01      1.47985
2012 06 29 02      1.17402
2012 06 29 03      2.91616
2012 06 29 04      3.29460
2012 06 29 05      2.73229
2012 06 29 06      2.79220
2012 06 29 07      2.99733
2012 06 29 08      1.80353
2012 06 29 09     0.752744
2012 06 29 10     0.519326
2012 06 29 11    0.0224118
2012 06 29 12    0.0892027
2012 06 29 13    0.0795409
2012 06 29 14    0.0528262
2012 06 29 15          NaN
2012 06 29 16          NaN
2012 06 29 17    0.0508666
2012 06 29 18    0.0712991
2012 06 29 19    0.0698280
2012 06 29 20    0.0769564
2012 06 29 21    0.0138096
2012 06 29 22     0.125364
2012 06 29 23    0.0869550
2012 06 30 00   0.00349484
2012 06 30 01    0.0293838
2012 06 30 02   -0.0638760
2012 06 30 03    0.0703019
2012 06 30 04    0.0748358
2012 06 30 05     0.185918
2012 06 30 06     0.561562
2012 06 30 07     -1.97514
2012 06 30 08     0.110074
2012 06 30 09     0.331447
2012 06 30 10     0.255693
2012 06 30 11     0.290946
2012 06 30 12     0.112477
2012 06 30 13     0.189228
2012 06 30 14     0.150907
2012 06 30 15   -0.0661426
2012 06 30 16   -0.0232646
2012 06 30 17     0.105872
2012 06 30 18    0.0412817
2012 06 30 19    0.0471815
2012 06 30 20  0.000637250
2012 06 30 21    0.0245237
2012 06 30 22     0.195775
2012 06 30 23     0.212957
2012 07 01 00    0.0460525
2012 07 01 01    -0.380656
2012 07 01 02   -0.0480838
2012 07 01 03     0.651705
2012 07 01 04      1.72962
2012 07 01 05      1.52478
2012 07 01 06      2.61914
2012 07 01 07      2.27339
2012 07 01 08      3.50438
2012 07 01 09          NaN
2012 07 01 10      1.44718
2012 07 01 11     -2.58047
2012 07 01 12    -0.165071
2012 07 01 13    0.0178842
2012 07 01 14      3.25731
2012 07 01 15      10.8293
2012 07 01 16      3.59477
2012 07 01 17      1.22670
2012 07 01 18     0.677012
2012 07 01 19     0.464932
2012 07 01 20    -0.342787
2012 07 01 21     0.245921
2012 07 01 22   -0.0128144
2012 07 01 23   -0.0120873
2012 07 02 00    0.0363341
2012 07 02 01    -0.139667
2012 07 02 02    -0.170402
2012 07 02 03     0.131085
2012 07 02 04     0.143099
2012 07 02 05    0.0663303
2012 07 02 06     0.144358
2012 07 02 07      1.13368
2012 07 02 08      1.28736
2012 07 02 09      1.06635
2012 07 02 10     0.584298
2012 07 02 11     0.440362
2012 07 02 12     0.240740
2012 07 02 13    0.0391741
2012 07 02 14     0.209367
2012 07 02 15     0.131405
2012 07 02 16   -0.0462758
2012 07 02 17    -0.394691
2012 07 02 18     0.329343
2012 07 02 19     0.141447
2012 07 02 20    0.0590521
2012 07 02 21    -0.134310
2012 07 02 22    -0.250711
2012 07 02 23    -0.190834
2012 07 03 00    0.0239298
2012 07 03 01    -0.509748
2012 07 03 02    -0.452194
2012 07 03 03   -0.0112948
2012 07 03 04   -0.0426831
2012 07 03 05   0.00883876
2012 07 03 06    0.0691347
2012 07 03 07     0.324610
2012 07 03 08    -0.258417
2012 07 03 09     0.850829
2012 07 03 10      1.19091
2012 07 03 11     0.178956
2012 07 03 12     0.928268
2012 07 03 13     0.345630
2012 07 03 14     0.383549
2012 07 03 15     0.499739
2012 07 03 16     0.875049
2012 07 03 17     0.679349
2012 07 03 18    0.0297042
2012 07 03 19     0.156042
2012 07 03 20  -0.00830919
2012 07 03 21    0.0534413
2012 07 03 22    0.0189931
2012 07 03 23   0.00492040
2012 07 04 00    0.0234236
2012 07 04 01   -0.0356675
2012 07 04 02   -0.0147716
2012 07 04 03  7.81924e-05
2012 07 04 04    0.0228242
2012 07 04 05    0.0480060
2012 07 04 06     0.444732
2012 07 04 07    -0.587112
2012 07 04 08    -0.191564
2012 07 04 09          NaN
2012 07 04 10          NaN
2012 07 04 11    0.0141507
2012 07 04 12   0.00680709
2012 07 04 13   0.00708861
2012 07 04 14    0.0128011
2012 07 04 15   0.00483914
2012 07 04 16   0.00672703
2012 07 04 17   -0.0390303
2012 07 04 18   -0.0460662
2012 07 04 19    -0.159863
2012 07 04 20   0.00241629
2012 07 04 21   0.00146071
2012 07 04 22    0.0265020
2012 07 04 23  -0.00246256
2012 07 05 00   0.00766805
2012 07 05 01  -0.00767079
2012 07 05 02   -0.0114671
2012 07 05 03   -0.0235326
2012 07 05 04   0.00740779
2012 07 05 05  0.000686800
2012 07 05 06   -0.0361824
2012 07 05 07     0.102240
2012 07 05 08     0.245492
2012 07 05 09     0.257575
2012 07 05 10    0.0560612
2012 07 05 11  -0.00407755
2012 07 05 12   -0.0382529
2012 07 05 13   -0.0290713
2012 07 05 14   -0.0253701
2012 07 05 15     0.151994
2012 07 05 16     0.197508
2012 07 05 17     0.184089
2012 07 05 18     0.190380
2012 07 05 19     0.100283
2012 07 05 20    0.0113246
2012 07 05 21    0.0185808
2012 07 05 22    0.0563600
2012 07 05 23     0.100083
2012 07 06 00    0.0619862
2012 07 06 01    0.0111509
2012 07 06 02    0.0621790
2012 07 06 03    0.0126512
2012 07 06 04    0.0528543
2012 07 06 05    0.0416447
2012 07 06 06    0.0181050
2012 07 06 07    0.0392348
2012 07 06 08    0.0201855
2012 07 06 09   0.00769499
2012 07 06 10          NaN
2012 07 06 11          NaN
2012 07 06 12  -0.00631821
2012 07 06 13 -0.000559384
2012 07 06 14 -0.000117252
2012 07 06 15   -0.0566440
2012 07 06 16  -0.00977151
2012 07 06 17  -0.00828501
2012 07 06 18  -0.00114787
2012 07 06 19          NaN
2012 07 06 20          NaN
2012 07 06 21          NaN
2012 07 06 22          NaN
2012 07 06 23  -0.00412809
2012 07 07 00   -0.0309359
2012 07 07 01    -0.100846
2012 07 07 02   -0.0386665
2012 07 07 03    0.0223151
2012 07 07 04    0.0294967
2012 07 07 05     0.137063
2012 07 07 06     0.398129
2012 07 07 07     0.249059
2012 07 07 08     0.172757
2012 07 07 09     0.285428
2012 07 07 10     0.148830
2012 07 07 11    0.0349679
2012 07 07 12    -0.157555
2012 07 07 13    -0.338903
2012 07 07 14    -0.185597
2012 07 07 15    -0.134206
2012 07 07 16   -0.0821421
2012 07 07 17     0.712850
2012 07 07 18      1.35153
2012 07 07 19      2.35454
2012 07 07 20          NaN
2012 07 07 21          NaN
2012 07 07 22          NaN
2012 07 07 23          NaN
2012 07 08 00     0.209157
2012 07 08 01     -5.37036
2012 07 08 02    -0.601715
2012 07 08 03   0.00866834
2012 07 08 04    -0.141379
2012 07 08 05    -0.799579
2012 07 08 06    -0.407445
2012 07 08 07    -0.638567
2012 07 08 08     0.448370
2012 07 08 09      2.36813
2012 07 08 10      2.50242
2012 07 08 11      2.41900
2012 07 08 12      1.75565
2012 07 08 13      1.91387
2012 07 08 14      1.54290
2012 07 08 15      3.20468
2012 07 08 16      2.88011
2012 07 08 17    0.0859745
2012 07 08 18     0.997541
2012 07 08 19      2.41069
2012 07 08 20      10.8139
2012 07 08 21      12.5186
2012 07 08 22     -9.07216
2012 07 08 23     -3.20775
2012 07 09 00 -0.000752176
2012 07 09 01     -1.56908
2012 07 09 02     0.459366
2012 07 09 03     0.995133
2012 07 09 04      1.09883
2012 07 09 05      1.25670
2012 07 09 06      2.26965
2012 07 09 07      1.83231
2012 07 09 08     0.827272
2012 07 09 09      1.30551
2012 07 09 10      2.08072
2012 07 09 11      1.09138
2012 07 09 12     0.710460
2012 07 09 13     0.334999
2012 07 09 14    -0.369877
2012 07 09 15   -0.0647855
2012 07 09 16    0.0788038
2012 07 09 17      1.00042
2012 07 09 18      2.14140
2012 07 09 19      1.89334
2012 07 09 20      1.32369
2012 07 09 21      5.71398
2012 07 09 22      16.0522
2012 07 09 23      4.41392
2012 07 10 00      2.43633
2012 07 10 01    0.0932711
2012 07 10 02     0.457526
2012 07 10 03      1.16057
2012 07 10 04     0.280799
2012 07 10 05      1.21582
2012 07 10 06     0.718389
2012 07 10 07     0.247425
2012 07 10 08      1.08894
2012 07 10 09     0.765906
2012 07 10 10      1.08097
2012 07 10 11    -0.138430
2012 07 10 12  0.000460680
2012 07 10 13    -0.598290
2012 07 10 14     0.110526
2012 07 10 15     0.284847
2012 07 10 16    -0.125112
2012 07 10 17   -0.0291054
2012 07 10 18     0.119350
2012 07 10 19     0.192088
2012 07 10 20    0.0489500
2012 07 10 21    0.0261173
2012 07 10 22    0.0974429
2012 07 10 23    0.0799111
2012 07 11 00    -0.444892
2012 07 11 01     -1.47799
2012 07 11 02    -0.393206
2012 07 11 03    0.0672043
2012 07 11 04     0.207074
2012 07 11 05  -0.00286927
2012 07 11 06     0.124364
2012 07 11 07  -0.00132212
2012 07 11 08    0.0948816
2012 07 11 09   0.00934111
2012 07 11 10    -0.434520
2012 07 11 11     -1.22016
2012 07 11 12   -0.0594337
2012 07 11 13    -0.374128
2012 07 11 14    -0.466352
2012 07 11 15    -0.739376
2012 07 11 16    -0.493020
2012 07 11 17     0.108855
2012 07 11 18     0.570139
2012 07 11 19     0.145606
2012 07 11 20     0.914313
2012 07 11 21    -0.190530
2012 07 11 22    0.0348469
2012 07 11 23    -0.954853
2012 07 12 00     0.357417
2012 07 12 01     0.864817
2012 07 12 02     -1.39706
2012 07 12 03    -0.375999
2012 07 12 04     0.405657
2012 07 12 05     0.164074
2012 07 12 06    0.0871138
2012 07 12 07     0.497185
2012 07 12 08   -0.0254404
2012 07 12 09    0.0349639
2012 07 12 10     0.132415
2012 07 12 11     0.242425
2012 07 12 12     0.446667
2012 07 12 13    -0.467489
2012 07 12 14    -0.849117
2012 07 12 15     0.634907
2012 07 12 16      1.07305
2012 07 12 17    0.0332734
2012 07 12 18     0.370476
2012 07 12 19   -0.0501541
2012 07 12 20    0.0386330
2012 07 12 21    -0.235707
2012 07 12 22      1.08302
2012 07 12 23     0.115663
2012 07 13 00      1.25810
2012 07 13 01      1.56994
2012 07 13 02     -1.26092
2012 07 13 03    0.0216861
2012 07 13 04     0.700893
2012 07 13 05     0.784309
2012 07 13 06    0.0745397
2012 07 13 07    -0.423932
2012 07 13 08     0.263617
2012 07 13 09    -0.332586
2012 07 13 10     0.301902
2012 07 13 11     0.458916
2012 07 13 12     0.118410
2012 07 13 13    0.0838236
2012 07 13 14     0.285659
2012 07 13 15  -0.00952015
2012 07 13 16   -0.0521191
2012 07 13 17    0.0561232
2012 07 13 18  -0.00859439
2012 07 13 19     0.131896
2012 07 13 20    0.0148513
2012 07 13 21 -0.000260899
2012 07 13 22    0.0182013
2012 07 13 23  -0.00592987
2012 07 14 00  0.000857040
2012 07 14 01 -0.000610699
2012 07 14 02   -0.0255056
2012 07 14 03  -0.00440672
2012 07 14 04   0.00122497
2012 07 14 05    0.0373828
2012 07 14 06     0.136561
2012 07 14 07   -0.0235675
2012 07 14 08 -0.000977007
2012 07 14 09    0.0404164
2012 07 14 10    0.0344194
2012 07 14 11    0.0174450
2012 07 14 12    0.0312654
2012 07 14 13   0.00634873
2012 07 14 14   0.00716149
2012 07 14 15  -0.00823639
2012 07 14 16  -0.00134177
2012 07 14 17   0.00275274
2012 07 14 18    0.0108600
2012 07 14 19   0.00725311
2012 07 14 20  0.000628185
2012 07 14 21   0.00218370
2012 07 14 22   0.00460755
2012 07 14 23  0.000979135
2012 07 15 00   0.00228005
2012 07 15 01  -0.00314766
2012 07 15 02  -0.00801177
2012 07 15 03   0.00806591
2012 07 15 04 -0.000596308
2012 07 15 05   0.00745953
2012 07 15 06    0.0343229
2012 07 15 07    0.0135332
2012 07 15 08    0.0136807
2012 07 15 09   0.00339890
2012 07 15 10    0.0751427
2012 07 15 11    0.0297451
2012 07 15 12  0.000788862
2012 07 15 13  -0.00789149
2012 07 15 14    0.0357747
2012 07 15 15    -0.162743
2012 07 15 16   -0.0341361
2012 07 15 17    0.0110140
2012 07 15 18  0.000433805
2012 07 15 19    0.0109836
2012 07 15 20  0.000775107
2012 07 15 21    0.0173478
2012 07 15 22   0.00299292
2012 07 15 23  0.000199061
2012 07 16 00   0.00109401
2012 07 16 01   -0.0100377
2012 07 16 02 -0.000158543
2012 07 16 03    0.0503263
2012 07 16 04    0.0818555
2012 07 16 05     0.151450
2012 07 16 06      1.16807
2012 07 16 07     0.112711
2012 07 16 08    0.0810726
2012 07 16 09    0.0455667
2012 07 16 10    0.0242522
2012 07 16 11    0.0335369
2012 07 16 12   0.00346908
2012 07 16 13   0.00839484
2012 07 16 14   0.00934672
2012 07 16 15   -0.0919966
2012 07 16 16   -0.0215928
2012 07 16 17    0.0632770
2012 07 16 18    0.0683151
2012 07 16 19   0.00447784
2012 07 16 20  -0.00195246
2012 07 16 21   -0.0405318
2012 07 16 22     0.504566
2012 07 16 23     0.833878
2012 07 17 00     0.588523
2012 07 17 01     0.430147
2012 07 17 02     0.377939
2012 07 17 03     0.312864
2012 07 17 04     0.401147
2012 07 17 05     0.646079
2012 07 17 06      2.00086
2012 07 17 07     0.714179
2012 07 17 08     0.880594
2012 07 17 09      1.07489
2012 07 17 10          NaN
2012 07 17 11          NaN
2012 07 17 12      1.32911
2012 07 17 13      1.43569
2012 07 17 14      2.05011
2012 07 17 15   -0.0851234
2012 07 17 16      1.33225
2012 07 17 17      2.70661
2012 07 17 18      1.96203
2012 07 17 19      1.63252
2012 07 17 20      1.35052
2012 07 17 21     0.253088
2012 07 17 22    0.0913279
2012 07 17 23     0.620696
2012 07 18 00     0.588006
2012 07 18 01    -0.693932
2012 07 18 02    0.0392528
2012 07 18 03     0.434056
2012 07 18 04     0.614607
2012 07 18 05     0.471838
2012 07 18 06     0.406857
2012 07 18 07     0.348136
2012 07 18 08      1.21588
2012 07 18 09     0.911534
2012 07 18 10     0.519829
2012 07 18 11      1.01294
2012 07 18 12      1.27505
2012 07 18 13      1.09480
2012 07 18 14     0.622252
2012 07 18 15     0.469262
2012 07 18 16     0.753805
2012 07 18 17      1.08992
2012 07 18 18      1.13339
2012 07 18 19      1.87043
2012 07 18 20      1.05577
2012 07 18 21     0.954175
2012 07 18 22     0.851402
2012 07 18 23      1.95371
2012 07 19 00      3.63475
2012 07 19 01     0.961327
2012 07 19 02     0.256929
2012 07 19 03     0.261114
2012 07 19 04     0.311599
2012 07 19 05     0.512754
2012 07 19 06     0.124785
2012 07 19 07  -0.00199777
2012 07 19 08   0.00249899
2012 07 19 09    0.0353472
2012 07 19 10    0.0327322
2012 07 19 11    0.0108074
2012 07 19 12    0.0914277
2012 07 19 13    0.0335806
2012 07 19 14    0.0940584
2012 07 19 15    0.0303479
2012 07 19 16    0.0231575
2012 07 19 17    0.0539479
2012 07 19 18   0.00322132
2012 07 19 19     0.186140
2012 07 19 20    0.0478903
2012 07 19 21    0.0218976
2012 07 19 22    0.0928734
2012 07 19 23    0.0859734
2012 07 20 00    0.0254669
2012 07 20 01    0.0235484
2012 07 20 02   0.00665130
2012 07 20 03   0.00549183
2012 07 20 04   0.00356984
2012 07 20 05    0.0163970
2012 07 20 06     0.939172
2012 07 20 07     0.815482
2012 07 20 08   -0.0159327
2012 07 20 09     0.410831
2012 07 20 10     0.568514
2012 07 20 11     0.320076
2012 07 20 12    0.0245847
2012 07 20 13     0.142945
2012 07 20 14     0.125112
2012 07 20 15     0.435898
2012 07 20 16      1.57411
2012 07 20 17     0.328200
2012 07 20 18     0.166541
2012 07 20 19   -0.0104311
2012 07 20 20    0.0555687
2012 07 20 21    0.0178466
2012 07 20 22    0.0520640
2012 07 20 23  -0.00837562
2012 07 21 00    0.0110675
2012 07 21 01   -0.0506924
2012 07 21 02      1.15969
2012 07 21 03      2.41745
2012 07 21 04      2.08237
2012 07 21 05      1.91386
2012 07 21 06      4.76925
2012 07 21 07    -0.457751
2012 07 21 08     0.844215
2012 07 21 09      3.43844
2012 07 21 10      3.86442
2012 07 21 11      6.79788
2012 07 21 12      12.3638
2012 07 21 13  -0.00379669
2012 07 21 14      3.20005
2012 07 21 15      19.1059
2012 07 21 16      14.6358
2012 07 21 17      6.19328
2012 07 21 18     -4.36484
2012 07 21 19      22.5660
2012 07 21 20      9.05241
2012 07 21 21      4.18062
2012 07 21 22      6.14051
2012 07 21 23      8.56763
2012 07 22 00      4.94706
2012 07 22 01    -0.651181
2012 07 22 02      2.35861
2012 07 22 03      1.73701
2012 07 22 04     0.884800
2012 07 22 05     0.773475
2012 07 22 06    0.0781863
2012 07 22 07    -0.890147
2012 07 22 08    -0.809566
2012 07 22 09   -0.0226753
2012 07 22 10   -0.0310232
2012 07 22 11   -0.0928375
2012 07 22 12     -1.20459
2012 07 22 13          NaN
2012 07 22 14          NaN
2012 07 22 15          NaN
2012 07 22 16          NaN
2012 07 22 17          NaN
2012 07 22 18          NaN
2012 07 22 19          NaN
2012 07 22 20          NaN
2012 07 22 21          NaN
2012 07 22 22          NaN
2012 07 22 23          NaN
2012 07 23 00          NaN
2012 07 23 01          NaN
2012 07 23 02          NaN
2012 07 23 03          NaN
2012 07 23 04          NaN
2012 07 23 05          NaN
2012 07 23 06          NaN
2012 07 23 07          NaN
2012 07 23 08          NaN
2012 07 23 09          NaN
2012 07 23 10          NaN
2012 07 23 11          NaN
2012 07 23 12          NaN
2012 07 23 13          NaN
2012 07 23 14          NaN
2012 07 23 15          NaN
2012 07 23 16          NaN
2012 07 23 17          NaN
2012 07 23 18          NaN
2012 07 23 19          NaN
2012 07 23 20      1.90888
2012 07 23 21    -0.381184
2012 07 23 22     0.122553
2012 07 23 23     0.335553
2012 07 24 00     0.698563
2012 07 24 01    -0.281052
2012 07 24 02    -0.112661
2012 07 24 03     0.738004
2012 07 24 04     0.625582
2012 07 24 05      1.13697
2012 07 24 06     0.821526
2012 07 24 07     0.961425
2012 07 24 08      1.05128
2012 07 24 09      1.29130
2012 07 24 10     0.163935
2012 07 24 11     0.163022
2012 07 24 12   -0.0732716
2012 07 24 13      1.13951
2012 07 24 14      1.79800
2012 07 24 15      1.72362
2012 07 24 16     0.362697
2012 07 24 17      1.28935
2012 07 24 18      1.79476
2012 07 24 19     0.865151
2012 07 24 20     0.793306
2012 07 24 21      1.00397
2012 07 24 22     0.406258
2012 07 24 23      3.16212
2012 07 25 00      3.89340
2012 07 25 01     0.716332
2012 07 25 02    -0.412659
2012 07 25 03     0.199430
2012 07 25 04     0.579653
2012 07 25 05     0.520140
2012 07 25 06      1.16646
2012 07 25 07      1.27391
2012 07 25 08     0.562938
2012 07 25 09     0.426787
2012 07 25 10     0.240457
2012 07 25 11     0.344856
2012 07 25 12     0.799303
2012 07 25 13     0.940365
2012 07 25 14      1.50377
2012 07 25 15      2.82952
2012 07 25 16      2.52589
2012 07 25 17      3.22414
2012 07 25 18      2.79151
2012 07 25 19      2.26964
2012 07 25 20      2.72963
2012 07 25 21      17.8295
2012 07 25 22      8.19920
2012 07 25 23      3.17950
2012 07 26 00      2.80056
2012 07 26 01    0.0480110
2012 07 26 02      1.23056
2012 07 26 03      1.72520
2012 07 26 04      2.07608
2012 07 26 05      1.82170
2012 07 26 06     0.448629
2012 07 26 07    -0.632272
2012 07 26 08     0.212229
2012 07 26 09     0.170597
2012 07 26 10     0.862866
2012 07 26 11      1.79240
2012 07 26 12      2.48997
2012 07 26 13      2.05732
2012 07 26 14      1.51787
2012 07 26 15      1.77139
2012 07 26 16      1.81033
2012 07 26 17          NaN
2012 07 26 18          NaN
2012 07 26 19          NaN
2012 07 26 20          NaN
2012 07 26 21          NaN
2012 07 26 22          NaN
2012 07 26 23          NaN
2012 07 27 00          NaN
2012 07 27 01      3.63891
2012 07 27 02    -0.839214
2012 07 27 03    0.0711461
2012 07 27 04    0.0436589
2012 07 27 05    0.0241583
2012 07 27 06    -0.250343
2012 07 27 07     0.520601
2012 07 27 08     0.367438
2012 07 27 09     0.586490
2012 07 27 10     0.430527
2012 07 27 11    0.0471297
2012 07 27 12   0.00521459
2012 07 27 13    0.0211114
2012 07 27 14   0.00476010
2012 07 27 15   -0.0774895
2012 07 27 16    -0.119865
2012 07 27 17     0.117803
2012 07 27 18    0.0718396
2012 07 27 19   -0.0203380
2012 07 27 20  0.000541947
2012 07 27 21    -0.148137
2012 07 27 22    -0.169425
2012 07 27 23   -0.0191179
2012 07 28 00    0.0552030
2012 07 28 01    -0.166622
2012 07 28 02    -0.318279
2012 07 28 03     0.371360
2012 07 28 04     0.722768
2012 07 28 05      1.07630
2012 07 28 06     0.698682
2012 07 28 07      1.33832
2012 07 28 08      2.06701
2012 07 28 09     0.414538
2012 07 28 10      1.58141
2012 07 28 11      1.88544
2012 07 28 12      2.40197
2012 07 28 13      2.03764
2012 07 28 14      1.98722
2012 07 28 15      2.48387
2012 07 28 16      3.21768
2012 07 28 17     0.187908
2012 07 28 18      1.66601
2012 07 28 19      1.33053
2012 07 28 20      1.96555
2012 07 28 21      1.10869
2012 07 28 22      1.37711
2012 07 28 23      1.52301
2012 07 29 00     0.483121
2012 07 29 01    -0.111174
2012 07 29 02    0.0183432
2012 07 29 03     0.538036
2012 07 29 04    -0.401180
2012 07 29 05     0.146845
2012 07 29 06     0.120085
2012 07 29 07    0.0861611
2012 07 29 08     0.470722
2012 07 29 09      1.45407
2012 07 29 10      2.22475
2012 07 29 11      12.7084
2012 07 29 12      4.14045
2012 07 29 13     0.122748
2012 07 29 14     0.466692
2012 07 29 15    0.0729788
2012 07 29 16     0.472790
2012 07 29 17     0.534715
2012 07 29 18    -0.339843
2012 07 29 19    0.0834872
2012 07 29 20     0.107783
2012 07 29 21     0.233571
2012 07 29 22    -0.115747
2012 07 29 23    0.0639567
2012 07 30 00    -0.137354
2012 07 30 01    -0.684454
2012 07 30 02    -0.210507
2012 07 30 03   -0.0418688
2012 07 30 04    -0.113410
2012 07 30 05    0.0195716
2012 07 30 06     0.316805
2012 07 30 07     0.177301
2012 07 30 08     0.238293
2012 07 30 09     0.330301
2012 07 30 10      1.16700
2012 07 30 11     0.636944
2012 07 30 12     0.378774
2012 07 30 13    0.0913408
2012 07 30 14     0.113582
2012 07 30 15    -0.102914
2012 07 30 16   -0.0583331
2012 07 30 17    -0.160884
2012 07 30 18    0.0308910
2012 07 30 19    0.0176473
2012 07 30 20 -0.000134269
2012 07 30 21   0.00538954
2012 07 30 22   -0.0577436
2012 07 30 23   -0.0378481
2012 07 31 00    0.0376750
2012 07 31 01   -0.0540801
2012 07 31 02   -0.0218935
2012 07 31 03  -0.00102994
2012 07 31 04   0.00125333
2012 07 31 05   0.00174526
2012 07 31 06    0.0952204
2012 07 31 07  -0.00709387
2012 07 31 08   0.00144347
2012 07 31 09    0.0173437
2012 07 31 10    0.0980552
2012 07 31 11   0.00629374
2012 07 31 12   0.00522077
2012 07 31 13    0.0409565
2012 07 31 14    0.0106627
2012 07 31 15   0.00439503
2012 07 31 16    0.0156929
2012 07 31 17    0.0382655
2012 07 31 18   -0.0196396
2012 07 31 19   -0.0350298
2012 07 31 20  -0.00904342
2012 07 31 21  -0.00309333
2012 07 31 22   0.00713527
2012 07 31 23   0.00249827
2012 08 01 00  0.000482984
2012 08 01 01   0.00275861
2012 08 01 02  -0.00901075
2012 08 01 03    0.0146828
2012 08 01 04  -0.00339015
2012 08 01 05   0.00110084
2012 08 01 06   0.00731824
2012 08 01 07  -0.00246413
2012 08 01 08    0.0150103
2012 08 01 09   0.00745628
2012 08 01 10   0.00726031
2012 08 01 11     0.189911
2012 08 01 12    0.0637602
2012 08 01 13    0.0375009
2012 08 01 14   0.00485427
2012 08 01 15    0.0406507
2012 08 01 16    0.0504643
2012 08 01 17     0.137577
2012 08 01 18     0.212077
2012 08 01 19     0.578375
2012 08 01 20   -0.0262183
2012 08 01 21    0.0149243
2012 08 01 22    0.0704876
2012 08 01 23    0.0133273
2012 08 02 00    0.0480162
2012 08 02 01    -0.165100
2012 08 02 02    -0.290152
2012 08 02 03     0.152192
2012 08 02 04     0.251365
2012 08 02 05   -0.0200658
2012 08 02 06     0.268720
2012 08 02 07    0.0948635
2012 08 02 08   -0.0644322
2012 08 02 09   -0.0303710
2012 08 02 10     0.130756
2012 08 02 11     0.265424
2012 08 02 12     0.303500
2012 08 02 13     0.323180
2012 08 02 14    0.0534469
2012 08 02 15   0.00620770
2012 08 02 16    0.0292506
2012 08 02 17    0.0346870
2012 08 02 18    0.0200304
2012 08 02 19    0.0613042
2012 08 02 20   0.00546720
2012 08 02 21   0.00572152
2012 08 02 22   -0.0140144
2012 08 02 23   -0.0158997
2012 08 03 00   0.00983262
2012 08 03 01     0.232348
2012 08 03 02  -0.00329219
2012 08 03 03   0.00846377
2012 08 03 04  -0.00342277
2012 08 03 05   -0.0872394
2012 08 03 06   0.00216308
2012 08 03 07    0.0753842
2012 08 03 08    -0.196752
2012 08 03 09     0.242015
2012 08 03 10     0.550117
2012 08 03 11     0.384249
2012 08 03 12   -0.0270688
2012 08 03 13    0.0234806
2012 08 03 14 -0.000203050
2012 08 03 15    0.0201888
2012 08 03 16    0.0562154
2012 08 03 17    0.0259290
2012 08 03 18     0.333925
2012 08 03 19    0.0901606
2012 08 03 20    0.0129056
2012 08 03 21    0.0748427
2012 08 03 22     0.296654
2012 08 03 23    0.0352711
2012 08 04 00     0.159957
2012 08 04 01    -0.237224
2012 08 04 02   -0.0465256
2012 08 04 03    0.0168762
2012 08 04 04    0.0372748
2012 08 04 05  -0.00188752
2012 08 04 06   0.00373997
2012 08 04 07  -0.00523324
2012 08 04 08  0.000929239
2012 08 04 09    0.0241955
2012 08 04 10   0.00890041
2012 08 04 11   0.00871844
2012 08 04 12  -0.00812394
2012 08 04 13  0.000336331
2012 08 04 14    0.0835360
2012 08 04 15    0.0678398
2012 08 04 16   -0.0985452
2012 08 04 17    0.0644793
2012 08 04 18    0.0252293
2012 08 04 19  -0.00551548
2012 08 04 20  0.000847778
2012 08 04 21  0.000268400
2012 08 04 22 -5.47836e-05
2012 08 04 23 -0.000804216
2012 08 05 00  -0.00260162
2012 08 05 01   -0.0581198
2012 08 05 02   -0.0268993
2012 08 05 03   0.00141416
2012 08 05 04  -0.00397877
2012 08 05 05    0.0145285
2012 08 05 06     0.221279
2012 08 05 07    0.0138330
2012 08 05 08  -0.00350192
2012 08 05 09    0.0162188
2012 08 05 10     0.144044
2012 08 05 11    0.0134426
2012 08 05 12  -0.00147140
2012 08 05 13   -0.0290035
2012 08 05 14    0.0146474
2012 08 05 15   -0.0565317
2012 08 05 16   -0.0464120
2012 08 05 17   0.00853186
2012 08 05 18     0.109494
2012 08 05 19   0.00294679
2012 08 05 20   0.00736241
2012 08 05 21   0.00519000
2012 08 05 22  -0.00140219
2012 08 05 23   0.00183266
2012 08 06 00 -0.000756949
2012 08 06 01  -0.00256540
2012 08 06 02   -0.0103406
2012 08 06 03    0.0222923
2012 08 06 04  -0.00689679
2012 08 06 05  -0.00153125
2012 08 06 06    0.0878325
2012 08 06 07    0.0202576
2012 08 06 08  -0.00786295
2012 08 06 09    0.0283369
2012 08 06 10    0.0922334
2012 08 06 11    0.0645117
2012 08 06 12 -9.72854e-05
2012 08 06 13   0.00499710
2012 08 06 14   0.00463450
2012 08 06 15   -0.0782843
2012 08 06 16   -0.0830334
2012 08 06 17   0.00816130
2012 08 06 18    0.0487997
2012 08 06 19    0.0160242
2012 08 06 20    0.0386956
2012 08 06 21    0.0515115
2012 08 06 22    0.0641053
2012 08 06 23    0.0425755
2012 08 07 00   -0.0170352
2012 08 07 01    -0.149825
2012 08 07 02   -0.0787372
2012 08 07 03     0.158560
2012 08 07 04     0.144886
2012 08 07 05     0.178119
2012 08 07 06     0.250297
2012 08 07 07     0.559078
2012 08 07 08     0.463344
2012 08 07 09     0.356698
2012 08 07 10     0.188657
2012 08 07 11     0.123984
2012 08 07 12     0.159607
2012 08 07 13    0.0847556
2012 08 07 14     0.404040
2012 08 07 15     0.407757
2012 08 07 16     0.470935
2012 08 07 17      1.50458
2012 08 07 18      1.35267
2012 08 07 19     0.968662
2012 08 07 20      2.06435
2012 08 07 21      1.59729
2012 08 07 22      1.05876
2012 08 07 23      1.42501
2012 08 08 00      1.36211
2012 08 08 01     -1.63715
2012 08 08 02      1.55829
2012 08 08 03      2.11413
2012 08 08 04      1.24273
2012 08 08 05      1.35437
2012 08 08 06     0.600516
2012 08 08 07      1.85133
2012 08 08 08      1.51984
2012 08 08 09      1.24976
2012 08 08 10     0.251364
2012 08 08 11     0.435689
2012 08 08 12      1.68387
2012 08 08 13   -0.0313050
2012 08 08 14     0.300524
2012 08 08 15     0.397811
2012 08 08 16    0.0514063
2012 08 08 17    0.0488170
2012 08 08 18    0.0379059
2012 08 08 19   -0.0460655
2012 08 08 20  -0.00111131
2012 08 08 21  -0.00239928
2012 08 08 22   -0.0177898
2012 08 08 23   -0.0175914
2012 08 09 00 -0.000583699
2012 08 09 01   -0.0808845
2012 08 09 02    -0.112413
2012 08 09 03    0.0129825
2012 08 09 04    0.0173452
2012 08 09 05   0.00983522
2012 08 09 06     0.376272
2012 08 09 07    -0.122380
2012 08 09 08    -0.404475
2012 08 09 09     0.228721
2012 08 09 10     0.272012
2012 08 09 11     0.186712
2012 08 09 12   0.00956486
2012 08 09 13   -0.0134502
2012 08 09 14    0.0174937
2012 08 09 15   -0.0322970
2012 08 09 16   0.00194888
2012 08 09 17   0.00329786
2012 08 09 18  -0.00432831
2012 08 09 19   0.00332960
2012 08 09 20   0.00161456
2012 08 09 21  0.000414334
2012 08 09 22  -0.00303121
2012 08 09 23   -0.0218489
2012 08 10 00   -0.0219628
2012 08 10 01    -0.101268
2012 08 10 02   -0.0674744
2012 08 10 03    0.0290884
2012 08 10 04   0.00311654
2012 08 10 05    0.0885148
2012 08 10 06     0.257026
2012 08 10 07     0.355121
2012 08 10 08     0.866487
2012 08 10 09     0.601047
2012 08 10 10     0.936722
2012 08 10 11      1.03595
2012 08 10 12     0.321104
2012 08 10 13     0.151149
2012 08 10 14     0.324883
2012 08 10 15     0.228970
2012 08 10 16   -0.0229450
2012 08 10 17     0.137640
2012 08 10 18    0.0901290
2012 08 10 19    0.0963267
2012 08 10 20    0.0658099
2012 08 10 21  -0.00182837
2012 08 10 22   0.00648155
2012 08 10 23  0.000346988
2012 08 11 00   -0.0498725
2012 08 11 01     -1.30823
2012 08 11 02    -0.225428
2012 08 11 03    0.0246380
2012 08 11 04    0.0673939
2012 08 11 05     0.142341
2012 08 11 06     0.181105
2012 08 11 07    0.0400014
2012 08 11 08  -0.00251315
2012 08 11 09  0.000664095
2012 08 11 10    0.0471721
2012 08 11 11   0.00734927
2012 08 11 12   0.00183312
2012 08 11 13    0.0573970
2012 08 11 14    0.0378407
2012 08 11 15    0.0634581
2012 08 11 16    -0.146691
2012 08 11 17   -0.0831891
2012 08 11 18    -0.322534
2012 08 11 19    0.0377552
2012 08 11 20     0.379728
2012 08 11 21    0.0857237
2012 08 11 22    0.0961483
2012 08 11 23    0.0532759
2012 08 12 00    0.0650302
2012 08 12 01    -0.147123
2012 08 12 02    -0.511710
2012 08 12 03    -0.112127
2012 08 12 04    0.0514028
2012 08 12 05     0.214372
2012 08 12 06    0.0922559
2012 08 12 07    0.0214007
2012 08 12 08   -0.0175257
2012 08 12 09   -0.0615926
2012 08 12 10    0.0504250
2012 08 12 11     0.164488
2012 08 12 12    0.0967769
2012 08 12 13     0.207044
2012 08 12 14     0.125624
2012 08 12 15    0.0128327
2012 08 12 16   -0.0117863
2012 08 12 17    0.0780859
2012 08 12 18     0.222983
2012 08 12 19    0.0112781
2012 08 12 20  0.000518602
2012 08 12 21  7.13082e-06
2012 08 12 22  0.000544438
2012 08 12 23  -0.00499671
2012 08 13 00   -0.0281173
2012 08 13 01    0.0738548
2012 08 13 02    -0.133505
2012 08 13 03   -0.0189462
2012 08 13 04   -0.0252675
2012 08 13 05 -7.93972e-05
2012 08 13 06     0.232864
2012 08 13 07     0.617420
2012 08 13 08     0.105940
2012 08 13 09      1.04240
2012 08 13 10      1.27290
2012 08 13 11     0.273215
2012 08 13 12    0.0713450
2012 08 13 13    0.0260664
2012 08 13 14    0.0321210
2012 08 13 15    -0.135528
2012 08 13 16   -0.0931702
2012 08 13 17    -0.163142
2012 08 13 18    0.0214733
2012 08 13 19   0.00553928
2012 08 13 20  0.000254878
2012 08 13 21  0.000852322
2012 08 13 22   -0.0143023
2012 08 13 23    0.0115197
2012 08 14 00     0.160523
2012 08 14 01     0.149643
2012 08 14 02   -0.0729464
2012 08 14 03 -0.000309472
2012 08 14 04    0.0316350
2012 08 14 05     0.119205
2012 08 14 06     0.110873
2012 08 14 07     0.254758
2012 08 14 08     0.692364
2012 08 14 09      1.58157
2012 08 14 10      1.32611
2012 08 14 11      1.56166
2012 08 14 12     0.607271
2012 08 14 13     0.441349
2012 08 14 14     0.344694
2012 08 14 15     0.268590
2012 08 14 16     0.443737
2012 08 14 17     0.886727
2012 08 14 18     0.417710
2012 08 14 19    0.0307584
2012 08 14 20     0.366463
2012 08 14 21     0.483634
2012 08 14 22     0.562803
2012 08 14 23     0.810403
2012 08 15 00     0.315452
2012 08 15 01     0.263449
2012 08 15 02     0.280662
2012 08 15 03     0.747229
2012 08 15 04     0.257522
2012 08 15 05     0.144457
2012 08 15 06    0.0216210
2012 08 15 07     0.190966
2012 08 15 08   -0.0264301
2012 08 15 09  -0.00698940
2012 08 15 10    0.0188843
2012 08 15 11    0.0357009
2012 08 15 12     0.125450
2012 08 15 13     0.343216
2012 08 15 14     0.183663
2012 08 15 15   -0.0954945
2012 08 15 16    -0.301400
2012 08 15 17    0.0965853
2012 08 15 18  -0.00758864
2012 08 15 19 -0.000344035
2012 08 15 20  0.000138242
2012 08 15 21   0.00692006
2012 08 15 22   0.00792244
2012 08 15 23   -0.0242613
2012 08 16 00     0.137746
2012 08 16 01    0.0452209
2012 08 16 02    0.0352086
2012 08 16 03     0.106329
2012 08 16 04    0.0179371
2012 08 16 05    0.0187232
2012 08 16 06    0.0708922
2012 08 16 07     0.152216
2012 08 16 08     0.354948
2012 08 16 09     0.167823
2012 08 16 10     0.832255
2012 08 16 11     0.583265
2012 08 16 12     0.105570
2012 08 16 13     0.195385
2012 08 16 14   -0.0130008
2012 08 16 15    0.0341165
2012 08 16 16   -0.0142031
2012 08 16 17     0.431231
2012 08 16 18     0.464115
2012 08 16 19      1.30699
2012 08 16 20     0.637906
2012 08 16 21      1.06633
2012 08 16 22      1.18058
2012 08 16 23      1.34327
2012 08 17 00      1.28237
2012 08 17 01     0.917725
2012 08 17 02     0.278677
2012 08 17 03      1.65748
2012 08 17 04      1.12959
2012 08 17 05      1.26021
2012 08 17 06      1.14597
2012 08 17 07      1.88166
2012 08 17 08      2.87376
2012 08 17 09      2.32523
2012 08 17 10      1.88857
2012 08 17 11      1.67174
2012 08 17 12     0.906175
2012 08 17 13      2.13023
2012 08 17 14      3.44295
2012 08 17 15      2.31937
2012 08 17 16      4.34152
2012 08 17 17      16.2577
2012 08 17 18      10.0098
2012 08 17 19      4.38020
2012 08 17 20      2.60776
2012 08 17 21      2.17729
2012 08 17 22     -7.92834
2012 08 17 23     -7.00739
2012 08 18 00     -1.27274
2012 08 18 01    -0.883435
2012 08 18 02     0.418807
2012 08 18 03      1.19514
2012 08 18 04      1.48056
2012 08 18 05      1.46939
2012 08 18 06      1.27430
2012 08 18 07     0.603937
2012 08 18 08     0.531651
2012 08 18 09     0.434857
2012 08 18 10    0.0556454
2012 08 18 11     0.473888
2012 08 18 12     0.106735
2012 08 18 13    0.0267864
2012 08 18 14    0.0423940
2012 08 18 15     0.123477
2012 08 18 16    0.0818190
2012 08 18 17     0.104763
2012 08 18 18     0.116558
2012 08 18 19    0.0821162
2012 08 18 20    0.0308797
2012 08 18 21    0.0721983
2012 08 18 22   -0.0437675
2012 08 18 23    0.0108671
2012 08 19 00 -0.000116055
2012 08 19 01    -0.188230
2012 08 19 02   -0.0649343
2012 08 19 03  -0.00510706
2012 08 19 04   0.00643369
2012 08 19 05   -0.0903973
2012 08 19 06    0.0692655
2012 08 19 07     0.351826
2012 08 19 08     0.209871
2012 08 19 09     0.194842
2012 08 19 10     0.309345
2012 08 19 11     0.311070
2012 08 19 12   -0.0255513
2012 08 19 13   0.00254866
2012 08 19 14    0.0101913
2012 08 19 15  -0.00195947
2012 08 19 16   -0.0635179
2012 08 19 17   -0.0273301
2012 08 19 18    0.0195318
2012 08 19 19   0.00863797
2012 08 19 20   0.00104629
2012 08 19 21    0.0638638
2012 08 19 22    0.0306418
2012 08 19 23     0.308967
2012 08 20 00     0.132993
2012 08 20 01    -0.223661
2012 08 20 02    -0.360474
2012 08 20 03     0.296608
2012 08 20 04     0.357188
2012 08 20 05     0.619734
2012 08 20 06     0.166675
2012 08 20 07     0.957497
2012 08 20 08     0.738658
2012 08 20 09     0.962817
2012 08 20 10      1.75088
2012 08 20 11      1.50540
2012 08 20 12     0.561837
2012 08 20 13     0.581347
2012 08 20 14     0.971711
2012 08 20 15     0.565854
2012 08 20 16     0.100409
2012 08 20 17     0.103940
2012 08 20 18    0.0782970
2012 08 20 19    -0.132148
2012 08 20 20    -0.113446
2012 08 20 21    0.0918731
2012 08 20 22     0.110419
2012 08 20 23    0.0760772
2012 08 21 00    0.0827672
2012 08 21 01   -0.0122086
2012 08 21 02    -0.122940
2012 08 21 03 -0.000794160
2012 08 21 04  -0.00519858
2012 08 21 05    0.0161356
2012 08 21 06  -0.00620849
2012 08 21 07  -0.00135304
2012 08 21 08    0.0311542
2012 08 21 09   0.00133289
2012 08 21 10    0.0466334
2012 08 21 11    0.0367256
2012 08 21 12   0.00673670
2012 08 21 13   0.00905574
2012 08 21 14 -0.000486933
2012 08 21 15   -0.0160731
2012 08 21 16   -0.0871236
2012 08 21 17   -0.0174160
2012 08 21 18    -0.187470
2012 08 21 19   -0.0298382
2012 08 21 20    -0.456840
2012 08 21 21   -0.0429782
2012 08 21 22    0.0122748
2012 08 21 23     0.398594
2012 08 22 00    0.0592532
2012 08 22 01   -0.0426588
2012 08 22 02     -1.02235
2012 08 22 03    -0.638491
2012 08 22 04   -0.0776217
2012 08 22 05     0.182330
2012 08 22 06     0.451604
2012 08 22 07      1.30095
2012 08 22 08      2.10488
2012 08 22 09      1.50072
2012 08 22 10      1.02478
2012 08 22 11     0.343128
2012 08 22 12     0.177148
2012 08 22 13     0.133892
2012 08 22 14    0.0210627
2012 08 22 15   0.00519353
2012 08 22 16   -0.0973094
2012 08 22 17  -0.00807357
2012 08 22 18   -0.0649323
2012 08 22 19    0.0161155
2012 08 22 20     0.102176
2012 08 22 21   -0.0629849
2012 08 22 22    0.0819317
2012 08 22 23    0.0723828
2012 08 23 00     0.156709
2012 08 23 01     0.158182
2012 08 23 02    -0.199671
2012 08 23 03     0.416125
2012 08 23 04     0.969973
2012 08 23 05     0.771400
2012 08 23 06     0.287715
2012 08 23 07     0.776181
2012 08 23 08     0.864416
2012 08 23 09      1.51027
2012 08 23 10      1.47888
2012 08 23 11      1.16895
2012 08 23 12     0.934716
2012 08 23 13     0.929990
2012 08 23 14      1.18906
2012 08 23 15     0.651225
2012 08 23 16     0.513392
2012 08 23 17     0.997158
2012 08 23 18      2.76546
2012 08 23 19      1.61172
2012 08 23 20      2.36267
2012 08 23 21      2.19579
2012 08 23 22      1.73593
2012 08 23 23      1.35598
2012 08 24 00      1.73907
2012 08 24 01      1.25496
2012 08 24 02     0.100044
2012 08 24 03      1.57845
2012 08 24 04      2.41260
2012 08 24 05      2.08921
2012 08 24 06          NaN
2012 08 24 07      3.24310
2012 08 24 08   -0.0228787
2012 08 24 09     0.276249
2012 08 24 10      1.51618
2012 08 24 11      1.51622
2012 08 24 12      1.50818
2012 08 24 13     0.914200
2012 08 24 14     0.958846
2012 08 24 15      1.42313
2012 08 24 16     0.676098
2012 08 24 17     0.900593
2012 08 24 18      2.40093
2012 08 24 19      4.40111
2012 08 24 20   -0.0346791
2012 08 24 21     0.184924
2012 08 24 22      1.01756
2012 08 24 23      1.50990
2012 08 25 00      1.44296
2012 08 25 01      1.11082
2012 08 25 02     0.657185
2012 08 25 03      1.53545
2012 08 25 04      2.36112
2012 08 25 05      2.13511
2012 08 25 06      1.07465
2012 08 25 07      1.58408
2012 08 25 08      2.72028
2012 08 25 09      1.44714
2012 08 25 10      1.47436
2012 08 25 11     0.715705
2012 08 25 12     0.499176
2012 08 25 13     0.539964
2012 08 25 14     0.418501
2012 08 25 15     0.396763
2012 08 25 16      1.65222
2012 08 25 17      6.88195
2012 08 25 18      3.84885
2012 08 25 19      1.71795
2012 08 25 20      1.28057
2012 08 25 21    -0.861928
2012 08 25 22     -3.47873
2012 08 25 23   -0.0746438
2012 08 26 00    0.0430877
2012 08 26 01   -0.0673389
2012 08 26 02     0.319389
2012 08 26 03     0.593350
2012 08 26 04     0.359885
2012 08 26 05     0.560795
2012 08 26 06      1.05099
2012 08 26 07     0.414440
2012 08 26 08    -0.243487
2012 08 26 09     0.206655
2012 08 26 10     0.238480
2012 08 26 11     0.235281
2012 08 26 12    0.0946838
2012 08 26 13     0.334416
2012 08 26 14      1.81581
2012 08 26 15      3.04696
2012 08 26 16      2.43557
2012 08 26 17     -2.26428
2012 08 26 18     -5.15569
2012 08 26 19    -0.102264
2012 08 26 20     0.345730
2012 08 26 21     0.497222
2012 08 26 22     0.966054
2012 08 26 23     0.797557
2012 08 27 00     0.819510
2012 08 27 01     0.154723
2012 08 27 02     0.454299
2012 08 27 03      1.22272
2012 08 27 04      1.21747
2012 08 27 05      1.02154
2012 08 27 06     0.939906
2012 08 27 07     0.505261
2012 08 27 08      1.44317
2012 08 27 09      1.67589
2012 08 27 10      1.61979
2012 08 27 11      1.60764
2012 08 27 12      8.80911
2012 08 27 13      7.70602
2012 08 27 14      9.75972
2012 08 27 15      4.70709
2012 08 27 16      2.11964
2012 08 27 17     -5.72361
2012 08 27 18     -11.6045
2012 08 27 19     -1.70276
2012 08 27 20    -0.625200
2012 08 27 21    -0.333852
2012 08 27 22    0.0643066
2012 08 27 23   -0.0525544
2012 08 28 00     0.410770
2012 08 28 01     0.153021
2012 08 28 02     0.186745
2012 08 28 03      1.00189
2012 08 28 04     0.269842
2012 08 28 05     0.313975
2012 08 28 06     0.117275
2012 08 28 07    0.0750549
2012 08 28 08    0.0140148
2012 08 28 09   0.00158317
2012 08 28 10    0.0114453
2012 08 28 11    0.0453762
2012 08 28 12    0.0315502
2012 08 28 13     0.243579
2012 08 28 14     0.560345
2012 08 28 15          NaN
2012 08 28 16          NaN
2012 08 28 17          NaN
2012 08 28 18          NaN
2012 08 28 19          NaN
2012 08 28 20          NaN
2012 08 28 21          NaN
2012 08 28 22          NaN
2012 08 28 23          NaN
2012 08 29 00          NaN
2012 08 29 01          NaN
2012 08 29 02          NaN
2012 08 29 03          NaN
2012 08 29 04          NaN
2012 08 29 05          NaN
2012 08 29 06          NaN
2012 08 29 07          NaN
2012 08 29 08          NaN
2012 08 29 09          NaN
2012 08 29 10          NaN
2012 08 29 11          NaN
2012 08 29 12          NaN
2012 08 29 13          NaN
2012 08 29 14          NaN
2012 08 29 15          NaN
2012 08 29 16          NaN
2012 08 29 17          NaN
2012 08 29 18          NaN
2012 08 29 19          NaN
2012 08 29 20          NaN
2012 08 29 21          NaN
2012 08 29 22          NaN
2012 08 29 23          NaN
2012 08 30 00          NaN
2012 08 30 01          NaN
2012 08 30 02          NaN
2012 08 30 03          NaN
2012 08 30 04          NaN
2012 08 30 05          NaN
2012 08 30 06          NaN
2012 08 30 07          NaN
2012 08 30 08          NaN
2012 08 30 09          NaN
2012 08 30 10          NaN
2012 08 30 11          NaN
2012 08 30 12          NaN
2012 08 30 13          NaN
2012 08 30 14          NaN
2012 08 30 15          NaN
2012 08 30 16          NaN
2012 08 30 17          NaN
2012 08 30 18          NaN
2012 08 30 19          NaN
2012 08 30 20          NaN
2012 08 30 21          NaN
2012 08 30 22          NaN
2012 08 30 23          NaN
2012 08 31 00          NaN
2012 08 31 01          NaN
2012 08 31 02          NaN
2012 08 31 03          NaN
2012 08 31 04          NaN
2012 08 31 05          NaN
2012 08 31 06          NaN
2012 08 31 07          NaN
2012 08 31 08          NaN
2012 08 31 09          NaN
2012 08 31 10          NaN
2012 08 31 11          NaN
2012 08 31 12          NaN
2012 08 31 13          NaN
2012 08 31 14          NaN
2012 08 31 15          NaN
2012 08 31 16          NaN
2012 08 31 17          NaN
2012 08 31 18          NaN
2012 08 31 19          NaN
2012 08 31 20          NaN
2012 08 31 21          NaN
2012 08 31 22          NaN
2012 08 31 23          NaN
2012 09 01 00          NaN
